/*
SQLyog Ultimate v10.42 
MySQL - 5.7.11 : Database - amazing_bali
*********************************************************************
*/

/*!40101 SET NAMES utf8 */;

/*!40101 SET SQL_MODE=''*/;

/*!40014 SET @OLD_UNIQUE_CHECKS=@@UNIQUE_CHECKS, UNIQUE_CHECKS=0 */;
/*!40014 SET @OLD_FOREIGN_KEY_CHECKS=@@FOREIGN_KEY_CHECKS, FOREIGN_KEY_CHECKS=0 */;
/*!40101 SET @OLD_SQL_MODE=@@SQL_MODE, SQL_MODE='NO_AUTO_VALUE_ON_ZERO' */;
/*!40111 SET @OLD_SQL_NOTES=@@SQL_NOTES, SQL_NOTES=0 */;
/*Table structure for table `articles` */

DROP TABLE IF EXISTS `articles`;

CREATE TABLE `articles` (
  `id` int(11) NOT NULL AUTO_INCREMENT,
  `meta_title` varchar(255) DEFAULT NULL COMMENT 'meta_title',
  `meta_keywords` varchar(255) DEFAULT NULL COMMENT 'meta_keywords',
  `meta_description` varchar(255) DEFAULT NULL COMMENT 'meta_description',
  `data` text COMMENT 'Содержимое',
  `date` date DEFAULT NULL COMMENT 'Дата',
  `title` varchar(255) DEFAULT NULL COMMENT 'Заголовок',
  `status_id` tinyint(1) DEFAULT NULL COMMENT 'Статус',
  `prev_text` text COMMENT 'Текст предпросмотра',
  `slug` varchar(255) DEFAULT NULL COMMENT 'Адрес',
  PRIMARY KEY (`id`),
  KEY `status_id` (`status_id`)
) ENGINE=InnoDB AUTO_INCREMENT=155 DEFAULT CHARSET=utf8;

/*Data for the table `articles` */

insert  into `articles`(`id`,`meta_title`,`meta_keywords`,`meta_description`,`data`,`date`,`title`,`status_id`,`prev_text`,`slug`) values (1,'','','','','2012-07-24','Это тестовая статья',1,'<div id=\"lipsum\"> <p>Lorem ipsum dolor sit amet, consectetur adipiscing elit. Vestibulum et ligula turpis, sed elementum quam. Integer luctus laoreet commodo. Nam vehicula nulla massa. Vivamus eleifend egestas purus sit amet suscipit. Vivamus pharetra neque nec odio luctus ac dignissim ligula dictum. Cras a nunc purus, ut suscipit justo. Sed suscipit libero a augue iaculis in tristique magna varius. Fusce in viverra nibh. Praesent et eros id ligula laoreet vestibulum. Suspendisse vitae nulla et nibh mollis laoreet et auctor libero. Quisque venenatis euismod augue, vel condimentum erat cursus in. In porttitor tortor at tortor lacinia vulputate.</p> <p>Phasellus nisi lorem, faucibus sit amet pulvinar id, sodales ut ligula. Maecenas mollis porta justo, a congue nisl tincidunt ac. Ut hendrerit, lacus a sollicitudin pulvinar, diam lacus gravida lorem, et dictum metus dolor non nunc. Nulla semper diam vitae libero laoreet in pellentesque dui luctus. Vivamus dui enim, tristique vel ultrices eu, auctor et lacus. Pellentesque ut felis sit amet turpis rhoncus porta vitae nec sapien. Vivamus commodo laoreet blandit. Nullam lectus magna, vehicula vitae imperdiet a, molestie a nunc. Vestibulum et justo feugiat nunc tristique tincidunt ac a dui. Phasellus nec metus ante. Vivamus vel mi non nulla ornare rutrum. Quisque hendrerit sem et nisi pharetra in vestibulum mauris egestas. In hac habitasse platea dictumst.</p> <p>Maecenas porttitor, felis at scelerisque gravida, sem ligula sollicitudin dui, nec pretium ante erat nec nisl. Mauris orci dui, malesuada nec interdum condimentum, convallis eu ante. Curabitur commodo iaculis nibh. Phasellus quis lorem vitae nisi interdum pulvinar vitae a urna. Vestibulum ante ipsum primis in faucibus orci luctus et ultrices posuere cubilia Curae; Nunc tempor suscipit erat, eu tincidunt nibh rhoncus ut. Sed neque turpis, dapibus vitae vestibulum ac, varius quis tellus. Donec at eros et eros fringilla malesuada sit amet lobortis odio. Mauris at ante at enim ullamcorper ullamcorper et eu dolor.</p> <p>Cras porta, nunc in posuere varius, nulla sem bibendum justo, quis lacinia libero quam ac elit. Pellentesque habitant morbi tristique senectus et netus et malesuada fames ac turpis egestas. Cum sociis natoque penatibus et magnis dis parturient montes, nascetur ridiculus mus. Praesent vel rhoncus mi. Fusce consequat, tortor ut fringilla bibendum, nisi tellus feugiat sapien, sed vestibulum nunc justo vitae dolor. Sed vestibulum urna sed ante accumsan eget gravida elit pellentesque. Ut id velit libero.</p> <p>Vestibulum quis auctor sem. Duis ullamcorper, urna et adipiscing lobortis, lorem nisi consequat dui, at elementum sapien sapien et velit. Pellentesque consectetur, orci eget aliquet convallis, nibh tortor rutrum velit, scelerisque mattis dui neque at elit. Nam euismod tincidunt massa, id mattis erat feugiat sed. Sed fringilla mattis facilisis. Vestibulum non turpis lacus. Maecenas dolor velit, faucibus at lacinia eget, placerat lobortis lorem. Sed ac quam at est sodales rutrum</p> </div>','eto-testovaya-statya'),(2,'','','','','2013-05-31','г. Нижний Новгород',1,'<p>ООО «Лифтмонтаж»<br /><span style=\"color: #616060;\">Тел./Факс:</span> +7(831) 413-72-71, +7(929) 049-49-99<br /><span style=\"color: #616060;\">web:</span><a href=\"http://www.лифтмонтаж-нн.рф\">www.лифтмонтаж-нн.рф</a><br /><span style=\"color: #616060;\">E-mail:</span><a href=\"mailto:liftnn@bk.ru\">liftnn@bk.ru</a> </p>','g-nizhnij-novgorod'),(3,'','','','','2013-05-31','г. Тюмень',1,'<p>ООО «ТрейдЛифт»<br /><span style=\"color: #616060;\">Тел./Факс:</span> +7 (3452) 45-72-71, 45-60-03<br /><span style=\"color: #616060;\">web:</span><a href=\"http://www.lift72.ru\">www.lift72.ru</a><br /><span style=\"color: #616060;\">E-mail:</span><a href=\"mailto:lift72@gmail.ru\">lift72@gmail.com</a></p>','g-tyumen'),(6,'','','','','2013-07-03','Главная',1,'<table class=\"home-table\" border=\"0\"> <tbody> <tr> <td>&nbsp;</td> <td> <p>Наша компания осуществляет сервисное обслуживание лифтов и подъемников, а так же поставляет и монтирует:</p> <ul style=\"color: #000000; font-family: Verdana, Arial, Helvetica, sans-serif; font-size: 11px; list-style-type: circle;\"> <li><a href=\"liftovoe-oborudovanie\">Лифтовое оборудование</a>&nbsp; &nbsp; &nbsp; &nbsp;</li> <li><a href=\"passazhirskie-podemniki\">Пассажирские подъемники</a></li> <li><a href=\"podemnye-stoly\">Подъемные столы</a></li> <li><a href=\"podemniki-dlya-invalidov\">Подъемники для инвалидов</a></li> <li><a href=\"servisnye-lifty\">Сервисные или малые грузовые лифты</a></li> <li><a href=\"eskalatornoe-oborudovanie\">Эскалаторное оборудование</a></li> <li><a href=\"machtovye-podemniki\">Мачтовые подъемники</a></li> <li><a href=\"avtomobilnye-podemniki\">Автомобильные подъемники</a></li> <li><a href=\"pandusy\">Пандусы</a></li> </ul> <p><span style=\"line-height: 1.3em;\">Мы оказываем полный спектр услуг по установке и организации работы&nbsp;подъемно-транспортного оборудования у Вас на объекте: проектные работы, поставка оборудования на объект, монтаж и последующее техническое обслуживание, диспетчеризация, замена,ремонт лифтов в Москве и регионах, модернизация лифтов, а также участие в сдаче объекта в эксплуатацию!</span></p> <p style=\"text-align: justify;\">Высокое качество оборудования, монтажных работ и сервиса, а также богатый опыт наших специалистов в области подъемного транспорта позволяет обеспечить долгую и бесперебойную работу всего спектра предлагаемых нами подъемных устройств!</p> <p style=\"text-align: justify;\">Теперь мы рады предложить вам вертикальный подъемник для инвалидов нашего собственного производства - <a href=\"podemniki-dlya-invalidov/vertikalnaya-platforma-q-lift\">Q-lift,</a> с грузоподъемностью до 300 кг и с высотой подъема до 1800 мм. На видео представлен отзыв Наталии Лагутиной, протестировавшей<a href=\"podemniki-dlya-invalidov/vertikalnaya-platforma-q-lift\"> инвалидный подъемник.</a></p> <p style=\"text-align: justify;\">Если Вас интересует поставка лифтов, наши специалисты с удовольствием проконсультируют Вас по любым вопросам, связанным с вертикальным транспортом, предоставят необходимую техническую информацию и помогут внести все необходимые данные в проект!</p> <p>&nbsp;<strong>С НАМИ ВЫ ВСЕГДА НА ПОДЪЕМЕ! &nbsp; &nbsp; &nbsp; &nbsp;</strong></p> <p><strong></strong><strong style=\"text-align: justify;\">&nbsp;Коллектив компании&nbsp;</strong><strong style=\"text-align: justify;\">КРЕАТИВ-МАСТЕР</strong></p> </td> </tr> </tbody> </table>','glavnaya'),(7,'','','',' <p><strong>Весеннее предложение* на 2 модели наклонных подъемников для инвалидов:</strong></p> <p><strong>&nbsp;</strong></p> <ul> <li>Платформа для прямой лестницы с одним лестничным пролетом, без поворотов на этаж -<a href=\"podemniki-dlya-invalidov/lestnichnyiy-podnneemnik-v64\" target=\"_blank\"> Vimec V64</a></li> <li>Платформа для лестницы с поворотами или перепадми уровня - <a href=\"podemniki-dlya-invalidov/lestnichnyiy-podnneemnik-v65\" target=\"_blank\">Vimec V65</a></li> </ul> <p>&nbsp;</p> <p><span style=\"color: #000000;\"><em>* Предложение ограничено по времени. Цена действительна при подписании договора до 30 апреля 2017 г.</em></span></p> <p>Получите ваше специальное ценовое предложение со скидкой у менеджера, по телефону: +7 (499) 647-41-40 или оставляйте ваши заявки на <a href=\"mailto:info@platform-master.ru\">info@platform-master.ru</a>&nbsp;с пометкой в письме \"Акция на наклонный подъемник\".</p> <p>&nbsp;</p> <p>&nbsp;</p> <p>&nbsp;</p> <p>&nbsp;</p> <p>&nbsp;</p> <p>&nbsp;</p>','2016-09-16','Весенние скидки!',1,'<p>Наклонная платформа для инвалидов по сниженным ценам!</p> ','spring-sale'),(8,'','','',' <p>&nbsp;</p> <p><iframe frameborder=\"0\" width=\"528\" height=\"396\" src=\"http://videomore.ru/embed/387634?skin_id=88\" allowfullscreen=\"true\"></iframe></p>','2016-07-05','Кризисный менеджмент. Выбор подъемника',1,'<p>Передача&nbsp;\"Кризисный менеджер\" тестирует инвалидный подъемник у нас в офисе.</p> ','krizisnyj-menedzhment-vybor-pod-emnika'),(9,'','','',' <p style=\"text-align: justify;\">В Новом году желаем Вам успехов во всех Ваших начинаниях, здоровья и хорошего настроения! Со своей стороны мы постараемся сделать все возможное, чтобы от работы с нами у Вас оставались только приятные впечатления!</p> <p><a href=\"joomplu:893 type=img\"><img src=\"http://platform-master.ru/index.php?option=com_joomgallery&amp;view=image&amp;format=raw&amp;id=893&amp;type=thumb\" class=\"jg_photo\" alt=\"joomplu:893\" style=\"display: block; margin-left: auto; margin-right: auto;\" /></a></p> <p style=\"text-align: justify;\">&nbsp;</p> <p style=\"text-align: justify;\">&nbsp;</p> <p>С уважением,<br data-mce-bogus=\"1\" />Коллектив ООО \"КРЕАТИВ-МАСТЕР\"</p>','2014-12-23','С Новым Годом и Рождеством!',1,'<p>Поздравляем Вас с Наступающим Новым Годом и Рождеством!</p> ','s-novym-godom-i-rozhdestvom'),(10,'','','','','2013-07-04','О компании',1,'<p><strong>Более 10 лет мы поставляем, монтируем и обслуживаем:</strong></p> <ul class=\"arr\" style=\"margin-left: 165px;\"> <li><a href=\"liftovoe-oborudovanie\">Лифтовое оборудование</a></li> <li><a href=\"passazhirskie-podemniki\">Пассажирские подъемники</a></li> <li><a href=\"podemnye-stoly\">Подъемные столы</a></li> <li><a href=\"podemniki-dlya-invalidov\">Подъемники для инвалидов</a></li> <li><a href=\"servisnye-lifty\">Сервисные или малые грузовые лифты</a></li> <li><a href=\"eskalatornoe-oborudovanie\">Эскалаторное оборудование</a></li> <li><a href=\"machtovye-podemniki\">Мачтовые подъемники</a></li> <li><a href=\"avtomobilnye-podemniki\">Автомобильные подъемники</a></li> </ul> <p align=\"justify\">Высокое качество оборудования, монтажных работ и сервиса, а так же богатый опыт наших специалистов в области подъемного транспорта позволяет обеспечить долгую и бесперебойную работу всего спектра предлагаемых нами подъемных устройств!</p> <div align=\"justify\">Специалисты с удовольствием проконсультируют Вас по любым вопросам, связанным с вертикальным транспортом, предоставят необходимую техническую информацию и помогут внести все необходимые данные в проект!</div> <div align=\"justify\">&nbsp;</div> <div align=\"justify\">&nbsp;</div> <h2 align=\"justify\" style=\"text-align: left;\"><strong>&nbsp; &nbsp; <span style=\"color: #800000;\">&nbsp; &nbsp; СМИ о нас:&nbsp;</span></strong></h2> <div align=\"justify\"><strong>&nbsp;</strong></div> <h2 align=\"justify\" style=\"text-align: center;\"><strong>Издание LIFT Pages-&nbsp;</strong>Инвалидные подъемники - свобода передвижения для всех.</h2> <p><strong>&nbsp;<a href=\"joomplu:935 type=img\"><img src=\"http://platform-master.ru/index.php?option=com_joomgallery&amp;view=image&amp;format=raw&amp;id=935&amp;type=thumb\" class=\"jg_photo\" alt=\"joomplu:935\" width=\"136\" height=\"239\" style=\"margin-left: 19px; border: 2px solid #000000;\" /></a></strong><strong style=\"font-family: Arial, Helvetica, sans-serif; font-size: 14px; text-align: center; line-height: 1.3em;\">&nbsp;</strong></p> <h2 align=\"justify\" style=\"text-align: center;\"><strong>&nbsp;</strong></h2> <h2 align=\"justify\" style=\"text-align: center;\"><strong>Журнал о дизайне и интерьерах для частных жилых домов и квартир \"Роскошный Дом\"</strong></h2> <p><strong>&nbsp;</strong></p> <div align=\"justify\"><strong> <table style=\"width: 596px; height: 437px;\"> <tbody> <tr> <td><a href=\"joomplu:913 type=img\"><img src=\"http://platform-master.ru/index.php?option=com_joomgallery&amp;view=image&amp;format=raw&amp;id=913&amp;type=thumb\" class=\"jg_photo\" alt=\"joomplu:913\" width=\"136\" height=\"202\" style=\"display: block; margin-left: auto; margin-right: auto; margin-bottom: 10px; border: 2px ridge #000000;\" /></a></td> <td><a href=\"joomplu:914 type=img\"><img src=\"http://platform-master.ru/index.php?option=com_joomgallery&amp;view=image&amp;format=raw&amp;id=914&amp;type=thumb\" class=\"jg_photo\" alt=\"joomplu:914\" width=\"145\" height=\"202\" style=\"display: block; margin-left: auto; margin-right: auto; margin-bottom: 10px; border: 2px ridge #000000; vertical-align: middle;\" /></a></td> <td><a href=\"joomplu:915 type=img\"><img src=\"http://platform-master.ru/index.php?option=com_joomgallery&amp;view=image&amp;format=raw&amp;id=915&amp;type=thumb\" class=\"jg_photo\" alt=\"joomplu:915\" width=\"136\" height=\"202\" style=\"display: block; margin-left: auto; margin-right: auto; margin-bottom: 10px; border: 2px ridge #000000; vertical-align: middle;\" /></a></td> </tr> <tr> <td><a href=\"joomplu:916 type=img\"><img src=\"http://platform-master.ru/index.php?option=com_joomgallery&amp;view=image&amp;format=raw&amp;id=916&amp;type=thumb\" class=\"jg_photo\" alt=\"joomplu:916\" width=\"136\" height=\"195\" style=\"margin-bottom: 10px; display: block; margin-left: auto; margin-right: auto; border: 2px ridge #000000; vertical-align: middle;\" /></a></td> <td><a href=\"joomplu:917 type=img\"><img src=\"http://platform-master.ru/index.php?option=com_joomgallery&amp;view=image&amp;format=raw&amp;id=917&amp;type=thumb\" class=\"jg_photo\" alt=\"joomplu:917\" width=\"133\" height=\"195\" style=\"margin-bottom: 10px; display: block; margin-left: auto; margin-right: auto; border: 2px ridge #000000; vertical-align: middle;\" /></a></td> <td><a href=\"joomplu:918 type=img\"><img src=\"http://platform-master.ru/index.php?option=com_joomgallery&amp;view=image&amp;format=raw&amp;id=918&amp;type=thumb\" class=\"jg_photo\" alt=\"joomplu:918\" width=\"133\" height=\"195\" style=\"display: block; margin-left: auto; margin-right: auto; margin-bottom: 10px; border: 2px ridge #000000; vertical-align: middle;\" /></a></td> </tr> </tbody> </table> <p><strong>&nbsp;</strong></p> </strong></div> <p>&nbsp;</p> <table border=\"0\"> <tbody> <tr> <td><img src=\"images/liftexpo.gif\" border=\"0\" alt=\"liftexpo\" width=\"260\" height=\"100\" style=\"margin: 5px 5px 5px 2px; float: left;\" /></td> <td><strong>Спасибо, что посетили наш стенд</strong> на международной выставке \"Лифт Экспо\" с 6 по 8 июня 2013 года!</td> </tr> <tr> <td><a href=\"http://www.rehamoscow.ru/\" target=\"_blank\" title=\"Реабилитация. Доступная среда\"><img src=\"images/bunner_reha_100x100.gif\" border=\"0\" alt=\"bunner reha 100x100\" width=\"100\" height=\"100\" style=\"margin: 5px 5px 5px 2px; float: left;\" /></a></td> <td><strong>Спасибо всем, кто посетил наш стенд 17-19 мая</strong> на выставке <a href=\"http://www.rehamoscow.ru/\" target=\"_self\"><strong>Реабилитация. Доступная среда</strong></a> в <strong>Эспоцентре \"СОКОЛЬНИКИ\"</strong></td> </tr> <tr> <td><a href=\"http://weg.ru/\" target=\"_blank\" title=\"\"><img src=\"images/weg.JPG\" border=\"0\" alt=\"weg\" width=\"177\" height=\"148\" style=\"margin: 2px 5px 2px 2px; float: left;\" /></a></td> <td><strong>Спасибо, что посетили наш стенд на 2-й Международной архитектурно-строительной выставке</strong><a href=\"http://weg.ru/\" title=\"\"><strong>«КРАСИВЫЕ ДОМА»</strong></a><strong>26–29 октября 2011 г.</strong> Вниманию посетителей были представлены реализованные объекты и проектные работы, новинки и тенденции в архитектуре, интерьере, технологиях, ландшафтном дизайне.<br /> Выставка проходила в МВЦ «КРОКУС ЭКСПО», павильон № 2, зал № 8 <strong>Наш стенд: А 58-1 </strong></td> </tr> <tr> <td><a href=\"http://integration.ru/\" target=\"_blank\" title=\"Integration\"><img src=\"images/Integration_logo.jpg\" border=\"0\" alt=\"Integration logo\" width=\"133\" height=\"118\" style=\"margin: 2px 5px 2px 2px; float: left;\" /></a></td> <td><strong>Спасибо что посетили наш стенд на выставке <a href=\"http://integration.ru/\">ИНТЕГРАЦИЯ 2011</a></strong><br /><strong>Которая проходила в Экспоцентре на Красной Пресне с 30 июня по 03 июля 2011г., павильон \"Форум\". стенд: А-37</strong></td> </tr> </tbody> </table> <p><br /><br /></p> <div id=\"widget4\">         </div> <br /> <p><strong>С НАМИ ВЫ ВСЕГДА НА ПОДЪЕМЕ!</strong></p> <p>С уважением,</p> <p>Коллектив компании<br /><strong>ООО \"КРЕАТИВ-МАСТЕР\"</strong><br />ИНН: &nbsp;7734548315 <br />ОГРН: 5067746029247</p> <div id=\"dc_vk_code\" style=\"display: none;\">&nbsp;</div>','o-kompanii'),(11,'','','','','2013-07-05','Оборудование',1,'<p><strong>Выберите интересующее Вас подъемное оборудование из списка ниже!</strong> </p> <ul>  <li><a href=\"/liftovoe-oborudovanie\">Лифтовое оборудование</a></li>  <li><a href=\"passazhirskie-podemniki\">Пассажирские подъемники</a></li>  <li><a href=\"/podemniki-dlya-invalidov\">Подъемники для инвалидов</a></li>  <li><a href=\"podemnye-stoly\">Подъемные столы</a></li>  <li><a href=\"/servisnye-lifty\">Сервисные лифты</a></li>  <li><a href=\"/eskalatornoe-oborudovanie\">Эскалаторное оборудование</a></li>  <li><a href=\"machtovye-podemniki\">Мачтовые подъемники</a></li>  <li><a href=\"avtomobilnye-podemniki\">Автомобильные подъемники</a></li>  <li><a href=\"pandusy\">Пандусы</a></li> </ul> <p>За более подробной информацией об оборудовании, технических решениях, чертежах и нагрузках на строительную часть от подъемной системы, мы рекомендуем&nbsp; обращаться к нашим специалистам по телефону <strong>+7 (499) 394-29-45</strong> или e-mail: <a href=\"mailto:info@platform-master.ru\">info@platform-master.ru</a>. Наши специалисты готовы выехать на место монтажа, произвести необходимые замеры и проконсультировать Вас&nbsp; по всему спектру предлагаемого нами оборудования!</p> <p>&nbsp;</p>','oborudovanie'),(12,'','','','','2013-07-05','Запчасти и сервис',1,'<p>запчасти</p>','zapchasti-servisnoe-obslugivanie'),(13,'','','',' <p style=\"text-align: center;\">&nbsp;</p> <p style=\"text-align: justify;\">В День Победы мы, как и миллионы других россиян, хотим прежде всего сказать <strong><span style=\"color: #ff0000;\">СПАСИБО</span></strong> нашим дорогим <strong><span style=\"color: #ff0000;\">Ветеранам за Победу!</span></strong> Майский весенний день как нельзя лучше подходит для такого светлого, душевного праздника! Мы поздравляем вас с 9 мая и желаем знать в жизни только хорошее!</p> <p style=\"text-align: center;\"><a href=\"joomplu:257 type=img\"><img src=\"http://platform-master.ru/index.php?option=com_joomgallery&amp;view=image&amp;format=raw&amp;id=257&amp;type=thumb\" class=\"jg_photo\" alt=\"joomplu:257\" /></a></p>','2014-05-08','Поздравляем с Днем Победы!',1,'<p style=\"text-align: justify;\"><span style=\"color: #ff0000;\"><strong>С ДНЕМ ПОБЕДЫ!</strong></span></p> ','pozdravlyaem-s-dnem-pobedy'),(15,'','','','','2013-07-09','Архитекторам',1,'<p style=\"text-align: right;\"><a href=\"chertezhi-produktsii\"><span style=\"color: #ff0000;\"><strong>СКАЧАТЬ ЧЕРТЕЖИ</strong></span></a></p> <p style=\"text-align: justify;\">ООО «КРЕАТИВ-МАСТЕР» приглашает к сотрудничеству архитектурные бюро, консалтинговые и девелоперские компании, частных дизайнеров и архитекторов, а так же организации, занимающиеся строительным, ресторанным и гостиничным бизнесом. С2006 года мы предоставляем комплекс услуг в сфере реализации проектов по обеспечению объектов подъемно-транспортным оборудованием.</p> <p style=\"text-align: justify;\">Поставляемое оборудование полностью отвечает европейским стандартам надежности безопасности и качества. В линейке нашей продукции Вы найдете именно то оборудование, которое будет соответствовать Вашим целям и задачам: пассажирские лифты для жилых домов, лифты для общественных и коммерческих зданий, торговых центров, лифты для коттеджей и частных домов, малые грузовые лифты, инвалидные и промышленные подъемники, эскалаторы и траволаторы.</p> <p style=\"text-align: justify;\">Каждый архитектор и дизайнер заинтересован в том, чтобы заказчик остался доволен результатом его работы. Сотрудничая с нами, Вы можете быть уверены, что получите профессиональную консультацию по интересующему Вас оборудованию и лучшее, проверенное решение для Вашего проекта.</p> <p style=\"text-align: left;\"><strong>В комплекс наших услуг входит: <a href=\"chertezhi-produktsii\"><span style=\"color: #ff0000;\"></span></a><br /></strong></p> <p style=\"text-align: justify;\">• Полное сопровождение проекта: выезд инженера на объект для осуществления замеров и консультации, участие в переговорах с Заказчиком, проработка всех деталей, подготовка чертежей, согласование проекта с заводом, поставка оборудования на объект, монтаж и последующее сервисное обслуживание;</p> <p style=\"text-align: justify;\">• Гарантированные специальные условия и дополнительные скидки постоянным партнерам;</p> <p style=\"text-align: justify;\">• Регулярное и своевременное информирование о планируемых мероприятиях, акциях и выходе нового продукта, что позволяет предлагать новые оригинальные решения для каждого проекта;</p> <p style=\"text-align: justify;\">• Профессиональная консультация наших инженеров, прошедших обучение на заводах – изготовителях;</p> <p style=\"text-align: justify;\">• Предоставление коммерческого предложения и всей необходимой рекламной и технической информации (чертежи лифтов и других подъемных механизмов, строительное задание на проектирование лифтового оборудования) в течение нескольких дней с момента прояснения всех технических деталей проекта.</p> <p style=\"text-align: justify;\">&nbsp;</p> <p style=\"text-align: center;\">Каталоги, брошюры, техническую информацию и строительные задания для лифтового оборудования Вы найдете в соответствующих разделах сайта. Если у Вас появятся дополнительные вопросы, пожалуйста, пришлите Ваш запрос по адресу <a href=\"mailto:info@platform-master.ru\">info@platform-master.ru </a>или позвоните по телефону: +7 /499/ 394-29-45.</p> <p style=\"text-align: center;\"><strong>Мы будем рады видеть Вас в числе наших постоянных партнеров! &nbsp;</strong></p>','arkhitektoram'),(16,'','','','','2013-07-09','Реализованные проекты',1,'<p>Реализованные проекты</p> <p>&nbsp;</p> <h2 style=\"font-size: 11px; font-family: Verdana, Arial, Helvetica, sans-serif; color: #000000; text-align: left;\"><strong><span style=\"color: #135cae; font-family: Helvetica, Arial, sans-serif; font-size: 13px; text-align: right;\">Книга проектов</span></strong></h2> <p><br /><strong style=\"color: #000000; font-family: Verdana, Arial, Helvetica, sans-serif; font-size: 11px;\"><span style=\"color: #135cae; font-family: Helvetica, Arial, sans-serif; font-size: 13px; text-align: right;\"><strong style=\"color: #000000; font-family: Verdana, Arial, Helvetica, sans-serif; font-size: 11px; text-align: justify;\"><strong><a href=\"/book?tmpl=component\" style=\"color: #0000cc; text-decoration: underline;\"><img src=\"/images/book.png\" alt=\"Каталог реализованных проектов\" width=\"128\" height=\"122\" style=\"float: left;\" /></a></strong></strong></span></strong></p>','realizovannye-proekty'),(17,'','','',' <h3>Первое техническое обслуживание</h3> <p>Приводимый ниже перечень обязательных мероприятий, выполняемых в рамках периодического ТО, является типовым, но не окончательным, и может варьироваться в зависимости от конкретной конструкции и требований ее изготовителя. Бригада специалистов будет навещать своего «подопечного» каждый месяц: ежемесячное техобслуживание (так называемое ТО-1) включает минимально необходимый список работ, позволяющих поддерживать безотказность работы устройства и предотвращать возможные неисправности. Говоря проще, сюда входят визуальный осмотр элементов конструкции, различные проверки, регулировки и т.д.:</p> <p style=\"float: right; margin: 0 0 10px 15px;\"><img src=\"images/servisnoe_obslujivanie.png\" width=\"300\" height=\"177\" alt=\"Обслуживание\" /></p> <ul> <li>протирка и смазка направляющих кабины;</li> <li>проверка крепления тросов, гидравлического штока или электрической лебедки;</li> <li>протяжка всех резьбовых соединений;</li> <li>регулировка механизмов приводов открывания дверей, а также их контактов;</li> <li>проверка выключателей безопасности;</li> <li>смазка и регулировка (по необходимости) дверей шахты;</li> <li>проверка точности остановки кабины и устройства контроля загрузки лифта;</li> <li>проверка натяжения ремней привода канатоведущего шкива и износа накладок тормоза лебедки;</li> <li>визуальный осмотр ограничителя скорости движения кабины.</li> </ul> <h3>Ежеквартальное техническое обслуживание</h3> <p>Продолжительность визита мастеров составляет порядка 4 часов. Следующее по сложности ТО проводится раз в 2–3 месяца (ежеквартальное обслуживание) и занимает до 6–8 часов, то есть не более одного рабочего дня. Помимо всех вышеперечисленных операций сюда входят:</p> <ul> <li>проверка срабатывания ограничителя скорости и концевых выключателей, установленных внутри шахты на верхнем и нижнем этажах;</li> <li>диагностика тросов и ручьев канатоведущего шкива на изношенность;</li> <li>регулировка направляющих башмаков кабины;</li> <li>проверка и регулировка зазоров между тяговыми канатами и ограничителем их сбрасывания;</li> <li>осмотр механизмов открывания дверей лифта, регулировка зазоров между створками и порталом, контрроликами каретки и направляющей линейкой, окном блока контроля и зубом защелки, а также роликами дверей шахты и неподвижной щекой отводки кабины, при необходимости — натяжка ремня привода каретки;</li> <li>диагностика смыкания створок дверцы и усилия их статического сжатия;</li> <li>осмотр приямка, проверка и регулировка натяжного устройства.</li> </ul> <p>Кроме того, специалисты контролируют состояние пружин противовеса: разница между их длинами должна находиться в допустимых пределах.</p> <p>Устройства безопасности лифтов работают по простому принципу: при возникновении любой неисправности соответствующий датчик подает сигнал на контроллер, который размыкает цепь электропитания привода кабины и она останавливается. Тормоз лебедки является нормально-замкнутым устройством, то есть в отсутствие электроэнергии он мгновенно блокирует тяговый трос.</p> <p>Раз в полгода ко всем работам, входящим в ТО-1 и ТО-2 (ежеквартальное), добавляются:</p> <ul> <li>диагностика усилия подтягивания клиньев ловителей (приспособлений, удерживающих кабину от падения в случае обрыва троса) к направляющим и зазора между ними;</li> <li>проверка сопротивления изоляции проводов и силовых агрегатов лифта.</li> </ul> <p>Техническое обслуживание электрооборудования, в том числе контроль целостности изоляции и шины заземления, проводится в соответствии с руководством по эксплуатации электроприводов и автоматики управления ими, а также согласно требованиям Правил устройства электроустановок (ПУЭ).</p> <h3>Ежегодное техническое обслуживание</h3> <p style=\"float: left; margin: 3px 10px 0 0;\"><img src=\"images/cot01.jpg\" height=\"269\" alt=\"Лифт\" /></p> <p>Но наиболее сложным и дорогостоящим является ТО-4, выполняемое каждые 12 месяцев и длящееся не менее 2 рабочих дней. Сюда, помимо длинного списка, состоящего из всех указанных выше мероприятий, входит проверка устройств безопасности лифта, что называется, в действии. Специалисты моделируют возникновение различных нештатных ситуаций, в частности, связанных с превышением максимально допустимой скорости движения кабины, неполного закрывания ее дверей, обрывом тягового троса и т.д., а затем смотрят, как поведут себя датчики и исполнительные механизмы, призванные предотвратить тяжелые последствия этих неисправностей, весьма опасных для жизни и здоровья пользователей.</p> <p>Говоря официальным языком, ТО-4 включает в себя статические и динамические испытания лифта. Например, в его кабину помещается груз, масса которого существенно превосходит максимально допустимую для данного устройства. Суть опыта заключается в том, чтобы проверить тяговый канат (запас прочности этого узла многократно превышает заявленную грузоподъемность конструкции), а также надежность тормоза лебедки и обратного клапана в гидравлической магистрали. Все подобные проверки регламентируются Правилами устройства и безопасной эксплуатации лифтов (ПУБЭЛ). На основании проведенных мероприятий составляются акты о полном техническом освидетельствовании приспособления и о допуске его в эксплуатацию — впрочем, в случае с частным домом зачастую ограничиваются лишь соответствующей отметкой в техническом паспорте.</p> <p>Любое из проводимых ТО предусматривает проверку уровня масла в гидравлической магистрали. Относительная простота конструкции позволяет при его понижении быстро обнаружить место утечки и принять необходимые меры — как правило, это замена уплотнительных муфт, сальников и т.д.</p> <p>Если же говорить о пневматическом приводе, давно известном на Западе, но пока экзотическом для России, то здесь кабина приводится в движение за счет вакуумного насоса, откачивающего воздух из верхней части герметичной трубы-шахты: возникающий перепад давления вынуждает лифт подниматься. Технически такая система, пожалуй, отличается наибольшей простотой, а ее ТО сводится к проверке герметичности шахты, замене уплотнительного кольца на крыше кабины и, разумеется, надежности работы насоса. Кроме того, диагностике подлежат устройства безопасности — уже упоминавшиеся ловители, датчики скорости движения подъемника, разгерметизации трубы и т.д. Наконец, контролируется функционирование приспособлений, обеспечивающих остановку кабины в крайних (верхнем и нижнем) положениях, а также плотность закрывания ее дверцы.<br />{jcomments on}</p>','2013-08-06','Какие работы входят в техническое обслуживание лифтов?',1,'<p>Бригада специалистов будет навещать своего «подопечного» каждый месяц: ежемесячное техобслуживание (так называемое ТО-1) включает...</p> ','teh-raboty-dlya-liftov'),(18,'','','',' <h3>Типы лифтов</h3> <p style=\"float: right; margin: 4px 0 10px 15px;\"><img src=\"media/k2/galleries/7/tonirovany.jpg\" width=\"280\" height=\"250\" alt=\"1 hq\" /></p> <p>Выпускаемые на сегодняшний день лифты можно условно разделить на <strong>электрические</strong>, <strong>гидравлические</strong> и <strong>пневматические</strong>, которые появились в нашей стране недавно и пока не получили достаточно широкого распространения. Условность такой классификации объясняется тем фактом, что все три типа одинаково нуждаются в электроэнергии, просто используют разный принцип приведения кабины в движение.</p> <p>Гидравлика работает практически бесшумно и по этой причине пользуется популярностью у большинства владельцев коттеджей.<br />Есть у нее и другие преимущества, например, довольно простая и надежная система, позволяющая подвести лифт к ближайшему этажу и открыть двери для выхода людей в случае пропадания напряжения в электросети.</p> <h3>Недостатки</h3> <p>Недостаток гидравлического механизма заключается в ограниченной высоте подъема конструкции, а пневматического — еще и в сравнительно небольшой грузоподъемности, однако в случае с частным домом это, как правило, не имеет особого значения. Если же говорить об эксплуатационных затратах, в частности, на техобслуживание, то они в основном зависят не от типа привода, а от его мощности (она определяется объемом кабины, то есть тем, сколько человек могут туда одновременно зайти) и количества этажей в доме, на которых останавливается лифт.</p> <p>Помимо того, на стоимость ТО влияют и некоторые другие факторы, такие как техническая сложность конструкции, доступность основных узлов и агрегатов для осмотра или ремонта, тип дверей (автоматические либо ручные) и их численность (как правило, подъемник имеет один или два выхода на разные стороны, реже — три и даже четыре). То есть известная формула «чем проще устройство, тем дешевле его содержать» является абсолютно верной и в данном случае.<br />{jcomments on}</p>','2013-08-06','Какой лифт выбрать – электрика или гидравлика?',1,'<p>Выпускаемые на сегодняшний день лифты можно условно разделить на электрические, гидравлические и пневматические...</p> ','kakoi-lift-vybrat'),(19,'','','',' <h3>Обслуживающая компания</h3> <p>Выбор компании, которая возьмет на себя заботы о техническом обслуживании домашнего лифта, не вызовет никаких затруднений.<br />Организация, продавшая и смонтировавшая данную конструкцию, почти всегда, за редчайшим исключением, оказывает услуги по проведению ТО. А вот гоняться за дешевизной следует с огромной осторожностью.</p> <h3>Аккредитация</h3> <p>Подрядчик должен быть официально допущен к выполнению подобных работ, что подтверждается соответствующим сертификатом от производителя оборудования. Упомянутый документ подтверждает тот факт, что в штате фирмы имеются квалифицированные специалисты, прошедшие необходимую профессиональную подготовку и обладающие соответствующей квалификацией. В противном случае ТО может оказаться лишь бесполезной тратой времени и денег, а то и вовсе нанести вред лифту, в будущем став причиной его дорогостоящего ремонта.</p> <p>Общение с обслуживающей компанией начинается с заключения сервисного договора, четко определяющего список проводимых мероприятий (обязательных и, по желанию клиента, дополнительных, таких как очистка кабины или мойка стеклянной шахты), а также регламентирующего обязанности заказчика и исполнителя. Впрочем, первый должен лишь вовремя выплатить второму оговоренную сумму, и в перспективе обеспечить ремонтной бригаде доступ в помещения, где расположены узлы и агрегаты лифта.</p> <p>{jcomments on}&nbsp;</p>','2013-08-06','Кому довериться? Как выбрать обслуживающую компанию?',1,'<p>Выпускаемые на сегодняшний день лифты можно условно разделить на электрические, гидравлические и пневматические...</p> ','kak-vybrat-ok'),(20,'','','',' <h3>Правила эксплуатации</h3> <p style=\"float: right; margin: 4px 0 10px 15px;\"><img src=\"media/k2/galleries/7/domsliftom2.jpg\" height=\"175\" alt=\"Лифт\" /></p> <p>Насколько оправдана необходимость в проведении технического обслуживания лифтов?</p> <p>Несомненно, многие владельцы коттеджей задают себе этот вопрос. В сопроводительной документации к данному приспособлению есть фраза, смысл которой сводится к тому, что производитель гарантирует безотказную работу устройства (гарантийный срок может варьироваться) в случае соблюдения ряда правил его эксплуатации. Одним из требований является, как уже говорилось, проведение ТО с установленной периодичностью. Если этого не делать, то все обязательства изготовителя перед пользователем аннулируются.</p> <h3>Безопасность</h3> <p>Впрочем, есть и другие, сугубо житейские причины не пренебрегать своевременным техобслуживанием. Перспектива провести пару часов взаперти в застрявшей между этажами кабине, ожидая визита (кстати, не бесплатного) ремонтной бригады, вряд ли покажется заманчивой.<br />Также нельзя забывать, что, хоть и в редких случаях, неисправность лифта может таить в себе угрозу для здоровья домочадцев.<br />{jcomments on}</p>','2013-08-06','Раздумья о необходимости. Нужен ли Вам лифт?',1,'<p>Насколько оправдана необходимость в проведении технического обслуживания лифтов? Несомненно, многие владельцы коттеджей задают себе этот вопрос...</p> ','nujen-li-lift'),(21,'','','',' <p><strong style=\"font-size: 11.8181819915771px; line-height: 1.3em;\">Ссылки на наши группы в соцсетях:&nbsp;</strong></p> <table style=\"width: 184px; height: 104px;\" border=\"0\"> <tbody> <tr> <td><a href=\"http://vk.com/creative_elevators\"><img src=\"images/vkontakte.jpg\" alt=\"vkontakte\" height=\"95\" width=\"95\" /></a></td> <td><a href=\"http://ok.ru/group/52145295130707\"><img src=\"images/odnoklassniki.png\" alt=\"odnoklassniki\" height=\"43\" width=\"43\" /></a></td> <td><a href=\"https://www.facebook.com/InvalidnyePodemnikiVimec\"><img src=\"images/fb.jpg\" alt=\"fb\" height=\"56\" width=\"72\" /></a>&nbsp;</td> </tr> </tbody> </table> <p>&nbsp;</p> <p>&nbsp;</p>','2014-12-01','Новогодняя акция на ВСЁ!',1,'','zapolnivshim-zayavku-na-mobilnyj-pod-emnik-roby-t09-skidka-3'),(22,'','','',' <p style=\"text-align: justify;\">Проект, который называется «Театральная перспектива», учит детей выражать свои переживания через драматургию. <br />&nbsp;«Мы ценим этот проект за искренность, кристальную чистоту. Это очень яркие, с точки зрения искусства, спектакли. Ребята открывают новые миры и возможности, которые для «особого» человека очень ценны. Ребенок имеет возможность выразить то, что он не может сказать обычно – это такой терапевтический эффект.\"</p> <p style=\"text-align: justify;\"><a href=\"joomplu:260 type=img\"><img src=\"http://platform-master.ru/index.php?option=com_joomgallery&amp;view=image&amp;format=raw&amp;id=260&amp;type=thumb\" class=\"jg_photo\" alt=\"joomplu:260\" /></a>&nbsp; &nbsp; &nbsp; &nbsp; &nbsp; <a href=\"joomplu:266 type=img\"><img src=\"http://platform-master.ru/index.php?option=com_joomgallery&amp;view=image&amp;format=raw&amp;id=266&amp;type=thumb\" class=\"jg_photo\" alt=\"joomplu:266\" /></a></p> <p style=\"text-align: justify;\">«Важно, что никто не ограничивает ребят в их работе над пьесами, – поделился актер театра и кино Иван Громов. – Мне нравится, что появилась такая перспектива – это дает стимул для развития детей».</p> <p style=\"text-align: justify;\"><br />С первых минут стало понятно, что будет что-то совсем необычное и интрига сохранялась до последней пьесы. Современный зал Гоголь-центра «зажгли» танцоры из групп Take That Crew и Mosquitos,которые играли в спектакле Любы Стрижак по пьесе Глеба Гришанова (16 лет) Let’s go.<br />Танцевальная тема сменилась виртуальной. Как «Выйти в реальность», рассказали в своей пьесе Дарья Ткачева (15 лет), Даша Дмитриева (16 лет) и Полина Баштанник (17 лет). Оригинальные режиссерские ходы Любы Стрижак сделали ее очень увлекательной и близкой многим современным подросткам, чрезмерно увлеченными он-лайн-реальностью.</p> <p style=\"text-align: justify;\"><a href=\"joomplu:267 type=img\"><img src=\"http://platform-master.ru/index.php?option=com_joomgallery&amp;view=image&amp;format=raw&amp;id=267&amp;type=thumb\" class=\"jg_photo\" alt=\"joomplu:267\" /></a>&nbsp;&nbsp; &nbsp; &nbsp; &nbsp;&nbsp; <a href=\"joomplu:265 type=img\"><img src=\"http://platform-master.ru/index.php?option=com_joomgallery&amp;view=image&amp;format=raw&amp;id=265&amp;type=thumb\" class=\"jg_photo\" alt=\"joomplu:265\" /></a><br />Режисстер Кристина Ра сотворила из пьесы «Я скучаю» (автор – Ольга Курбатова, 14 лет) симбиоз кино и спектакля, который перерастает в трогательную «love story» под романтическую музыку.<br />Пьеса «Волшебные слезы» в жанре фэнтези от самых юных участниц проекта Ольги Мещеряковой (10 лет) и Миланы Базаровой (9 лет), которые писали в инклюзивной паре (у одной из девочек есть инвалидность, у другой – нет), представил режиссер Даниил Романов. Зрители увидели мир ангелов с лугами из воздушных шариков и злых инопланетян.<br />О компании троих подростков в веселой пьесе «Новогодний треш» рассказал Сергей Рябцев (14 лет), а на сцене ее представила режиссер Ольга Лысак. Заключающий спектакль по пьесе Насти Коробовой (14 лет) «Найти себя» поставила Полина Золотовицкая. История о девушке, которая «не вписалась» в дворовую компанию, но зато стала лауреатом конкурса танцев, завершила «драйвовой» нотой этот вечер.</p> <p style=\"text-align: justify;\"><a href=\"joomplu:264 type=img\"><img src=\"http://platform-master.ru/index.php?option=com_joomgallery&amp;view=image&amp;format=raw&amp;id=264&amp;type=thumb\" class=\"jg_photo\" alt=\"joomplu:264\" /></a>&nbsp; &nbsp; &nbsp; &nbsp;&nbsp; <a href=\"joomplu:262 type=img\"><img src=\"http://platform-master.ru/index.php?option=com_joomgallery&amp;view=image&amp;format=raw&amp;id=262&amp;type=thumb\" class=\"jg_photo\" alt=\"joomplu:262\" /></a><br />Ребята, увидевшие свои произведения на сцене, были под огромным впечатлением, которое выдавали их улыбки. Они фотографировались с актерами, благодарили их, обнимались… Наверное, такие минуты и формируют личность человека, который видит, что его мысли не чужды, людям, слышит крики «Браво!» тому, что раньше было всего лишь его фантазией. В одно из таких мгновений рождается безоговорочная вера в себя и огромная уверенность в своих силах.<br />«Наша пьеса о том, что не стоит бояться, стеснятся, что нужно совершать поступки, которые меняют твою жизнь, – говорит участница проекта Полина Баштанник. – Я получила на этом проекте много всего полезного, прежде всего, опыт работы в команде». <br />Дарья Мельникова, актриса театра и кино также поделилась своими впечатлениями: «Дети пишут искренне со своей большой правдой. Это очень подкупает и поэтому интересно играть. Меня зовут знакомые режиссеры в эти спектакли, и я всегда соглашаюсь. У меня уже сложились дружеские отношения со многими ребятами, мы дружим, поддерживаем связь».</p> <p style=\"text-align: justify;\">Кристина Асмус была также была на пике эмоций: «В конце вечера я даже не могла говорить, потому что я думала, что я не смогу сдержать свои слезы от впечатлений, от того, что есть такая организация, которая делает столь большое дело».</p> <p style=\"text-align: justify;\">После окончания спектаклей, состоялась церемония награждения. Детей поздравляли с творческими успехами и желали дальнейшего развития. Мы, в свою очередь, постарались не остаться в стороне и подарили детям книги. Желаем дальнейшего процветания проекту, а детям - исполнения их мечты.</p> <p><a href=\"joomplu:268 type=img\"><img style=\"display: block; margin-left: auto; margin-right: auto;\" src=\"http://platform-master.ru/index.php?option=com_joomgallery&amp;view=image&amp;format=raw&amp;id=268&amp;type=thumb\" class=\"jg_photo\" alt=\"joomplu:268\" /></a></p>','2014-06-17','Благотворительность. \"Театральная перспектива\"',1,'<p style=\"text-align: justify;\">25 мая в Гоголь-центре было показано шесть спектаклей, поставленных по пьесам детей с инвалидностью.</p> ','blagotvoritelnost-teatralnaya-perspektiva'),(23,'','','','','2013-08-26','г. Пермь ',1,'<p>ООО «Пермская лифтовая компания»<br /> <span style=\"color: #616060;\">Тел./Факс:</span> +7(342) 240-39-51, +7(342) 217-02-27<br /> <span style=\"color: #616060;\">E-mail:</span><a href=\"mailto:pmlift@mail.ru\">pmlift@mail.ru</a></p> <p>&nbsp;</p>','g-perm'),(24,'','','','','2013-08-26','г. Новосибирск',1,'<p>ООО \"Авангард-Лифт\"<br /><span style=\"color: #616060;\">Тел./Факс: </span>+7(383)210-17-49, +7(383)210-11-11<br /><span style=\"color: #616060;\">web:</span><a href=\"http://www.av-lift.ru\">www.av-lift.ru</a><br /><span style=\"color: #616060;\">E-mail:</span><a href=\"mailto:av-lift@yandex.ru\">av-lift@yandex.ru</a></p>','g-novosibirsk'),(25,'','','','','2013-08-26','г. Минеральные воды',1,'<p>ООО «Кавминлифт»<br /><span style=\"color: #616060;\">Тел./Факс:</span> +7(887922) 6-65-51/52<br /><span style=\"color: #616060;\">E-mail:</span><a href=\"mailto:cmw-lift@mail.ru\">cmw-lift@mail.ru</a> </p>','g-mineralnye-vody'),(26,'','','','','2013-08-26','г. Краснодар',1,'<p>ООО «МИКО»<br /><span style=\"color: #616060;\">Тел./Факс:</span> +7(861) 277-57-39<br /><span style=\"color: #616060;\">E-mail:</span><a href=\"mailto:miko-ltd@mail.ru\">miko-ltd@mail.ru</a> </p> <p>&nbsp;</p> <p>ООО «Южная лифтовая компания»<br /><span style=\"color: #616060;\">Тел./Факс:</span> +7(861) 270-72-83, +7(861) 213-47-50<br /><span style=\"color: #616060;\">web:</span><a href=\"http://www.liftuga.ru\">www.liftuga.ru</a><br /><span style=\"color: #616060;\">E-mail:</span><a href=\"mailto:office@liftuga.ru\">office@liftuga.ru</a> </p>','g-krasnodar'),(27,'','','','','2013-08-26','г. Казань',1,'<p>ООО «АДМ Групп Казань»<br /><span style=\"color: #616060;\">Тел./Факс:</span> +7(843) 211-55-36, +7 (843) 272-33-75<br /><span style=\"color: #616060;\">web:</span><a href=\"http://www.kazanlift.ru\">www.kazanlift.ru</a><br /><span style=\"color: #616060;\">E-mail:</span><a href=\"acnacn@rambler.ru\">acnacn@rambler.ru</a></p> <p>&nbsp;</p> <p>ООО НПФ «Модус»<br /><span style=\"color: #616060;\">Тел./Факс:</span> +7(843) 527-74-93, +7(927) 249-52-53<br /><span style=\"color: #616060;\">E-mail:</span><a href=\"mailto:modus2001@mail.ru\">modus2001@mail.ru</a></p>','g-kazan'),(28,'','','','','2013-08-26','г. Иркутск',1,'<p>ООО «Контактор»<br /><span style=\"color: #616060;\">Тел./Факс:</span> +7(3952) 29-05-16, +7(3952) 29-83-13<br /><span style=\"color: #616060;\">web:</span><a href=\"http://www.baikal-lift.ru\">www.baikal-lift.ru</a><br /><span style=\"color: #616060;\">E-mail:</span><a href=\"mailto:contactor@list.ru\">contactor@list.ru</a> </p>','g-irkutsk'),(29,'','','','','2013-08-26','г. Екатеринбург',1,'<p>ЗАО «Ураллифтналадка»<br /><span style=\"color: #616060;\">Тел./Факс:</span> +7 (343) 379-36-20, +7 (922) 222-11-68<br /><span style=\"color: #616060;\">web:</span><a href=\"http://www.uln-ekb.ru\">www.uln-ekb.ru</a><br /><span style=\"color: #616060;\">E-mail:</span><a href=\"mailto:Kristevs@mail.ru\">Kristevs@mail.ru</a> </p>','g-ekaterinburg'),(30,'','','','','2013-08-26','г. Вологда',1,'<p>  ООО «Лифт плюс»<br />  <span style=\"color: #616060;\">Тел./Факс:</span> +7 (8172) 27-60-43, +7(911)-510-86-97<br />  <span style=\"color: #616060;\">E-mail:</span><a href=\"mailto:aleksejcare@yandex.ru\">aleksejcare@yandex.ru</a> </p>','g-vologda'),(31,'','','','','2013-08-26','г. Волгоград',1,'<p>  ООО «СЛМ – Комплект»<br />  <span style=\"color: #616060;\">Тел./Факс:</span> +7(8442) 70-13-52, +7 (917)339-09-13<br />  <span style=\"color: #616060;\">E-mail:</span><a href=\"mailto:vpslm-dk@mail.ru\">vpslm-dk@mail.ru</a> </p> ','g-volgograd'),(32,'','','','','2013-08-26','Вертикальный подъемник Q-lift в наличии на складе',1,'<p><a href=\"podemniki-dlya-invalidov/vertikalnaya-platforma-q-lift\">Вертикальный инвалидный подъемник Q-lift</a>, с высотой подъема до 1м, подходит для установки в жилые дома и общественные здания. Доступная цена, минимальные сроки поставки.</p> <p>Предложение ограничено!</p> <p>&nbsp;</p>','q-lift-nalichie'),(33,'','','','</p> <p>С 6 по 8 июня 2013 года в Москве, на территории ВВЦ, прошла 6-ая Международная выставка лифтов и подъемниых механизмов «Лифт Экспо Россия 2013». Экспозицию выставки в этом году составили 198 компаний-участников из 18 стран мира, в числе которых Китай, Корея, Италия, Германия, Греция и другие. На выставке было представлено 9 функционирующих лифтов, 46 лифтовых кабин, действующий эскалатор.</p> <p>На нашем стенде были представлены подъемники для инвалидов производства итальянского завода Vimec, который является мировым лидером в данном направлении; мобильный вертикальный подъемник чешского производства Q-lift и новую торговую марку KOENIG Elevator. Лифты KOENIG Elevator предназначены для установки в типовые шахты, и подходят для большинства объектов строительства (многоэтажное жилье, коммерческие здания). Мы стараемся соответствовать требованиям клиентов, и предоставляем только качественное оборудование, которое будет служить Вам долгие годы.</p> <p>Мы благодарми всех посетителей выставки, и ждем Вас снова в 2015 году!</p>','2013-06-12','«Лифт Экспо Россия 2013», 6-8 июня 2013 г.',1,'<p>«Лифт Экспо Россия 2013», 6-8 июня 2013 г.','lift-ekspo-rossiya-2013-6-8-iyunya-2013-g'),(34,'','','',' <p>Уважаемые коллеги, друзья!</p> <p>Мы рады видеть Вас на нашем обновленном сайте и надеемся, что пользоваться им будет еще удобнее и приятнее. Измененения произошли не только в дизайне, но и в функционале. Добавлены новые разделы, улучшена структура. Теперь Вы можете самостоятельно скачать чертежи, посмотреть фотографии реализованных проектов, а так же оставить свой отзыв о работе с нами. Мы обязательно учтем Ваше мнение и пожелания, которые Вы можете оставить <a href=\"/otzyvy\">здесь.</a></p> <p>По всем возникающим вопросам Вы можете обращаться по тел. +7/499/ 394-29-45 и наши менеджеры предоставят Вам всю необходимую информацию по оборудованию.</p>','2013-10-31','Обновление сайта',1,'<p>Обновление сайта!</p> ','obnovlenie-sajta'),(35,'','','',' <p style=\"text-align: justify;\"><a href=\"podemniki-dlya-invalidov/vertikalnaya-platforma-q-lift\">Вертикальный инвалидный подъемник Q-lift</a>, с высотой подъема до 1м в наличии на складе в г. Москва. Обращайтесь за подробной информацией к менеджерам по телефону +7 /499/ 394-29-45 или оставьте Вашу заявку на сайте. Предложение ограничено.</p>','2013-11-06','Акция на вертикальный подъемник для инвалидов Q-lift',1,'','aktsiya-na-vertikalnyj-pod-emnik-dlya-invalidov-q-lift'),(36,'','','',' <p>Авторы назвали сюжет \"Безграничная нежность\".Для героини программы Зинаиды Пигузовой, женщины с ограниченными физическими возможностями, дизайнеры создали удобный, красивый и максимально приспособленный для передвижения в коляске интерьер. Наша компания подарила героине мобильный гусеничный подъемник Roby T09, производства Vimec, который позволил ей преодолевать лестницу в подъезде ее дома, и дал возможность чаще выходить на прогулку с дочерью.</p> <p>Подробности сюжета Вы можете узнать при просмотре видео или на сайте программы <a href=\"http://www.peredelka.tv/kv/archive/bezgranichnaya-nezhnost/\">\"Квартирный вопрос\".</a></p> <p>&nbsp;</p> <p><iframe width=\"420\" height=\"315\" src=\"//www.youtube.com/embed/ObZqCSlnnYE?rel=0\" frameborder=\"0\" allowfullscreen=\"true\" style=\"display: block; margin-left: auto; margin-right: auto;\"></iframe></p>','2014-01-15','Участие в программе \"Квартирный вопрос\"',1,'<p>28 сентября 2013 года, наша компания приняла участие в 395м выпуске передачи \"Квартирный вопрос\".</p> ','uchastie-v-programme-kvartirnyj-vopros'),(37,'','','',' <p style=\"text-align: justify;\"><a href=\"podemniki-dlya-invalidov/vertikalnaya-platforma-q-lift\">Вертикальный инвалидный подъемник Q-lift</a>, с высотой подъема до 1м., подходит для установки в жилые и общественные здания. Доступная цена, минимальные сроки поставки. <br />Предложение ограничено!</p>','2013-11-18','Вертикальный подъемник Q-lift в наличии на складе',1,'','vertikalnyj-pod-emnik-q-lift-v-nalichii-na-sklade'),(38,'','','',' <p style=\"text-align: justify;\"><a href=\"podemniki-dlya-invalidov/vertikalnaya-platforma-q-lift\">&nbsp;</a></p> <p>&nbsp;</p>','2014-12-15','Скидки на малые грузовые лифты',1,'','noyabrskay-aktsiya-na-malie-gruzovie-lifty'),(39,'','','',' <p style=\"text-align: left;\"><strong><span style=\"font-size: 12pt; line-height: 107%; font-family: \'Times New Roman\', serif;\"><img src=\"images/Vistavka.jpg\" width=\"350\" height=\"350\" alt=\"Vistavka\" style=\"margin-right: 10px; margin-bottom: 10px; float: left;\" />16 ноября</span></strong><span style=\"font-size: 12pt; line-height: 107%; font-family: \'Times New Roman\', serif;\"> наша компания приняла участие в Объединенном межотраслевом форуме посвященному благоустройству города, в одной из экспозиций <strong><span style=\"color: black; background-image: initial; background-position: initial; background-repeat: initial; background-attachment: initial;\">«Город неограниченных возможностей»</span>.</strong> </span></p> <p style=\"margin-bottom: 8pt; background-image: initial; background-position: initial; background-repeat: initial; background-attachment: initial; text-align: left;\"><span><strong><span style=\"color: black;\">Цель выставки:</span> </strong> </span><span></span><span style=\"color: black;\">презентовать проекты, технологии, оборудование, инновации для обычных людей и людей с ограниченными возможностями для создания комфортной и интересной жизни в городе.</span></p> <p style=\"margin-bottom: 8pt; background-image: initial; background-position: initial; background-repeat: initial; background-attachment: initial; text-align: left;\"><span><strong><span style=\"color: black;\">Тематические направления:</span> </strong> </span></p> <p style=\"margin-bottom: 8pt; background-image: initial; background-position: initial; background-repeat: initial; background-attachment: initial; text-align: left;\"><span style=\"color: black;\">1. Инфраструктура упрощающая жизнь и мобильность людей.</span></p> <p style=\"margin-bottom: 8pt; background-image: initial; background-position: initial; background-repeat: initial; background-attachment: initial; text-align: left;\"><span style=\"color: black;\">(Подъемники, поручни, спуски, тактильная плитка, дорожки.)</span></p> <p style=\"margin-bottom: 8pt; background-image: initial; background-position: initial; background-repeat: initial; background-attachment: initial; text-align: left;\"><span style=\"color: black;\">2. Спортивные, реабилитационные<wbr />, развивающие проекты.</span></p> <p style=\"margin-bottom: 8pt; background-image: initial; background-position: initial; background-repeat: initial; background-attachment: initial; text-align: left;\"><span style=\"color: black;\">(Спортивные, детские, игровые площадки, карусели, тренажеры.)</span></p> <p style=\"margin-bottom: 8pt; background-image: initial; background-position: initial; background-repeat: initial; background-attachment: initial; text-align: left;\"><span style=\"color: black;\">3. Навигация неограниченных возможностей.</span></p> <p style=\"margin-bottom: 8pt; background-image: initial; background-position: initial; background-repeat: initial; background-attachment: initial; text-align: left;\"><span style=\"color: black;\">(Навигационные системы, информационные терминалы, аудио-видео помощь.)</span></p> <p style=\"margin-bottom: 8pt; background-image: initial; background-position: initial; background-repeat: initial; background-attachment: initial; text-align: left;\"><span style=\"color: black;\">На нашем стенде был представлен вертикальный подъемник для инвалидов - </span><span style=\"color: black;\">Q</span><span style=\"color: black;\">-</span><span style=\"color: black;\">lift</span><span style=\"color: black;\">, мобильный гусеничный ступенькоход </span><span style=\"color: black;\">Roby</span><span style=\"color: black;\">T</span><span style=\"color: black;\">09 </span><span style=\"color: black;\">Vimec</span><span style=\"color: black;\">. А также мы выступили с докладом на тему создания собственного производства оборудования для инвалидов в России, особенностей адаптации его к нашим климатическим условиям и законодательным нормам.</span></p> <p style=\"margin-bottom: 8pt; background-image: initial; background-position: initial; background-repeat: initial; background-attachment: initial; text-align: left;\"><span style=\"color: black;\">&nbsp;</span></p> <p><iframe width=\"390\" height=\"220\" src=\"https://www.youtube.com/embed/iBKLqMN7UpY?rel=0\" frameborder=\"0\" allowfullscreen=\"true\" style=\"display: block; margin-left: auto; margin-right: auto;\"></iframe></p>','2016-11-18','Форум \"Город неограниченных возможностей\".',1,'<p style=\"text-align: left;\">Конференция \"Город неограниченных возможностей\" в Доме Правительства.</p> ','molodezhnyj-forum-gorod-neogranichennykh-vozmozhnostej-v-dome-pravitelstva'),(40,'','','','','2014-03-27','Отзывы',1,'<p>&nbsp;</p> <table border=\"0\" cellpadding=\"10\"> <tbody> <tr> <td><a rel=\"group\" href=\"/images/otzyvy/dve_palki_XL.jpg\" title=\"Рекомендательное письмо от сети ресторанов японской кухни «Две палочки»\" style=\"color: #0000cc; text-decoration: underline; font-family: Verdana, Arial, Helvetica, sans-serif; font-size: 11px; line-height: normal;\" class=\"jcepopup\" target=\"_blank\"><img src=\"/images/otzyvy/dve_palki_M.jpg\" alt=\"Рекомендательное письмо от сети ресторанов японской кухни «Две палочки»\" width=\"217\" height=\"auto\" style=\"box-shadow: 0 0 10px rgba(0,0,0,0.5);\" /></a></td> <td> <h2>Рекомендательное письмо от сети ресторанов японской кухни «Две палочки»</h2> </td> </tr> <tr> <td><a rel=\"group\" href=\"/images/otzyvy/0_d6049_d183037e_XL.jpg\" title=\"Рекомендательное письмо Фирма «Лина»\" style=\"color: #0000cc; text-decoration: underline; font-family: Verdana, Arial, Helvetica, sans-serif; font-size: 11px; line-height: normal;\" class=\"jcepopup\" target=\"_blank\"><img src=\"/images/otzyvy/0_d6049_d183037e_M.jpg\" alt=\"Рекомендательное письмо Фирма «Лина»\" width=\"217\" height=\"auto\" style=\"box-shadow: 0 0 10px rgba(0,0,0,0.5);\" /></a></td> <td> <h2>Рекомендательное письмо Фирма «Лина»</h2> </td> </tr> <tr> <td><a rel=\"group\" href=\"/images/otzyvy/0_d6048_61b03be3_XL.jpg\" title=\"Рекомендательное письмо «Строительная Компания Антей»\" style=\"color: #0000cc; text-decoration: underline; font-family: Verdana, Arial, Helvetica, sans-serif; font-size: 11px; line-height: normal;\" class=\"jcepopup\" target=\"_blank\"><img src=\"/images/otzyvy/0_d6048_61b03be3_M.jpg\" alt=\"Рекомендательное письмо «Строительная Компания Антей»\" width=\"217\" height=\"auto\" style=\"box-shadow: rgba(0, 0, 0, 0.498039) 0px 0px 10px;\" /></a></td> <td> <h2>Рекомендательное письмо «Строительная Компания Антей»</h2> </td> </tr> <tr> <td><a rel=\"group\" href=\"/images/otzyvy/0_d6047_bd810898_XL.jpg\" title=\"Рекомендательное письмо от «Сбербанк»\" style=\"color: #0000cc; text-decoration: underline; font-family: Verdana, Arial, Helvetica, sans-serif; font-size: 11px; line-height: normal;\" class=\"jcepopup\" target=\"_blank\"><img src=\"/images/otzyvy/0_d6047_bd810898_M.jpg\" alt=\"Рекомендательное письмо от «Сбербанк»\" width=\"217\" height=\"auto\" style=\"box-shadow: 0 0 10px rgba(0,0,0,0.5);\" /></a></td> <td> <h2>Рекомендательное письмо от «Сбербанк»</h2> </td> </tr> <tr> <td><a rel=\"group\" href=\"/images/otzyvy/0_d604b_6e66da63_XL.jpg\" title=\"Рекомендательное письмо от «Элит-Кроус»\" style=\"color: #0000cc; text-decoration: underline; font-family: Verdana, Arial, Helvetica, sans-serif; font-size: 11px; line-height: normal;\" class=\"jcepopup\" target=\"_blank\"><img src=\"/images/otzyvy/0_d604b_6e66da63_M.jpg\" alt=\"Рекомендательное письмо от «Элит-Кроус»\" width=\"217\" height=\"auto\" style=\"box-shadow: 0 0 10px rgba(0,0,0,0.5);\" /></a></td> <td> <h2>Рекомендательное письмо от «Элит-Кроус»</h2> </td> </tr> <tr> <td><a rel=\"group\" href=\"/images/otzyvy/0_d6045_c10814ba_XL.jpg\" title=\"Рекомендательное письмо «Крокус»\" style=\"font-family: Verdana, Arial, Helvetica, sans-serif; font-size: 11px; line-height: normal;\" class=\"jcepopup\" target=\"_blank\"><img src=\"/images/otzyvy/0_d6045_c10814ba_M.jpg\" alt=\"Рекомендательное письмо «Крокус»\" width=\"217\" height=\"auto\" style=\"box-shadow: 0 0 10px rgba(0,0,0,0.5);\" /></a></td> <td> <h2>Рекомендательное письмо «Крокус»</h2> </td> </tr> <tr> <td><a href=\"/images/otzyvy/0_d604c_15d24f02_XL.jpg\" target=\"_blank\" style=\"font-family: Verdana, Arial, Helvetica, sans-serif; font-size: 11px; line-height: normal;\" class=\"jcepopup\"><img src=\"/images/otzyvy/0_d604c_15d24f02_M.jpg\" alt=\"Рекомендательное письмо «Сбербанк» Ростов-на-Дону\" width=\"217\" height=\"auto\" style=\"box-shadow: rgba(0, 0, 0, 0.498039) 0px 0px 10px;\" /></a></td> <td> <h2 style=\"line-height: normal;\">Рекомендательное письмо «Сбербанк» Ростов-на-Дону</h2> </td> </tr> <tr> <td><a href=\"/images/otzyvy/0_d604a_24a49620_XL.jpg\" class=\"jcepopup\" target=\"_blank\"><img src=\"/images/otzyvy/0_d604a_24a49620_M.jpg\" alt=\"Рекомендательное письмо ПО «Теплотехник»\" width=\"217\" height=\"auto\" style=\"box-shadow: rgba(0, 0, 0, 0.498039) 0px 0px 10px;\" /></a></td> <td> <h2 style=\"line-height: normal;\">Рекомендательное письмо ПО «Теплотехник»</h2> </td> </tr> </tbody> </table>','otzyvy'),(41,'','','',' <p style=\"text-align: justify;\">Для установки оборудования из Москвы прибыли специалисты ООО \"Креатив-мастер\" — компании, которая является дилером итальянской фирмы Vimec, специализирующейся на производстве подъёмно-транспортного оборудования, в том числе и для инвалидов.</p> <p style=\"text-align: justify;\">&nbsp;</p> <p><iframe width=\"560\" height=\"315\" src=\"//www.youtube.com/embed/HyTn4OTNTUY?rel=0\" frameborder=\"0\" allowfullscreen=\"true\"></iframe></p> <blockquote> <p style=\"text-align: justify;\">&nbsp;&nbsp;&nbsp; — Мы приехали 15 числа. 16 июня прибыло оборудование. Мы сделали замеры, а затем начали установку. Ставили всё примерно пять дней, — сказал Владимир Костюхин, бригадир монтажного отдела московской компании.</p> </blockquote> <p style=\"text-align: justify;\">В понедельник специалисты перешли к последнему этапу: пуско-наладочному.</p> <p style=\"text-align: justify;\">Устройство работает от аккумуляторных батарей, которые заряжаются от городской сети. По признанию Владимира Костюхина, батарея является самым слабым местом, так как после полной разрядки её зарядить уже не получится, необходимо будет менять. Механизм крепится к специальной периле. Длина пути составляет 23 метра на одной стороне и 21,5 метра на другой стороне. Спуск или подъём занимает по времени примерно две минуты. Механизм запускается с помощью ключа. Управление происходит через пульт, на котором есть кнопки спуска, подъёма и открытие борта. Скорее всего, его зафиксируют на подъёмнике и спрячут специальной металлической накладкой. Тогда пульт будет всегда на месте и вандалы только приложив усилия смогут добраться до него. Ключи, которые запускают подъемник, министерство здравоохранения Хабаровского края затем раздаст тем, кто в них нуждается.</p> <p style=\"text-align: justify;\"><br />Фирма даёт гарантию один год. Однако, как сказал специалист, те подъёмники, которые устанавливал семь лет, до сих пор исправно работают. Обслуживание будет проходить либо дистанционно, либо будет приезжать представитель фирмы.</p> <p style=\"text-align: justify;\">( Источник - Новости Хабаровска на <a href=\"http://www.dvnovosti.ru/khab/2014/06/23/21779/\">http://www.dvnovosti.ru/khab/2014/06/23/21779/</a>)</p> <p style=\"text-align: justify;\">&nbsp;</p>','2014-06-26','Первый инвалидный подъемник в Хабаровске',1,'<p style=\"text-align: justify;\">В Хабаровске появился подъёмник для инвалидов. Это первое подобное оборудование в краевой столице. Установили его в новом надземном переходе на остановке \"Юбилейная\".</p> ','pervyj-invalidnyj-pod-emnik-v-khabarovske'),(42,'','','',' <p style=\"text-align: justify;\">Надежным помощником для станции по техническому обслуживанию автомобилей является автомобильный подъемник. Проведение любого вида автосервиса практически невозможно без него.</p> <p><span style=\"text-align: justify; line-height: 1.3em;\">Автомобильные подъемники могут иметь различную конструкцию и самыми оптимальными считаются двухстоечные и четырехстоечные. Если площадь ремонтной зоны не позволяет разместить подъемники такой конструкции, то альтернативой могут быть плунжерные или ножничные автоподъемники.</span></p> <p style=\"text-align: justify;\">В двухстоечном автомобильном подъемнике груз поднимается при помощи лап, которые двигаются по двум вертикальным стойкам. Он используется для выполнения обширного ремонта автомобиля.</p> <p style=\"text-align: justify;\">Плунжерный автоподъемник экономит площадь станции техобслуживания, имея компактную конструкцию, которая прячется в пол, является самым популярным автоподъемником на сегодняшний день.</p> <p><img src=\"http://tehnoimpuls22.ru/images/pages/347_349.jpg\" style=\"width: 200px; float: right; margin: 4px 0 10px 15px;\" /></p> <p style=\"text-align: justify;\">Ножничный автомобильный подъемник успешно используется на постах по приемке и диагностике, подготовке автомобиля к продаже, для проведения быстрого обслуживания по тюнингу и электрической части автомобиля. При использовании ножничного автоподъемника машину крепят к платформе, что не позволяет полный доступ к автомобилю.</p> <p style=\"text-align: justify;\">Профессионально подобрать и установить автомобильный подъемник не составит большого труда для нашей компании, главное определиться с необходимыми Вам конструктивными особенностями подъемника, то есть масштабом применения и площадью места для его установки. Также мы выполняем гарантийное сервисное обслуживание автомобильных подъемников.</p>','2014-07-08','Автомобильные подъемники',1,'<p>Успешная работа станции по техническому обслуживанию автомобилей, зависит от наличия высококачественного оборудования, инструмента и опытных специалистов - автомехаников.</p> ','avtomobilnye-podemniki'),(43,'','','',' <p style=\"text-align: justify;\"><img src=\"http://www.progress-lift.ru/img/024.jpg\" style=\"width: 200px; float: right; margin: 4px 0 10px 15px;\" /></p> <p style=\"text-align: justify;\">Специалисты нашей компании любую типовую кабину лифта превратят в дизайнерский эксклюзив, который будет соответствовать всем Вашим требованиям. Наличие лифта создает комфортные условия и возможность быстрого и легкого передвижения по дому, делая его незаменимым помощником.</p> <p style=\"text-align: justify;\">Лифты могут быть гидравлические и электрические без машинного отделения.</p> <p>Ключевыми факторами коттеджных лифтов являются:</p> <ul> <li>инновационные технологии обеспечили им экономичность в энергопотреблении;</li> <li>благодаря современному стильному дизайну, лифт вписывается в любой интерьер;</li> <li>имея небольшой вес, он не дает негативных воздействий на строительную конструкцию дома;</li> <li>качественная конструкция гарантирует лифту надежную и долговечную эксплуатацию.</li> </ul> <p><img src=\"http://www.contactlift.ru/imgdoc/cottage-lifts.jpg\" style=\"width: 200px; float: left; margin: 4px 15px 10px 0;\" /></p> <p>Расположения лифта могут быть разными, т.е. шахта лифта находится с внешней стороны дома, как пристройка, или внутри дома. Современные строительные технологии позволяют установить лифт в уже построенных домах, где это было не предусмотрено.</p> <p>Ваша мечта по установке лифта в загородном доме может стать реальностью, требуется просто обратиться в нашу компанию. Специалисты помогут Вам в выборе модели лифта из нашего широкого ассортимента, учитывая все пожелания: оформят заказ по изготовлению, а так же быстро и профессионально его установят. При поломке уже имеющейся лифтовой техники, мы с радостью поможем и окажем сервисное обслуживание.</p>','2014-07-15','Коттеджные лифты',1,'<p>Сегодня никого не удивишь лифтом в загородном коттедже, но новаторские инженерные решения, богатый опыт специалистов и техническая база - не дают предела совершенству. Теперь любая дизайнерская задумка в оформлении кабин коттеджных лифтов, воплощается в реальность и удачно вписывается в интерьер дома.</p> ','kottedzhnye-lifty'),(44,'','','',' <p><img src=\"http://www.lifts.com.ua/images/product/panoramic-elevator2.jpg\" style=\"width: 200px; float: left; margin: 4px 15px 10px 0;\" /></p> <p>Размеры, расцветки и форма панорамного лифта может быть самой разнообразной. После Вашего обращения наши менеджеры организуют Вам встречу с профессиональным дизайнером. Вашему вниманию будут представлены несколько вариантов эскизов оформления помещения с учетом гармоничной встройки лифта. Вы можете выбрать строгий сдержанный вариант панорамного лифта прямоугольной формы с односторонними зеркальными стеклами или же более мягкий с поверхностью из стекла с теплым оттенком и дополнительным декором по Вашему желанию.</p> <p>Преимущества панорамного лифта очевидны. Современное оборудование в удивительном оформлении, которое позволяет украсить интерьер любого помещения и подарить его пассажирам эстетическое удовольствие от открывающегося вида в момент движения лифта.</p> <p>Заказать изготовление панорамного лифта в кратчайшие сроки можно, обратившись к нашим консультантам. Для всех клиентов предоставляется сервисное обслуживание оборудования.</p>','2014-10-30','Панорамный лифт – украшение Вашего интерьера',1,'<p>Если вы планируете установку лифтового оборудования в своем офисе или доме, то одним из самых утонченных и изящных вариантов решения на сегодня станет панорамный лифт. Особенностью такого лифта является уникальное решение с возможностью обзора через специальные стеклянные плиты. Основой для панорамного лифта является стандартный лифтовой механизм, оборудованный всеми необходимыми элементами согласно требованиям техники безопасности. Ловители и ограничители движения скорости проходят тщательные тестирования перед установкой. Компания-производитель ответственно подходит к безопасности своих клиентов.</p> ','panoramnyj-lift-ukrashenie-vashego-interera'),(45,'','','',' <p>Эскалатор представляет собой непрерывно движущуюся лестницу-конвейер, наклоненную под углом тридцать градусов.</p> <p><img src=\"http://liftzavod.ru/sites/default/files/IMG_0277.jpg\" style=\"width: 150px; float: right; margin: 4px 0 10px 15px;\" /> </p> <p>В зависимости от назначения эскалатора, ширина лестницы может быть от 50см до 1 метра. Горизонтальная площадка эскалатора при перемещении превращается в ступеньку, а ближе к выходу ступенька опять приобретает горизонтальную плоскость. Удобство передвижения создают одновременно движущиеся с лестницей перила.</p> <p>Эскалаторы бывают тоннельные и поэтажные. На станциях метро, где как правило длинные наклонные тоннели, применяются тоннельные эскалаторы. Они имеют большую протяженность, прочную конструкцию и надежные тормоза.</p> <p>Современные офисные и торгово-развлекательные центры в несколько этажей активно используют поэтажные эскалаторы.</p> <p><img src=\"http://www.dls-vl.ru/images/stories/lift/img_20131011_104540.jpg\" style=\"width: 115px; float: left; margin: 4px 15px 10px 0;\" /> </p> <p>В соответствии с потоком людей, обеспечением безопасного входа и выхода с эскалатора, устанавливается скоростной режим передвижения лестничного полотна.</p> <p>Эскалатор имеет пропускную способность, которая определяется числом пассажиров перевезенных за единицу времени. Обычно при проектировании в расчет берется максимальный 15-минутный поток пассажиров в пиковые часы. От этого зависит, какое количество эскалаторных лент необходимо задействовать для нормального прохождения потока людей через эскалатор.</p> <p>Для правильного расчета и качественной установки, рекомендуем обратиться к нашим специалистам, которые предоставят Вам подробную информацию по эскалаторному оборудованию.</p>','2014-07-22','Эскалаторное оборудование',1,'<p>Одним из самых радикальных элементов архитектуры на сегодняшний день стал эскалатор. Область применения эскалаторов очень обширна, начиная с торговых, выставочных центров и заканчивая метрополитеном. Эскалаторы обеспечивают одновременное перемещение большого количества людей и при этом имеют высокие пропускные способности, разделяя потоки людей, беспрерывно и равномерно регулируя их.</p> ','eskalatornoe-oborudovanie'),(46,'','','',' <p style=\"text-align: justify;\">Наша компания осуществила поставку и монтаж наклонной подъемной платформы V65, производства Vimec (Италия) в областной Дом Культуры \"Родина\", в г.Химки.</p> <p style=\"text-align: justify;\">&nbsp;</p> <p style=\"text-align: justify;\">&nbsp;</p> <p><iframe width=\"447\" height=\"252\" src=\"//www.youtube.com/embed/tJtjBuIUPEc?rel=0\" frameborder=\"0\" allowfullscreen=\"true\" style=\"display: block; margin-left: auto; margin-right: auto;\"></iframe></p>','2014-07-11','Реализация программы \"Доступная среда\", ДК \"Родина\", Химки',1,'<p style=\"text-align: justify;\">Новостной сюжет на телеканале \"Подмосковье\", посвященный Дню инвалидов.</p> ','realizatsiya-programmy-dostupnaya-sreda-dk-rodina-khimki'),(47,'','','','','2014-07-31','Нормативные документы',1,'<table border=\"1\" cellpadding=\"12\"> <tbody> <tr> <td> <p>Свод правил \"Доступность зданий и сооружений для маломобильных групп населения\"</p> <p>СНиП&nbsp;35-01-2001</p> </td> <td style=\"text-align: center;\"> <p style=\"text-align: left;\"><a href=\"normativnye-docs/SNIP-35.01.2001.PDF\"><img src=\"images/ikonka_pdf.gif\" alt=\"\" /></a>&nbsp;<a href=\"normativnye-docs/SNIP-35.01.2001.PDF\">Скачать</a>&nbsp;<a style=\"line-height: 1.3em;\" href=\"normativnye-docs/SNIP-35.01.2001.PDF\">СНИП 35-01-2001</a>&nbsp;</p> </td> </tr> <tr> <td>Методические рекомендации, нацеленные на устранение наиболее часто встречающихся барьеров на пути следования инвалидов и других маломобильных групп населения при посещении административных зданий и служебных помещений.</td> <td><a href=\"normativnye-docs/Metod_Rekomendacii.pdf\"><img style=\"color: #000000; font-family: Verdana, Arial, Helvetica, sans-serif; font-size: 11px; line-height: normal;\" src=\"images/ikonka_pdf.gif\" alt=\"\" /></a>&nbsp;<a href=\"normativnye-docs/Metod_Rekomendacii.pdf\">Скачать методические рекомендации</a></td> </tr> <tr> <td>Федеральная программа \"Доступная среда\" на 2011-2015 годы</td> <td><a href=\"normativnye-docs/dostupnaya-sreda.pdf\"><img style=\"color: #000000; font-family: Verdana, Arial, Helvetica, sans-serif; font-size: 11px; line-height: normal;\" src=\"images/ikonka_pdf.gif\" alt=\"\" /></a>&nbsp;<a href=\"normativnye-docs/dostupnaya-sreda.pdf\">Скачать программу \"Доступная среда\"</a></td> </tr> <tr> <td>Положение о порядке и условиях предоставления мер социальной поддержки по обеспечению инвалидов дополнительными техническими средствами реабилитации</td> <td><a href=\"normativnye-docs/sredstva_reabilitacii.pdf\"><img style=\"color: #000000; font-family: Verdana, Arial, Helvetica, sans-serif; font-size: 11px; line-height: normal;\" src=\"images/ikonka_pdf.gif\" alt=\"\" /></a>&nbsp;<a href=\"normativnye-docs/sredstva_reabilitacii.pdf\">Скачать положение</a></td> </tr> <tr> <td> <p>Свод правил&nbsp;&nbsp;Общественные здания и сооружения, доступные маломобильным посетителям&nbsp;</p> <p>СНиП&nbsp;35-103-2001</p> </td> <td><a href=\"normativnye-docs/sredstva_reabilitacii.pdf\"><img style=\"color: #000000; font-family: Verdana, Arial, Helvetica, sans-serif; font-size: 11px; line-height: normal;\" src=\"images/ikonka_pdf.gif\" alt=\"\" /></a>&nbsp;<a href=\"normativnye-docs/sredstva_reabilitacii.pdf\">Общественные здания и сооружения, доступные маломобильным посетителям</a></td> </tr> </tbody> </table> <p>&nbsp;</p> <p>&nbsp;</p>','normativnye-dokumenty'),(48,'','','','','2014-09-17','История создания лифта',1,'<p style=\"text-align: justify;\">Одним из уникальных изобретений, которым большинство из нас пользуется каждый день, является лифт. Это подъемное устройство настолько вошло в быт, что мало кто задумывается о том. насколько велико его значение. А ведь, стоит немного пофантазировать, на тему что бы было, если бы лифт не изобрели, то начинаешь понимать, что без лифта облик современных городов был бы совсем иным. Не будь лифта, самые высокие дома вряд ли были бы выше хрущевских пятиэтажек.<br />&nbsp;&nbsp; В середине ХХ в. этнографы наблюдали жизнь папуасского племени, по уровню своего развития находящегося в каменном веке. Погребальные обычаи этого племени требовали хоронить покойников на вершине деревьев. Для подъема мертвых тел аборигены использовали устройство, действующее по принципу современного лифта. Платформа, сплетенная из лиан и ветвей, поднимала груз с помощью противовеса. Вполне вероятно, что подобные конструкции были известны и в эпоху каменного века европейской цивилизации.<br />&nbsp;&nbsp;&nbsp; У лифта, подъемного крана, лебедки и прочих подъемных механизмов один общий предок — рычаг, известный людям с древнейших времен. Рычаг в виде колодезного журавля использовался еще древними египтянами. В письменных памятниках Древнего Египта, датированных 2600 г. до н.э. найдено упоминание о подъемной платформе, которая использовалась для подъема грузов около 90 кг.</p> <p><a href=\"joomplu:836 type=img\"><img style=\"display: block; margin-left: auto; margin-right: auto;\" src=\"http://platform-master.ru/index.php?option=com_joomgallery&amp;view=image&amp;format=raw&amp;id=836&amp;type=thumb\" class=\"jg_photo\" alt=\"joomplu:836\" /></a></p> <p style=\"text-align: justify;\">Наиболее древним подъемным устройством — прообразом лифта является подъемник в одном из домов древнеримского города Геркуланум, который находится у подножия вулкана Везувий, и подобно Помпеям, стал его жертвой. При раскопках в доме были найдены хорошо сохранившиеся элементы подъемника, которое служило для поднятия приготовленных блюд из кухни в расположенную над ней столовую. Находка датируется 79 годом н.э, - годом извержения Везувия. Подъемник приводился в действие мускульной силой.<br />&nbsp;&nbsp;&nbsp; Однако есть письменные упоминания о существовании прообразов лифтов, которые относится к еще более раннему периоду. Впервые лифт в своем трактате «Десять книг об архитектуре» описывает римский архитектор Витрувий, указывая на то, что конструкцию лифта разработал по его заказу Архимед из Сиракуз. Историки датируют рукопись 236 годом до н.э.<br />&nbsp;&nbsp;&nbsp; Также достоверно известно, что во дворце римского императора Нерона также был подъемник, служащий для подъема не только грузов, но и людей. Нерон питал слабость к театральным действам, которые часто и устраивал у себя во дворце. Подъемник использовался для доставки на сцену театра актеров и декораций. Им пользовались не только при подготовке спектакля, но и во время него. Как и подъемник в Геркулануме, он приводился в действие мускульной силой людей.<br />&nbsp;&nbsp;&nbsp; Из свидетельств очевидцев гладиаторских боев известно, что лифты применялись в римском Колизее для того, чтобы поднимать на поверхность арены гладиаторов и животных. Современные исследователи установили, что в Колизее существовали 12 лифтов, приводимых в движение рабами при помощи системы блоков. На рисунке показана принципиальная схема римских лифтов, а также фотография шахты лифты в Колизее.</p> <p><a href=\"joomplu:837 type=img\"><img style=\"display: block; margin-left: auto; margin-right: auto;\" src=\"http://platform-master.ru/index.php?option=com_joomgallery&amp;view=image&amp;format=raw&amp;id=837&amp;type=thumb\" class=\"jg_photo\" alt=\"joomplu:837\" /></a><em>&nbsp;&nbsp;&nbsp;&nbsp;&nbsp;&nbsp;&nbsp;&nbsp;&nbsp;&nbsp;&nbsp;&nbsp;&nbsp;&nbsp;&nbsp;&nbsp;&nbsp;&nbsp;&nbsp;&nbsp;&nbsp;&nbsp;&nbsp;&nbsp;&nbsp;&nbsp;&nbsp;&nbsp;&nbsp;&nbsp;&nbsp;&nbsp;&nbsp;&nbsp;&nbsp;&nbsp;&nbsp;&nbsp;&nbsp;&nbsp;&nbsp;&nbsp;&nbsp;&nbsp;&nbsp;&nbsp;&nbsp; Рис.2 Древнеримский подъемник</em></p> <p><em><a href=\"joomplu:838 type=img\"><img style=\"display: block; margin-left: auto; margin-right: auto;\" src=\"http://platform-master.ru/index.php?option=com_joomgallery&amp;view=image&amp;format=raw&amp;id=838&amp;type=thumb\" class=\"jg_photo\" alt=\"joomplu:838\" /></a>&nbsp;&nbsp;&nbsp;&nbsp;&nbsp;&nbsp;&nbsp;&nbsp;&nbsp;&nbsp;&nbsp;&nbsp;&nbsp;&nbsp;&nbsp;&nbsp;&nbsp;&nbsp;&nbsp;&nbsp;&nbsp;&nbsp;&nbsp;&nbsp;&nbsp;&nbsp;&nbsp;&nbsp;&nbsp;&nbsp;&nbsp;&nbsp;&nbsp;&nbsp;&nbsp;&nbsp; Рис.3 Кинематическая схема подъемников в Колизее.</em></p> <p><em>&nbsp;</em></p> <p><em><a href=\"joomplu:839 type=img\"><img style=\"display: block; margin-left: auto; margin-right: auto;\" src=\"http://platform-master.ru/index.php?option=com_joomgallery&amp;view=image&amp;format=raw&amp;id=839&amp;type=thumb\" class=\"jg_photo\" alt=\"joomplu:839\" /></a>&nbsp;&nbsp;&nbsp;&nbsp;&nbsp;&nbsp;&nbsp;&nbsp;&nbsp;&nbsp;&nbsp;&nbsp;&nbsp;&nbsp;&nbsp;&nbsp;&nbsp;&nbsp;&nbsp;&nbsp;&nbsp;&nbsp;&nbsp;&nbsp;&nbsp;&nbsp;&nbsp;&nbsp;&nbsp;&nbsp;&nbsp;&nbsp;&nbsp;&nbsp;&nbsp;&nbsp;&nbsp;&nbsp;&nbsp;&nbsp;&nbsp;&nbsp;&nbsp;&nbsp;&nbsp; Рис.4 Остатки подъемника в Колизее.</em></p> <p style=\"text-align: justify;\">Из трудов Филона Александрийского мы узнаем, что в его эпоху (1 век н.э.) в Александрии Египетской существовал механизм, предназначенный для подъема воды из реки, по принципу действия напоминающий лифт.</p> <p><a href=\"joomplu:840 type=img\"><img style=\"display: block; margin-left: auto; margin-right: auto;\" src=\"http://platform-master.ru/index.php?option=com_joomgallery&amp;view=image&amp;format=raw&amp;id=840&amp;type=thumb\" class=\"jg_photo\" alt=\"joomplu:840\" /></a><em>&nbsp;&nbsp;&nbsp;&nbsp;&nbsp;&nbsp;&nbsp;&nbsp;&nbsp;&nbsp;&nbsp;&nbsp;&nbsp;&nbsp;&nbsp;&nbsp;&nbsp;&nbsp;&nbsp;&nbsp;&nbsp;&nbsp;&nbsp;&nbsp;&nbsp;&nbsp;&nbsp;&nbsp;&nbsp;&nbsp;&nbsp;&nbsp;&nbsp;&nbsp;&nbsp;&nbsp;&nbsp;&nbsp;&nbsp;&nbsp;&nbsp;&nbsp;&nbsp; Рис.5 Подъемник в Александрии Египетской</em></p> <p style=\"text-align: justify;\">Есть свидетельства о существовании лифта в Синайском монастыре (Египет, VI век н.э.), по некоторым источникам, он представлял собой плетеную клеть, подвешенную на пеньковых веревках, и приводился в действие колесом, вращаемым ослами.</p> <p style=\"text-align: justify;\">&nbsp;&nbsp; Механизмом, напоминающим по принципу действия лифт, пользовались в XVI-XVII веках н.э. крестьяне Индии для того, чтобы черпать воду из рек.</p> <p><a href=\"joomplu:841 type=img\"><img style=\"display: block; margin-left: auto; margin-right: auto;\" src=\"http://platform-master.ru/index.php?option=com_joomgallery&amp;view=image&amp;format=raw&amp;id=841&amp;type=thumb\" class=\"jg_photo\" alt=\"joomplu:841\" /></a><em>&nbsp;&nbsp;&nbsp;&nbsp;&nbsp;&nbsp;&nbsp;&nbsp;&nbsp;&nbsp;&nbsp;&nbsp;&nbsp;&nbsp;&nbsp;&nbsp;&nbsp;&nbsp;&nbsp;&nbsp;&nbsp;&nbsp;&nbsp;&nbsp;&nbsp;&nbsp;&nbsp;&nbsp;&nbsp;&nbsp;&nbsp;&nbsp;&nbsp;&nbsp;&nbsp;&nbsp;&nbsp;&nbsp;&nbsp;&nbsp;&nbsp;&nbsp;&nbsp;&nbsp;&nbsp;&nbsp; Рис.6 Индийский подъемник XVI века</em></p> <p style=\"text-align: justify;\">Из документальных источников известно, что в XVII веке в Китае можно было увидеть подобные конструкции для подъема воды из реки. Отличительной его особенностью было то, что он приводился в движение пр помощи педалей, вращаемых двумя людьми.</p> <p><a href=\"joomplu:842 type=img\"><img style=\"display: block; margin-left: auto; margin-right: auto;\" src=\"http://platform-master.ru/index.php?option=com_joomgallery&amp;view=image&amp;format=raw&amp;id=842&amp;type=thumb\" class=\"jg_photo\" alt=\"joomplu:842\" /></a><em>&nbsp;&nbsp;&nbsp;&nbsp;&nbsp;&nbsp;&nbsp;&nbsp;&nbsp;&nbsp;&nbsp;&nbsp;&nbsp;&nbsp;&nbsp;&nbsp;&nbsp;&nbsp;&nbsp;&nbsp;&nbsp;&nbsp;&nbsp;&nbsp;&nbsp;&nbsp;&nbsp;&nbsp;&nbsp;&nbsp;&nbsp;&nbsp;&nbsp;&nbsp;&nbsp;&nbsp;&nbsp;&nbsp;&nbsp;&nbsp;&nbsp;&nbsp;&nbsp;&nbsp;&nbsp; Рис.7 Китайский подъемник XVII века</em></p> <p style=\"text-align: justify;\">В Европе и на Востоке при разработке месторождений полезных ископаемых в карьерах и шахтах часто использовали подъемники для подъема людей и грузов, приводимых в движение животными.</p> <p><a href=\"joomplu:843 type=img\"><img style=\"display: block; margin-left: auto; margin-right: auto;\" src=\"http://platform-master.ru/index.php?option=com_joomgallery&amp;view=image&amp;format=raw&amp;id=843&amp;type=thumb\" class=\"jg_photo\" alt=\"joomplu:843\" /></a><em>&nbsp;&nbsp;&nbsp;&nbsp;&nbsp;&nbsp;&nbsp;&nbsp;&nbsp;&nbsp;&nbsp;&nbsp;&nbsp;&nbsp;&nbsp;&nbsp;&nbsp;&nbsp;&nbsp;&nbsp;&nbsp;&nbsp;&nbsp;&nbsp;&nbsp;&nbsp;&nbsp;&nbsp;&nbsp;&nbsp;&nbsp;&nbsp;&nbsp;&nbsp;&nbsp;&nbsp;&nbsp;&nbsp;&nbsp;&nbsp;&nbsp;&nbsp;&nbsp;&nbsp;&nbsp;&nbsp;&nbsp;&nbsp;&nbsp;&nbsp;&nbsp;&nbsp; Рис.8 Подъемник в карьере</em></p> <p style=\"text-align: justify;\">В XVII веке лифты, становятся предметом роскоши и развлечения среди высокопоставленных особ. Так, например, при Петре Первом, в одном из дворцов Петергофа был сооружен небольшой грузовой лифт, перемещающий обеденный стол между первым и вторым этажом. Имя мастера, спроектировавшего этот механизм, до наших дней не дошло.<br />&nbsp;&nbsp;&nbsp; В 1743 году в Версальском дворце короля Франции Людовика XV был сооружен пассажирский лифт. Он предназначался для того, чтобы его Величество смогло без особых усилий осчастливить своим визитом любовницу, апартаменты которой располагалась этажом выше.</p> <p><a href=\"joomplu:844 type=img\"><img style=\"display: block; margin-left: auto; margin-right: auto;\" src=\"http://platform-master.ru/index.php?option=com_joomgallery&amp;view=image&amp;format=raw&amp;id=844&amp;type=thumb\" class=\"jg_photo\" alt=\"joomplu:844\" /></a><em>&nbsp;&nbsp;&nbsp;&nbsp;&nbsp;&nbsp;&nbsp;&nbsp;&nbsp;&nbsp;&nbsp;&nbsp;&nbsp;&nbsp;&nbsp;&nbsp;&nbsp;&nbsp;&nbsp;&nbsp;&nbsp;&nbsp;&nbsp;&nbsp;&nbsp;&nbsp;&nbsp;&nbsp;&nbsp;&nbsp;&nbsp;&nbsp;&nbsp;&nbsp;&nbsp;&nbsp;&nbsp;&nbsp;&nbsp;&nbsp;&nbsp;&nbsp;&nbsp;&nbsp;&nbsp;&nbsp;&nbsp;&nbsp;&nbsp;&nbsp;&nbsp;&nbsp;&nbsp;&nbsp;&nbsp;&nbsp; Рис.9 Лифт Людовика XV</em></p> <p style=\"text-align: justify;\"><em></em></p> <p style=\"text-align: justify;\">Как видим, для того, чтобы подняться к возлюбленной, королю необходимо было воспользоваться помощью слуги. Таким образом, этот слуга знал когда и во сколько король изволили подняться к даме сердца, сколько там были и во сколько вернулись. Раз знал один слуга, то, вероятно, знал и весь двор. Никакой конспирации!</p> <p style=\"text-align: justify;\">&nbsp;&nbsp; Однажды в 1795 году в коридорах Зимнего дворца в Петербурге царедворцы не без удивления наблюдали за тучным увальнем А. Безбородко. На сей раз канцлер пребывал в несвойственном для него состоянии возбуждения и экзальтации. Как выяснилось, он только что взлетел с первого этажа в царские апартаменты в «самоподъемном кресле». Это было не что иное, как прообраз лифта. Созданный выдающимся русским изобретателем И. Кулибиным подъемный механизм действовал с помощью одного или двух человек: специальные гайки, двигаясь по двум вертикально установленным ходовым винтам, поднимали площадку с кабиной. Подъемное кресло стало одним из наиболее любимых развлечений и высших сановников и дворцовой челяди. Это был первый пассажирский лифт, построенный в Российской империи.<br />&nbsp;&nbsp;&nbsp; В 1800 году впервые в качестве привода для лифта была применена паровая машина. Это произошло на одной из шахт по добыче каменного угля в Америке. Владелец шахты сделал вывод, что использование паровой машины повысит скорость подъема угля и людей и, тем самым, увеличит эффективность производства. С этого момента началась эра коммерческой эксплуатации лифтов. Пользоваться ими стало экономически выгодно. Уже в 1835 году паровые грузовые лифты начали применяться на промышленных предприятиях Англии.</p> <p><a href=\"joomplu:845 type=img\"><img style=\"display: block; margin-left: auto; margin-right: auto;\" src=\"http://platform-master.ru/index.php?option=com_joomgallery&amp;view=image&amp;format=raw&amp;id=845&amp;type=thumb\" class=\"jg_photo\" alt=\"joomplu:845\" /></a><em>&nbsp;&nbsp;&nbsp;&nbsp;&nbsp;&nbsp;&nbsp;&nbsp;&nbsp;&nbsp;&nbsp;&nbsp;&nbsp;&nbsp;&nbsp;&nbsp;&nbsp;&nbsp;&nbsp;&nbsp;&nbsp;&nbsp;&nbsp;&nbsp;&nbsp;&nbsp;&nbsp;&nbsp;&nbsp;&nbsp;&nbsp;&nbsp;&nbsp;&nbsp;&nbsp;&nbsp;&nbsp;&nbsp;&nbsp;&nbsp;&nbsp;&nbsp;&nbsp;&nbsp;&nbsp;&nbsp;&nbsp; Рис.10 Паровой лифт начала XIX века</em></p> <p style=\"text-align: justify;\">Одним из недостатков паровых лифтов была постоянная необходимость поддерживать паровую машину в работе. Это не было особой проблемой на шахтах, где лифт работал постоянно, но создавало массу неудобств на предприятиях, где лифт был нужен эпизодически. По этой причине, а также из-за чрезмерной шумности паровые лифты не устанавливались в жилых домах. Проблема была отчасти решена в 1845г., когда американец Вильям Томсон разработал первый гидравлический лифт. Его конструкция также не была лишена недостатков, поскольку требовала наличия источника давления в жидкости. Им могла быть ... паровая машина. Основным преимуществом было то, что ее можно было разместить удаленно от места установки лифта, а подачу жидкости осуществлять по трубопроводу высокого давления. Появившиеся в то время в некоторых городах централизованные системы водопровода были малопригодны для использования с лифтами Томпсона, поскольку давление в них не превышало 0,38 МПа.</p> <p style=\"text-align: justify;\">&nbsp;&nbsp; В 1851 году инженер Вильям Армстронг создал гидравлический аккумулятор для увеличения и обеспечения постоянства давления поступающей в цилиндр воды. Для этого он использовал вертикальный цилиндр с диаметром плунжера в 40 или 45 см, который поддерживал большой стальной ящик, наполненный камнем или гравием. Хотя подъемник Армстронга был оборудован ключевыми компонентами современного гидравлического лифта: гидроцилиндром плунжерного типа, мультипликатором и гидроаккумулятором, многочисленные конструкторские разработки в Англии и Европе в целом сосредоточились на совершенствовании конструкции лифтов с гидроцилиндром плунжерного типа прямого действия. Первый такой лифт появился в Англии в 1849 г. и был установлен в отеле Osmaston Manor. К середине 60-х годов XIX столетия крупные городские гостиницы в Англии тоже начинали использовать гидравлические пассажирские лифты.<br />&nbsp;&nbsp;&nbsp; Это было время совместного существования паровых и гидравлических лифтов. В 1852 американский инженер Элайша Грейвс Отис создал изобретение, сделавшее лифт самым безопасным видом транспорта. За свою жизнь Отис сменил несколько профессий: был строительным рабочим, работал на лесопилке, строил кареты, служил на мебельной фабрике, выпускавшей кровати. Именно здесь в 1852 году его попросили сконструировать подъемник для доставки досок на второй этаж. Во время работы над подъемником Отис и сделал свое ключевое изобретение. Если до него трос к кабине крепился непосредственно, то Отис решил закрепить его посредством упругой стальной пластины-рессоры, а по бокам подъемника установить зубчатые рельсы. Под весом даже пустой платформы пружина выгибалась и свободно проходила между рельсами. В случае же обрыва каната пружина, распрямившись, своими концами застревала в зубцах рельсов, предотвращая падение.</p> <p><a href=\"joomplu:846 type=img\"><img style=\"display: block; margin-left: auto; margin-right: auto;\" src=\"http://platform-master.ru/index.php?option=com_joomgallery&amp;view=image&amp;format=raw&amp;id=846&amp;type=thumb\" class=\"jg_photo\" alt=\"joomplu:846\" /></a><em>&nbsp;&nbsp;&nbsp;&nbsp;&nbsp;&nbsp;&nbsp;&nbsp;&nbsp;&nbsp;&nbsp;&nbsp;&nbsp;&nbsp;&nbsp;&nbsp;&nbsp;&nbsp;&nbsp;&nbsp;&nbsp;&nbsp;&nbsp;&nbsp;&nbsp;&nbsp;&nbsp;&nbsp;&nbsp;&nbsp;&nbsp;&nbsp;&nbsp;&nbsp;&nbsp;&nbsp;&nbsp;&nbsp;&nbsp;&nbsp;&nbsp;&nbsp;&nbsp;&nbsp;&nbsp;&nbsp;&nbsp;&nbsp;&nbsp;&nbsp;&nbsp;&nbsp;&nbsp;&nbsp; Рис.11 Элайша Грейвс Отис</em></p> <p style=\"text-align: justify;\"><em><br data-mce-bogus=\"1\" /></em>Отис назвал свой подъемник \"безопасным лифтом\" и основал фирму Otis Elevator, которая начала производство таких лифтов. В 1854 году для того чтобы увеличить продажи лифтов своей конструкции Отис придумал остроумный рекламный трюк. В одном из выставочных залов Нью-Йорка, где имелся высокий купол, между двумя опорами высотой 12 метров двигалась подъемная платформа. На вершине сооружения стоял помощник, державший в руке длинный меч. На платформе среди бочек и ящиков стоял сам изобретатель во фраке и в цилиндре. Паровая машина подтягивала платформу на самый верх, и ассистент по команде Отиса обрубал канат мечом. Платформа устремлялась вниз, но через метр-два автоматика со страшным скрежетом срабатывала и останавливала падение. Отис снимал цилиндр и кланялся публике.</p> <p><a href=\"joomplu:847 type=img\"><img style=\"display: block; margin-left: auto; margin-right: auto;\" src=\"http://platform-master.ru/index.php?option=com_joomgallery&amp;view=image&amp;format=raw&amp;id=847&amp;type=thumb\" class=\"jg_photo\" alt=\"joomplu:847\" /></a><em>&nbsp;&nbsp;&nbsp;&nbsp;&nbsp;&nbsp;&nbsp;&nbsp;&nbsp;&nbsp;&nbsp;&nbsp;&nbsp;&nbsp;&nbsp;&nbsp;&nbsp;&nbsp;&nbsp;&nbsp;&nbsp;&nbsp;&nbsp; Рис.12 Чертеж из описания к патенту US31128, выданный Э.Г. Отису.</em></p> <p style=\"text-align: justify;\">Через три года, в 1857, фирма Otis Elevator установила первый свой пассажирский лифт в пятиэтажном магазине на Бродвее. Лифт брал до пяти человек и вез их со скоростью 20 сантиметров в секунду.</p> <p><a href=\"joomplu:848 type=img\"><img style=\"display: block; margin-left: auto; margin-right: auto;\" src=\"http://platform-master.ru/index.php?option=com_joomgallery&amp;view=image&amp;format=raw&amp;id=848&amp;type=thumb\" class=\"jg_photo\" alt=\"joomplu:848\" /></a><em>&nbsp;&nbsp;&nbsp;&nbsp;&nbsp;&nbsp;&nbsp;&nbsp;&nbsp;&nbsp;&nbsp;&nbsp;&nbsp;&nbsp;&nbsp;&nbsp;&nbsp;&nbsp;&nbsp;&nbsp;&nbsp;&nbsp;&nbsp;&nbsp;&nbsp;&nbsp;&nbsp;&nbsp; Рис.13 Паровой лифт фирмы Otis Elevator (верхняя лебедка)</em></p> <p><em><a href=\"joomplu:849 type=img\"><img style=\"display: block; margin-left: auto; margin-right: auto;\" src=\"http://platform-master.ru/index.php?option=com_joomgallery&amp;view=image&amp;format=raw&amp;id=849&amp;type=thumb\" class=\"jg_photo\" alt=\"joomplu:849\" /></a><a href=\"joomplu:849 type=img\"></a>&nbsp;&nbsp;&nbsp;&nbsp;&nbsp;&nbsp;&nbsp;&nbsp;&nbsp;&nbsp;&nbsp;&nbsp;&nbsp;&nbsp;&nbsp;&nbsp;&nbsp;&nbsp;&nbsp;&nbsp;&nbsp;&nbsp;&nbsp;&nbsp;&nbsp;&nbsp;&nbsp;&nbsp;&nbsp;&nbsp;&nbsp;&nbsp;&nbsp;&nbsp;&nbsp; Рис.14 Паровой лифт фирмы Otis Elevator (кабина)</em></p> <p><em><a href=\"joomplu:850 type=img\"><img style=\"display: block; margin-left: auto; margin-right: auto;\" src=\"http://platform-master.ru/index.php?option=com_joomgallery&amp;view=image&amp;format=raw&amp;id=850&amp;type=thumb\" class=\"jg_photo\" alt=\"joomplu:850\" /></a>&nbsp;&nbsp;&nbsp;&nbsp;&nbsp;&nbsp;&nbsp;&nbsp;&nbsp;&nbsp;&nbsp;&nbsp;&nbsp;&nbsp;&nbsp;&nbsp;&nbsp;&nbsp;&nbsp;&nbsp;&nbsp;&nbsp;&nbsp;&nbsp;&nbsp;&nbsp; Рис.15 Паровой лифт фирмы Otis Elevator (нижняя лебедка)</em></p> <p style=\"text-align: justify;\">Во второй половине XIX века в США началась эра строительства небоскребов. В первых небоскребах чаще применяли гидравлические лифты без каната: поршень, ходящий в длинном цилиндре, под напором воды выталкивал кабинку вверх. Такая система применялась в домах не выше 20 этажей, потому что для размещения гидроцилиндра под фундаментом дома необходимо было выкапывать глубокую яму. Зато гидравлические лифты двигались в несколько раз быстрее, чем паровые лифты системы Отиса. Кроме того, через некоторое время гидравлику усовершенствовали, разместив цилиндр горизонтально, а поршень через систему блоков тянул канат, поднимавший кабину.<br />&nbsp;&nbsp;&nbsp; В 1859 году фирма Otis Elevator сконструировала в отеле \"Пятая авеню\" винтовой лифт. От подвала до чердака здание пронизывал огромный металлический винт, а кабина ходила по нему как гайка. Винт вращался через шкив ремнем от паровой машины, стоявшей в подвале. Когда винт вращался вправо, кабина шла вверх, влево - вниз. Чтобы кабина не вращалась вместе с винтом, вдоль одного ее угла в шахте лифта проходил рельс-ограничитель. Но эта система оказалась медленной, неудобной и дорогой. Было смонтировано только два таких лифта, которые проработали до 1875 года.<br />&nbsp;&nbsp;&nbsp; В это же время совершенствовались конструкции гидравлических лифтов. На Всемирной выставке 1867 года в Париже инженер Леон Эдду установил свой лифт в Галерее механизмов и перевозил посетителей до наблюдательной платформы высотой 2 м. В конструкции лифта применялся пустотелый плунжер диаметром 24,5 см, составленный из четырех отдельных частей. Кабина была закреплена на головке плунжера и направлялась четырьмя пустотелыми чугунными колоннами, которые одновременно составляли основу конструкции шахты. Внутри колонн перемещались противовесы, подвешенные на цепях, огибающих блоки вверху шахты и закрепленные на раме кабины. Многочисленные критики отмечали непригодность этого лифта для зданий повышенной этажности. В ответ на критику Л. Эдду представил на Парижской выставке в 1878 года. лифт с плунжерным цилиндром прямого действия и высотой подъема 128,5 м. Цилиндр размещался под кабиной в колодце, дно которого находилось на отметке 16 м ниже уровня моря. Использовалась также вода из городской водопроводной сети. Вскоре лифт этой конструкции был установлен на Эйфелевой башне, что подтверждением надежности конструкции французского изобретателя и позволило широкой общественности без труда наслаждаться видами Парижа с обзорной площадки башни.<br />&nbsp;&nbsp;&nbsp; Фирма Otis Elevator не хотела уступать конкурентам, производившим гидравлические лифты, и с 1874 года начала предлагать гидравлические пассажирские лифты и грузовые подъемники своей конструкции.</p> <p><a href=\"joomplu:851 type=img\"><img style=\"display: block; margin-left: auto; margin-right: auto;\" src=\"http://platform-master.ru/index.php?option=com_joomgallery&amp;view=image&amp;format=raw&amp;id=851&amp;type=thumb\" class=\"jg_photo\" alt=\"joomplu:851\" /></a><em>&nbsp;&nbsp;&nbsp;&nbsp;&nbsp;&nbsp;&nbsp;&nbsp;&nbsp;&nbsp;&nbsp;&nbsp;&nbsp;&nbsp;&nbsp;&nbsp;&nbsp;&nbsp;&nbsp;&nbsp;&nbsp;&nbsp;&nbsp;&nbsp;&nbsp;&nbsp;&nbsp;&nbsp;&nbsp;&nbsp;&nbsp;&nbsp;&nbsp;&nbsp;&nbsp;&nbsp;&nbsp;&nbsp; Рис.16 Гидравлический лифт фирмы Otis Elevator</em></p> <p><em><a href=\"joomplu:852 type=img\"><img style=\"display: block; margin-left: auto; margin-right: auto;\" src=\"http://platform-master.ru/index.php?option=com_joomgallery&amp;view=image&amp;format=raw&amp;id=852&amp;type=thumb\" class=\"jg_photo\" alt=\"joomplu:852\" /></a>&nbsp;&nbsp;&nbsp;&nbsp;&nbsp;&nbsp;&nbsp;&nbsp;&nbsp;&nbsp;&nbsp;&nbsp;&nbsp;&nbsp;&nbsp;&nbsp;&nbsp;&nbsp;&nbsp;&nbsp;&nbsp;&nbsp;&nbsp;&nbsp;&nbsp;&nbsp;&nbsp; Рис.17 Грузовой гидравлический подъемник фирмы Otis Elevator</em></p> <p style=\"text-align: justify;\">Противостояние гидравлических и паровых лифтов могло бы продолжаться еще дольше, но в 1880 году компания немецкого инженера Вернера фон Сименса построила в городе Мангейм первый в мире электрический лифт. Он поднимался на высоту 22 метра за 11 секунд.</p> <p><a href=\"joomplu:852 type=img\"><img style=\"display: block; margin-left: auto; margin-right: auto;\" src=\"http://platform-master.ru/index.php?option=com_joomgallery&amp;view=image&amp;format=raw&amp;id=852&amp;type=thumb\" class=\"jg_photo\" alt=\"joomplu:852\" /></a><em>&nbsp;&nbsp;&nbsp;&nbsp;&nbsp;&nbsp;&nbsp;&nbsp;&nbsp;&nbsp;&nbsp;&nbsp;&nbsp;&nbsp;&nbsp;&nbsp;&nbsp;&nbsp;&nbsp;&nbsp;&nbsp;&nbsp;&nbsp;&nbsp;&nbsp;&nbsp;&nbsp;&nbsp;&nbsp;&nbsp; Рис.18 Демонстрация работы первого электрического лифта</em></p> <p style=\"text-align: justify;\">Первый электрический лифт фирмы Otis Elevator был смонтирован в одном из нью-йоркских небоскребов в 1889 году.</p> <p><a href=\"joomplu:855 type=img\"><img style=\"display: block; margin-left: auto; margin-right: auto;\" src=\"http://platform-master.ru/index.php?option=com_joomgallery&amp;view=image&amp;format=raw&amp;id=855&amp;type=thumb\" class=\"jg_photo\" alt=\"joomplu:855\" /></a></p> <p style=\"text-align: center;\"><em>Рис.19 Электрический лифт фирмы Otis Elevator</em></p> <p style=\"text-align: justify;\">В 1887 году американец А. Майлс получил патент на электрический лифт, в котором была предусмотрена система блокировки дверей лифтовой шахты при отсутствии кабины на этаже.</p> <p style=\"text-align: justify;\">&nbsp;</p>','istoriya-sozdaniya-lifta'),(49,'','','','','2014-07-31','СНиП 35-01-2001',1,'<p>СНиП&nbsp;35-01-2001<a href=\"http://vimec.ru/35-normativnye-dokumenty/82-snip-35-01-2001\"></a></p>','snip-35-01-2001'),(50,'','','','','2014-07-31','СНиП 35-103-2001',1,'<p>СНиП&nbsp;35-103-2001</p>','snip-35-103-2001'),(51,'','','','','2014-07-31','Положение о порядке и условиях предоставления мер социальной поддержки по обеспечению инвалидов дополнительными техническими средствами реабилитации',1,'<p>Положение о порядке и условиях предоставления мер социальной поддержки по обеспечению инвалидов дополнительными техническими средствами реабилитации<a href=\"http://vimec.ru/35-normativnye-dokumenty/85-polozhenie-o-poryadke-i-usloviyakh-predostavleniya-mer-sotsialnoj-podderzhki\"></a></p>','polozhenie-o-poryadke-i-usloviyakh-predostavleniya-mer-sotsialnoj-podderzhki'),(52,'','','','','2014-07-31','Федеральная программа \"Доступная среда\" на 2011-2015 годы',1,'<p>Федеральная программа \"Доступная среда\" на 2011-2015 годы<a href=\"http://vimec.ru/35-normativnye-dokumenty/84-federalnaya-programma-dostupnaya-sreda-na-2011-2015-gody\"></a></p>','federalnaya-programma-dostupnaya-sreda-na-2011-2015-gody'),(53,'','','','','2014-07-31','Методические рекомендации, нацеленные на устранение наиболее часто встречающихся барьеров на пути следования инвалидов',1,'<p>Методические рекомендации, нацеленные на устранение наиболее часто встречающихся барьеров на пути следования инвалидов и . других маломобильных групп населения при посещении административных зданий и служебных помещений.</p>','metodicheskie-rekomendatsii-na-ustranenie-barerov'),(54,'','','','','2014-08-01','СП 35-101-2001',1,'<p><span style=\"color: #616060; font-family: Arial; font-size: 16px; line-height: normal;\">Свод правил&nbsp;</span><br style=\"color: #616060; font-family: Arial; font-size: 16px; line-height: normal;\" /><span style=\"color: #616060; font-family: Arial; font-size: 16px; line-height: normal;\">Проектирование зданий и сооружений с учетом доступности для маломобильных групп населения. Общие положения&nbsp;</span></p>','sp-35-101-2001'),(55,'','','',' <p style=\"text-align: justify;\">По прошествии Олимпийских и Паралимпийских игр в Сочи 2014, можно подвести предварительные итого того, насколько хорошо оборудованы объекты, насколько выполняется госпрограмма и что думаю сами люди.&nbsp; Проживающий в Сочи инвалид-колясочник Фрол Владимиров, вместе с корреспондентом \"Кавказского узла\", проехал на коляске по центру города чтобы оценить доступность объектов для маломобильной группы населения.</p> <p><iframe width=\"560\" height=\"315\" src=\"//www.youtube.com/embed/EQZnLPmJEPw?rel=0\" frameborder=\"0\" allowfullscreen=\"true\" style=\"display: block; margin-left: auto; margin-right: auto;\"></iframe></p> <p style=\"text-align: justify;\">Путешествие на инвалидной коляске в центре Сочи началось от железнодорожного вокзала и закончилось у администрации города. По оценке Владимирова, на вокзале все сделано продуманно, начиная от въезда в здание вокзала и заканчивая перроном и входом в электричку. \"Никаких проблем нет. Пандусы удобные, работают лифты и подъемники. Оказывается помощь персонала\", - заключил г-н Владимиров.</p> <p style=\"text-align: justify;\"><a href=\"joomplu:522 type=img\"><img src=\"http://platform-master.ru/index.php?option=com_joomgallery&amp;view=image&amp;format=raw&amp;id=522&amp;type=thumb\" class=\"jg_photo\" alt=\"joomplu:522\" width=\"265\" height=\"201\" style=\"margin-right: 10px; margin-bottom: 10px; float: left;\" /></a></p> <p style=\"text-align: justify;\">По словам Владимирова, он учился за границей и видел везде подобные лифты на вокзалах, в магазинах, в аэропортах, в метро, и считает правильным, что такие лифты, наконец, появились и в Сочи. \"Они используются как для перевозки инвалидов, так и для людей, у которых много багажа. Главное, чтобы они всегда поддерживались в рабочем состоянии и правильно эксплуатировались\", - отметил инвалид.</p> <p style=\"text-align: justify;\">«Честно говоря, думал, что все опять будет сделано абы как, лишь бы пустить пыль в глаза. Но теперь вижу, что власти старались, думали. Конечно, нам еще очень далеко до Европы, и мои друзья из европейских стран оценивают сделанное на тройку с плюсом, но не стоит забывать, насколько мы отстаем от Европы во многом, в том числе по ментальности не только властей, но и самих граждан России\", - сказал Владимиров.</p> <p style=\"text-align: justify;\">Он обратил внимание, что за рубежом никто и никогда не припаркуется на парковочном месте, где стоит знак \"для инвалидов\". \"У нас же занятие этих мест сплошь и рядом. Я сам вожу машину и могу отметить, что эти места все заняты. И в Сочи почти к каждой такой парковке для инвалидов приставлено по полицейскому, чтобы предупреждать водителей, что использовать парковку для инвалидов обычному транспорту незаконно\", - рассказал инвалид.</p> <p style=\"text-align: justify;\">Однако он отмечает, что в Сочи все же начались положительные изменения. \"То ли толчком этому послужили Паралимпийские игры, то ли наше общество растет. Но явно меняется отношение к людям с ограниченными возможностями, как нас теперь называют. Самое главное - хочется верить, чтобы эту \"конфетку\", которую показали сочинским инвалидам, не отобрали после Паралимпийских игр\", - говорит Фрол Владимиров, который надеется, что с Паралимпийских игр начнет развиваться в лучшую сторону отношение к инвалидам, как со стороны властей, так и со стороны общества.</p> <p style=\"text-align: justify;\">&nbsp;</p> <p style=\"text-align: justify;\">&nbsp;</p>','2014-08-04','Безбарьерная среда в Сочи. Что будет дальше ?',1,'<p style=\"text-align: justify;\">Необходимо, чтобы развитие безбарьерной среды сохранилось после Паралимпиады.</p> ','bezbarernaya-sreda-v-sochi-chto-budet-dalshe'),(56,'','','',' <p><img src=\"http://montajlift.ru/images/stories/Cabins/ThyssenKrupp/BKG/shema2seredina.jpg\" style=\"float: left; margin: 5px; width: 200px;\" /></p> <p>На сегодняшний день трудно представить профессиональную кухню с необходимостью перемещения груза без сервисного лифта. Такое технически простое решение позволило значительно упростить и ускорить работу работников профессиональной кухни. Такие лифты рекомендуется предусматривать еще на этапе планировки кухни. Таким образом, все монтажные работы и запуск лифта займут не более 2 дней. Вы можете заказать проект как горизонтального, так и вертикального сервисного лифта. Грузоподъемность и вместительность данного оборудования обсуждается дополнительно. Производитель предлагает три основных класса сервисных лифтов от 5 до 250кг. Также одной из приятных опций является универсальность сервисного лифта. Если архитектура помещения предполагает повороты или необходимость подхода к лифту с другой стороны, то конструкторы предусмотрели возможность открытия камеры лифта с нескольких сторон. Управление таким лифтом вынесено исключительно только наружу, с целью безопасности и избегания инцидентов с детьми или животными. Лифтовая шахта монтируется из прочной оцинкованной стали, что гарантирует её долговечность. Под заказ предоставляются дополнительные функции: освещение, обогрев или охлаждение в лифте, наличие съемной полки.</p> <p>Все эти функции продуманные до мельчайших подробностей разработаны на основе сотрудничества с лучшими профессиональными поварами мира. Прислушиваясь к их рекомендациям, были разработаны и предложены для широкого применения сервисные кухонные лифты.</p> <p>Такой лифт станет надежным помощником на любой кухне. А клиенты Вашего ресторана или отеля будут приятно удивлены скоростью и качеством Вашего обслуживания.</p>','2014-08-05','Сервисный лифт должен быть на каждой профессиональной кухне',1,'<p>На сегодняшний день трудно представить профессиональную кухню с необходимостью перемещения груза без сервисного лифта. Такое технически простое решение позволило значительно упростить и ускорить работу работников профессиональной кухни. Такие лифты рекомендуется предусматривать еще на этапе планировки кухни. Таким образом, все монтажные работы и запуск лифта займут не более 2 дней. Вы можете заказать проект как горизонтального, так и вертикального сервисного лифта. Грузоподъемность и вместительность данного оборудования обсуждается дополнительно. Производитель предлагает три основных класса сервисных лифтов от 5 до 250кг. Также одной из приятных опций является универсальность сервисного лифта. Если архитектура помещения предполагает повороты или необходимость подхода к лифту с другой стороны, то конструкторы предусмотрели возможность открытия камеры лифта с нескольких сторон. Управление таким лифтом вынесено исключительно только наружу, с целью безопасности и избегания инцидентов с детьми или животными. Лифтовая шахта монтируется из прочной оцинкованной стали, что гарантирует её долговечность. Под заказ предоставляются дополнительные функции: освещение, обогрев или охлаждение в лифте, наличие съемной полки.</p> ','servisnyi-lift-dolzhenbyt-na-kazhdoi-professionalnoi-kukhne'),(57,'','','',' <p><img src=\"http://www.alpoka.ru/images/bassaalzatanew.jpg\" style=\"float: left; margin: 5px; width:300px;\" /> </p> <p>Подъемные столы – универсальное профессиональное оборудование для перемещения габаритного груза без применения подвесных конструкций. Сегодня подъемные столы плотно вошли в оборудование, которое ежедневно используется на любом производстве. Если Вам необходимо регулярно поднимать и опускать мобильный груз, то это самое оптимальное решение. Сегодня уже очень трудно найти хоть одну профессиональную станцию технического обслуживания автомобилей, где не было бы подъемного стола. Практичность и функциональность этих платформ трудно переоценить. Перед заказом у производителя данной модели подъемной конструкции Вы определяетесь с габаритами, которые максимально удовлетворяют Ваши запросы на производстве и точно подходят под производственные площади. Лучшие конструкторы предложат Вам несколько вариантов размещения подъемного стола. А уникальная функция сборки позволит Вам компактно убрать подъемник в случае отсутствия необходимости его использования. Для Вас предусмотрена широкая палитра цветовых решений, что позволит Вам гармонично вписать подъемный стол в современный дизайн любого технического помещения. А специальное антикоррозионное покрытие всех материалов гарантирует Вам долгосрочность использования всего комплекса оборудования. Вы можете установить подъемный стол как снаружи, так и внутри помещения.</p> <p>С помощью функций синхронного и асинхронного движения платформы Вы можете решить любые задачи поставленные перед мастером. А крепления-стопы на подъемном столе обеспечат фиксацию автомобиля на платформе.</p> <p>Приобретая подъемный стол в автосервис, Вы решаете вопрос о деликатной транспортировке любого автомобиля.</p>','2014-08-12','Подъемный стол – помощник на любом СТО',1,'<p>Подъемные столы – универсальное профессиональное оборудование для перемещения габаритного груза без применения подвесных конструкций. Сегодня подъемные столы плотно вошли в оборудование, которое ежедневно используется на любом производстве. Если Вам необходимо регулярно поднимать и опускать мобильный груз, то это самое оптимальное решение. Сегодня уже очень трудно найти хоть одну профессиональную станцию технического обслуживания автомобилей, где не было бы подъемного стола. Практичность и функциональность этих платформ трудно переоценить. Перед заказом у производителя данной модели подъемной конструкции Вы определяетесь с габаритами, которые максимально удовлетворяют Ваши запросы на производстве и точно подходят под производственные площади. Лучшие конструкторы предложат Вам несколько вариантов размещения подъемного стола. А уникальная функция сборки позволит Вам компактно убрать подъемник в случае отсутствия необходимости его использования. Для Вас предусмотрена широкая палитра цветовых решений, что позволит Вам гармонично вписать подъемный стол в современный дизайн любого технического помещения. А специальное антикоррозионное покрытие всех материалов гарантирует Вам долгосрочность использования всего комплекса оборудования. Вы можете установить подъемный стол как снаружи, так и внутри помещения.</p> ','podemnyi-stol-pomoshchnik-na-liubom-sto'),(58,'','','',' <p><img src=\"http://stroy-plys.ru/uploads/posts/2013-10/1381311196_odnostoechnyy-machtovyy-gruzovoy-podemnik-dlya-stroyki.jpg\" style=\"float: right; width: 250px; margin: 5px;\" /></p> <p>Мачтовый подъемник – один из самых безопасных и надежных подъемников, нашедший применений в крупном строительстве. Специальная инженерная конструкция, которая фиксируется на вертикальную поверхность, обеспечивает полное прилегание при движении платформы с грузом. Таким образом, именно мачтовые подъемники применяются для подъема грузов до 15 тонн. Мачтовый подъемник произведен из высокопрочных материалов, что гарантирует прочность и надежность конструкции. Именно применяя на строительной площадке данный механизм, Вы можете поднимать грузы на высоту до 300м. Для Вас инженеры предусмотрели возможность крепления мачтовых подъемников на любую вертикальную поверхность, независимо от того, это снаружи или внутри помещения. Это объясняется хорошей переносимостью оборудованием перепада температур от -20°C до 45°C. Особое внимание было уделено ресурсной части механизма. Применение на Вашем объекте мачтового подъемника не повлечет за собой значительных энергозатрат.</p> <p>Для Вас также предусмотрена возможность разработки дополнительных функций мачтовых подъемников под заказ. Вы можете разработать специфическую систему крепления сыпучего груза, сделать платформу закрытой, предусмотреть выезжающую платформу для удобства разгрузки перевозимого материала. Производитель готов сделать все, чтобы Вы получили в Ваше распоряжение настоящего надежного помощника. А за качество конструкции Вы можете быть спокойны. Для каждого покупателя предусмотрена гарантия на качество мачтовых подъемников.&nbsp;</p>','2014-08-19','Мачтовый подъемник – незаменимое оборудование для масштабных проектов',1,'<p>Мачтовый подъемник – один из самых безопасных и надежных подъемников, нашедший применений в крупном строительстве. Специальная инженерная конструкция, которая фиксируется на вертикальную поверхность, обеспечивает полное прилегание при движении платформы с грузом. Таким образом, именно мачтовые подъемники применяются для подъема грузов до 15 тонн. Мачтовый подъемник произведен из высокопрочных материалов, что гарантирует прочность и надежность конструкции. Именно применяя на строительной площадке данный механизм, Вы можете поднимать грузы на высоту до 300м. Для Вас инженеры предусмотрели возможность крепления мачтовых подъемников на любую вертикальную поверхность, независимо от того, это снаружи или внутри помещения. Это объясняется хорошей переносимостью оборудованием перепада температур от -20°C до 45°C. Особое внимание было уделено ресурсной части механизма. Применение на Вашем объекте мачтового подъемника не повлечет за собой значительных энергозатрат.</p> ','machtovyi-podemnik-nezamenimoe-oborudovanie-dlia-masshtabnykh-proektov'),(59,'','','',' <p><img src=\"http://www.altayrealt.ru/upload/medialibrary/7a1/7a1626007411294e2e618e445a9541e6.jpg\" style=\"float: right; width: 250px; margin: 5px;\" /></p> <p>С ежедневным увеличением размера мегаполисов и строительством крупных торговых центров, вокзалов, аэропортов все чаще находят применение такие движущие подъемники, как эскалатор и траволатор. Эскалатор имеет такой электромеханизм, который позволяет перемещать людей с помощью движущихся ступеней на определенную высоту, но все большую популярность постепенно набирает траволатор.</p> <p>Слово «траволатор» в переводе с английского языка, означает «движущийся тротуар» или «пассажирский конвейер». И это не удивительно. Принцип работы траволатора следующий: с помощью электропривода платформы разных размеров с гибкой сцепкой движутся горизонтально. Ширина и длина таких плит или полос может быть подогнана под место размещения оборудования. Опытные инженеры-конструкторы помогут Вам рассчитать такой размер траволатора и скорость его движения, чтобы он мог эффективно решать вопрос с оперативным движением большого количества людей одновременно.</p> <p>Отличительной особенностью такого механизма является то, что на нем удобнее перемещать детскую или инвалидную коляску, тележку с продуктами в случае размещения траволатора в торговом центре. Стоит помнить, что у траволатора есть определенные технические ограничения. Так, учитывая отсутствие ступеней, траволатор достаточно ограничен в уровне возможного подъема или спуска пассажиров. Угол наклона должен быть небольшим и плавным, чтобы обеспечить безопасность пассажиров.</p> <p>Заказать траволатор очень просто. Достаточно обратиться к нашим менеджерам, и они с радостью подскажут все особенности выбранного Вами подъемного оборудования.</p>','2014-10-09','Траволатор – современное решение для быстрого перемещения пассажиров',1,'<p>С ежедневным увеличением размера мегаполисов и строительством крупных торговых центров, вокзалов, аэропортов все чаще находят применение такие движущие подъемники, как эскалатор и траволатор. Эскалатор имеет такой электромеханизм, который позволяет перемещать людей с помощью движущихся ступеней на определенную высоту, но все большую популярность постепенно набирает траволатор.</p> ','travolator-sovremennoe-reshenie-dlya-bystrogo-peremeshcheniya-passazhirov'),(60,'','','',' <p style=\"text-align: justify;\">А ведь, стоит немного пофантазировать, на тему что бы было, если бы лифт не изобрели, то начинаешь понимать, что без лифта облик современных городов был бы совсем иным. Не будь лифта, самые высокие дома вряд ли были бы выше хрущевских пятиэтажек.<br />&nbsp;&nbsp; В середине ХХ в. этнографы наблюдали жизнь папуасского племени, по уровню своего развития находящегося в каменном веке. Погребальные обычаи этого племени требовали хоронить покойников на вершине деревьев. Для подъема мертвых тел аборигены использовали устройство, действующее по принципу современного лифта. Платформа, сплетенная из лиан и ветвей, поднимала груз с помощью противовеса. Вполне вероятно, что подобные конструкции были известны и в эпоху каменного века европейской цивилизации.<br />&nbsp;&nbsp;&nbsp; У лифта, подъемного крана, лебедки и прочих подъемных механизмов один общий предок — рычаг, известный людям с древнейших времен. Рычаг в виде колодезного журавля использовался еще древними египтянами. В письменных памятниках Древнего Египта, датированных 2600 г. до н.э. найдено упоминание о подъемной платформе, которая использовалась для подъема грузов около 90 кг.</p> <p style=\"text-align: center;\"><a href=\"joomplu:836 type=img\"><img style=\"display: block; margin-left: auto; margin-right: auto;\" src=\"http://platform-master.ru/index.php?option=com_joomgallery&amp;view=image&amp;format=raw&amp;id=836&amp;type=thumb\" class=\"jg_photo\" alt=\"joomplu:836\" /></a><em>Рис.1 Колодезный журавль</em></p> <p style=\"text-align: justify;\">Наиболее древним подъемным устройством — прообразом лифта является подъемник в одном из домов древнеримского города Геркуланум, который находится у подножия вулкана Везувий, и подобно Помпеям, стал его жертвой. При раскопках в доме были найдены хорошо сохранившиеся элементы подъемника, которое служило для поднятия приготовленных блюд из кухни в расположенную над ней столовую. Находка датируется 79 годом н.э, - годом извержения Везувия. Подъемник приводился в действие мускульной силой.<br />&nbsp;&nbsp;&nbsp; Однако есть письменные упоминания о существовании прообразов лифтов, которые относится к еще более раннему периоду. Впервые лифт в своем трактате «Десять книг об архитектуре» описывает римский архитектор Витрувий, указывая на то, что конструкцию лифта разработал по его заказу Архимед из Сиракуз. Историки датируют рукопись 236 годом до н.э.<br />&nbsp;&nbsp;&nbsp; Также достоверно известно, что во дворце римского императора Нерона также был подъемник, служащий для подъема не только грузов, но и людей. Нерон питал слабость к театральным действам, которые часто и устраивал у себя во дворце. Подъемник использовался для доставки на сцену театра актеров и декораций. Им пользовались не только при подготовке спектакля, но и во время него. Как и подъемник в Геркулануме, он приводился в действие мускульной силой людей.<br />&nbsp;&nbsp;&nbsp; Из свидетельств очевидцев гладиаторских боев известно, что лифты применялись в римском Колизее для того, чтобы поднимать на поверхность арены гладиаторов и животных. Современные исследователи установили, что в Колизее существовали 12 лифтов, приводимых в движение рабами при помощи системы блоков. На рисунке показана принципиальная схема римских лифтов, а также фотография шахты лифты в Колизее.</p> <p style=\"text-align: center;\"><a href=\"joomplu:837 type=img\"><img style=\"display: block; margin-left: auto; margin-right: auto;\" src=\"http://platform-master.ru/index.php?option=com_joomgallery&amp;view=image&amp;format=raw&amp;id=837&amp;type=thumb\" class=\"jg_photo\" alt=\"joomplu:837\" /></a><em>Рис.2 Древнеримский подъемник</em></p> <p style=\"text-align: center;\"><em><a href=\"joomplu:838 type=img\"><img style=\"display: block; margin-left: auto; margin-right: auto;\" src=\"http://platform-master.ru/index.php?option=com_joomgallery&amp;view=image&amp;format=raw&amp;id=838&amp;type=thumb\" class=\"jg_photo\" alt=\"joomplu:838\" /></a>&nbsp;&nbsp;&nbsp; Рис.3 Кинематическая схема подъемников в Колизее.</em></p> <p>&nbsp;</p> <p style=\"text-align: center;\"><em><a href=\"joomplu:839 type=img\"><img style=\"display: block; margin-left: auto; margin-right: auto;\" src=\"http://platform-master.ru/index.php?option=com_joomgallery&amp;view=image&amp;format=raw&amp;id=839&amp;type=thumb\" class=\"jg_photo\" alt=\"joomplu:839\" /></a>&nbsp;&nbsp; Рис.4 Остатки подъемника в Колизее.</em></p> <p style=\"text-align: justify;\">Из трудов Филона Александрийского мы узнаем, что в его эпоху (1 век н.э.) в Александрии Египетской существовал механизм, предназначенный для подъема воды из реки, по принципу действия напоминающий лифт.</p> <p style=\"text-align: center;\"><a href=\"joomplu:840 type=img\"><img style=\"display: block; margin-left: auto; margin-right: auto;\" src=\"http://platform-master.ru/index.php?option=com_joomgallery&amp;view=image&amp;format=raw&amp;id=840&amp;type=thumb\" class=\"jg_photo\" alt=\"joomplu:840\" /></a><em>&nbsp;&nbsp;&nbsp;&nbsp;&nbsp;&nbsp;&nbsp;&nbsp;&nbsp;&nbsp;&nbsp;&nbsp;&nbsp; Рис.5 Подъемник в Александрии Египетской</em></p> <p style=\"text-align: justify;\">Есть свидетельства о существовании лифта в Синайском монастыре (Египет, VI век н.э.), по некоторым источникам, он представлял собой плетеную клеть, подвешенную на пеньковых веревках, и приводился в действие колесом, вращаемым ослами.</p> <p style=\"text-align: justify;\">&nbsp;&nbsp; Механизмом, напоминающим по принципу действия лифт, пользовались в XVI-XVII веках н.э. крестьяне Индии для того, чтобы черпать воду из рек.</p> <p style=\"text-align: center;\"><a href=\"joomplu:841 type=img\"><img style=\"display: block; margin-left: auto; margin-right: auto;\" src=\"http://platform-master.ru/index.php?option=com_joomgallery&amp;view=image&amp;format=raw&amp;id=841&amp;type=thumb\" class=\"jg_photo\" alt=\"joomplu:841\" /></a><em>&nbsp; Рис.6 Индийский подъемник XVI века</em></p> <p style=\"text-align: justify;\">Из документальных источников известно, что в XVII веке в Китае можно было увидеть подобные конструкции для подъема воды из реки. Отличительной его особенностью было то, что он приводился в движение пр помощи педалей, вращаемых двумя людьми.</p> <p style=\"text-align: center;\"><a href=\"joomplu:842 type=img\"><img style=\"display: block; margin-left: auto; margin-right: auto;\" src=\"http://platform-master.ru/index.php?option=com_joomgallery&amp;view=image&amp;format=raw&amp;id=842&amp;type=thumb\" class=\"jg_photo\" alt=\"joomplu:842\" /></a><em>Рис.7 Китайский подъемник XVII века</em></p> <p style=\"text-align: justify;\">В Европе и на Востоке при разработке месторождений полезных ископаемых в карьерах и шахтах часто использовали подъемники для подъема людей и грузов, приводимых в движение животными.</p> <p style=\"text-align: center;\"><a href=\"joomplu:843 type=img\"><img style=\"display: block; margin-left: auto; margin-right: auto;\" src=\"http://platform-master.ru/index.php?option=com_joomgallery&amp;view=image&amp;format=raw&amp;id=843&amp;type=thumb\" class=\"jg_photo\" alt=\"joomplu:843\" /></a><em>Рис.8 Подъемник в карьере</em></p> <p style=\"text-align: justify;\">В XVII веке лифты, становятся предметом роскоши и развлечения среди высокопоставленных особ. Так, например, при Петре Первом, в одном из дворцов Петергофа был сооружен небольшой грузовой лифт, перемещающий обеденный стол между первым и вторым этажом. Имя мастера, спроектировавшего этот механизм, до наших дней не дошло.<br />&nbsp;&nbsp;&nbsp; В 1743 году в Версальском дворце короля Франции Людовика XV был сооружен пассажирский лифт. Он предназначался для того, чтобы его Величество смогло без особых усилий осчастливить своим визитом любовницу, апартаменты которой располагалась этажом выше.</p> <p style=\"text-align: center;\"><a href=\"joomplu:844 type=img\"><img style=\"display: block; margin-left: auto; margin-right: auto;\" src=\"http://platform-master.ru/index.php?option=com_joomgallery&amp;view=image&amp;format=raw&amp;id=844&amp;type=thumb\" class=\"jg_photo\" alt=\"joomplu:844\" /></a><em>Рис.9 Лифт Людовика XV</em></p> <p style=\"text-align: justify;\">Как видим, для того, чтобы подняться к возлюбленной, королю необходимо было воспользоваться помощью слуги. Таким образом, этот слуга знал когда и во сколько король изволили подняться к даме сердца, сколько там были и во сколько вернулись. Раз знал один слуга, то, вероятно, знал и весь двор. Никакой конспирации!</p> <p style=\"text-align: justify;\">&nbsp;&nbsp; Однажды в 1795 году в коридорах Зимнего дворца в Петербурге царедворцы не без удивления наблюдали за тучным увальнем А. Безбородко. На сей раз канцлер пребывал в несвойственном для него состоянии возбуждения и экзальтации. Как выяснилось, он только что взлетел с первого этажа в царские апартаменты в «самоподъемном кресле». Это было не что иное, как прообраз лифта. Созданный выдающимся русским изобретателем И. Кулибиным подъемный механизм действовал с помощью одного или двух человек: специальные гайки, двигаясь по двум вертикально установленным ходовым винтам, поднимали площадку с кабиной. Подъемное кресло стало одним из наиболее любимых развлечений и высших сановников и дворцовой челяди. Это был первый пассажирский лифт, построенный в Российской империи.<br />&nbsp;&nbsp;&nbsp; В 1800 году впервые в качестве привода для лифта была применена паровая машина. Это произошло на одной из шахт по добыче каменного угля в Америке. Владелец шахты сделал вывод, что использование паровой машины повысит скорость подъема угля и людей и, тем самым, увеличит эффективность производства. С этого момента началась эра коммерческой эксплуатации лифтов. Пользоваться ими стало экономически выгодно. Уже в 1835 году паровые грузовые лифты начали применяться на промышленных предприятиях Англии.</p> <p style=\"text-align: center;\"><a href=\"joomplu:845 type=img\"><img style=\"display: block; margin-left: auto; margin-right: auto;\" src=\"http://platform-master.ru/index.php?option=com_joomgallery&amp;view=image&amp;format=raw&amp;id=845&amp;type=thumb\" class=\"jg_photo\" alt=\"joomplu:845\" /></a><em>&nbsp; Рис.10 Паровой лифт начала XIX века</em></p> <p style=\"text-align: justify;\">Одним из недостатков паровых лифтов была постоянная необходимость поддерживать паровую машину в работе. Это не было особой проблемой на шахтах, где лифт работал постоянно, но создавало массу неудобств на предприятиях, где лифт был нужен эпизодически. По этой причине, а также из-за чрезмерной шумности паровые лифты не устанавливались в жилых домах. Проблема была отчасти решена в 1845г., когда американец Вильям Томсон разработал первый гидравлический лифт. Его конструкция также не была лишена недостатков, поскольку требовала наличия источника давления в жидкости. Им могла быть ... паровая машина. Основным преимуществом было то, что ее можно было разместить удаленно от места установки лифта, а подачу жидкости осуществлять по трубопроводу высокого давления. Появившиеся в то время в некоторых городах централизованные системы водопровода были малопригодны для использования с лифтами Томпсона, поскольку давление в них не превышало 0,38 МПа.</p> <p style=\"text-align: justify;\">&nbsp;&nbsp; В 1851 году инженер Вильям Армстронг создал гидравлический аккумулятор для увеличения и обеспечения постоянства давления поступающей в цилиндр воды. Для этого он использовал вертикальный цилиндр с диаметром плунжера в 40 или 45 см, который поддерживал большой стальной ящик, наполненный камнем или гравием. Хотя подъемник Армстронга был оборудован ключевыми компонентами современного гидравлического лифта: гидроцилиндром плунжерного типа, мультипликатором и гидроаккумулятором, многочисленные конструкторские разработки в Англии и Европе в целом сосредоточились на совершенствовании конструкции лифтов с гидроцилиндром плунжерного типа прямого действия. Первый такой лифт появился в Англии в 1849 г. и был установлен в отеле Osmaston Manor. К середине 60-х годов XIX столетия крупные городские гостиницы в Англии тоже начинали использовать гидравлические пассажирские лифты.<br />&nbsp;&nbsp;&nbsp; Это было время совместного существования паровых и гидравлических лифтов. В 1852 американский инженер Элайша Грейвс Отис создал изобретение, сделавшее лифт самым безопасным видом транспорта. За свою жизнь Отис сменил несколько профессий: был строительным рабочим, работал на лесопилке, строил кареты, служил на мебельной фабрике, выпускавшей кровати. Именно здесь в 1852 году его попросили сконструировать подъемник для доставки досок на второй этаж. Во время работы над подъемником Отис и сделал свое ключевое изобретение. Если до него трос к кабине крепился непосредственно, то Отис решил закрепить его посредством упругой стальной пластины-рессоры, а по бокам подъемника установить зубчатые рельсы. Под весом даже пустой платформы пружина выгибалась и свободно проходила между рельсами. В случае же обрыва каната пружина, распрямившись, своими концами застревала в зубцах рельсов, предотвращая падение.</p> <p style=\"text-align: center;\"><a href=\"joomplu:846 type=img\"><img style=\"display: block; margin-left: auto; margin-right: auto;\" src=\"http://platform-master.ru/index.php?option=com_joomgallery&amp;view=image&amp;format=raw&amp;id=846&amp;type=thumb\" class=\"jg_photo\" alt=\"joomplu:846\" /></a><em> Рис.11 Элайша Грейвс Отис</em></p> <p style=\"text-align: justify;\"><em><br data-mce-bogus=\"1\" /></em>Отис назвал свой подъемник \"безопасным лифтом\" и основал фирму Otis Elevator, которая начала производство таких лифтов. В 1854 году для того чтобы увеличить продажи лифтов своей конструкции Отис придумал остроумный рекламный трюк. В одном из выставочных залов Нью-Йорка, где имелся высокий купол, между двумя опорами высотой 12 метров двигалась подъемная платформа. На вершине сооружения стоял помощник, державший в руке длинный меч. На платформе среди бочек и ящиков стоял сам изобретатель во фраке и в цилиндре. Паровая машина подтягивала платформу на самый верх, и ассистент по команде Отиса обрубал канат мечом. Платформа устремлялась вниз, но через метр-два автоматика со страшным скрежетом срабатывала и останавливала падение. Отис снимал цилиндр и кланялся публике.</p> <p style=\"text-align: center;\"><a href=\"joomplu:847 type=img\"><img style=\"display: block; margin-left: auto; margin-right: auto;\" src=\"http://platform-master.ru/index.php?option=com_joomgallery&amp;view=image&amp;format=raw&amp;id=847&amp;type=thumb\" class=\"jg_photo\" alt=\"joomplu:847\" /></a><em>&nbsp;&nbsp;&nbsp;&nbsp;&nbsp;&nbsp;&nbsp;&nbsp;&nbsp;&nbsp;&nbsp;&nbsp;&nbsp;&nbsp;&nbsp;&nbsp;&nbsp;&nbsp;&nbsp;&nbsp;&nbsp;&nbsp;&nbsp; Рис.12 Чертеж из описания к патенту US31128, выданный Э.Г. Отису.</em></p> <p style=\"text-align: justify;\">Через три года, в 1857, фирма Otis Elevator установила первый свой пассажирский лифт в пятиэтажном магазине на Бродвее. Лифт брал до пяти человек и вез их со скоростью 20 сантиметров в секунду.</p> <p style=\"text-align: center;\"><a href=\"joomplu:848 type=img\"><img style=\"display: block; margin-left: auto; margin-right: auto;\" src=\"http://platform-master.ru/index.php?option=com_joomgallery&amp;view=image&amp;format=raw&amp;id=848&amp;type=thumb\" class=\"jg_photo\" alt=\"joomplu:848\" /></a><em>&nbsp;&nbsp;&nbsp;&nbsp;&nbsp;&nbsp;&nbsp;&nbsp;&nbsp; Рис.13 Паровой лифт фирмы Otis Elevator (верхняя лебедка)</em></p> <p style=\"text-align: center;\"><em><a href=\"joomplu:849 type=img\"><img style=\"display: block; margin-left: auto; margin-right: auto;\" src=\"http://platform-master.ru/index.php?option=com_joomgallery&amp;view=image&amp;format=raw&amp;id=849&amp;type=thumb\" class=\"jg_photo\" alt=\"joomplu:849\" /></a>&nbsp;&nbsp; Рис.14 Паровой лифт фирмы Otis Elevator (кабина)</em></p> <p style=\"text-align: center;\"><em><a href=\"joomplu:850 type=img\"><img style=\"display: block; margin-left: auto; margin-right: auto;\" src=\"http://platform-master.ru/index.php?option=com_joomgallery&amp;view=image&amp;format=raw&amp;id=850&amp;type=thumb\" class=\"jg_photo\" alt=\"joomplu:850\" /></a>&nbsp;&nbsp;&nbsp; Рис.15 Паровой лифт фирмы Otis Elevator (нижняя лебедка)</em></p> <p style=\"text-align: justify;\">Во второй половине XIX века в США началась эра строительства небоскребов. В первых небоскребах чаще применяли гидравлические лифты без каната: поршень, ходящий в длинном цилиндре, под напором воды выталкивал кабинку вверх. Такая система применялась в домах не выше 20 этажей, потому что для размещения гидроцилиндра под фундаментом дома необходимо было выкапывать глубокую яму. Зато гидравлические лифты двигались в несколько раз быстрее, чем паровые лифты системы Отиса. Кроме того, через некоторое время гидравлику усовершенствовали, разместив цилиндр горизонтально, а поршень через систему блоков тянул канат, поднимавший кабину.<br />&nbsp;&nbsp;&nbsp; В 1859 году фирма Otis Elevator сконструировала в отеле \"Пятая авеню\" винтовой лифт. От подвала до чердака здание пронизывал огромный металлический винт, а кабина ходила по нему как гайка. Винт вращался через шкив ремнем от паровой машины, стоявшей в подвале. Когда винт вращался вправо, кабина шла вверх, влево - вниз. Чтобы кабина не вращалась вместе с винтом, вдоль одного ее угла в шахте лифта проходил рельс-ограничитель. Но эта система оказалась медленной, неудобной и дорогой. Было смонтировано только два таких лифта, которые проработали до 1875 года.<br />&nbsp;&nbsp;&nbsp; В это же время совершенствовались конструкции гидравлических лифтов. На Всемирной выставке 1867 года в Париже инженер Леон Эдду установил свой лифт в Галерее механизмов и перевозил посетителей до наблюдательной платформы высотой 2 м. В конструкции лифта применялся пустотелый плунжер диаметром 24,5 см, составленный из четырех отдельных частей. Кабина была закреплена на головке плунжера и направлялась четырьмя пустотелыми чугунными колоннами, которые одновременно составляли основу конструкции шахты. Внутри колонн перемещались противовесы, подвешенные на цепях, огибающих блоки вверху шахты и закрепленные на раме кабины. Многочисленные критики отмечали непригодность этого лифта для зданий повышенной этажности. В ответ на критику Л. Эдду представил на Парижской выставке в 1878 года. лифт с плунжерным цилиндром прямого действия и высотой подъема 128,5 м. Цилиндр размещался под кабиной в колодце, дно которого находилось на отметке 16 м ниже уровня моря. Использовалась также вода из городской водопроводной сети. Вскоре лифт этой конструкции был установлен на Эйфелевой башне, что подтверждением надежности конструкции французского изобретателя и позволило широкой общественности без труда наслаждаться видами Парижа с обзорной площадки башни.<br />&nbsp;&nbsp;&nbsp; Фирма Otis Elevator не хотела уступать конкурентам, производившим гидравлические лифты, и с 1874 года начала предлагать гидравлические пассажирские лифты и грузовые подъемники своей конструкции.</p> <p style=\"text-align: center;\"><a href=\"joomplu:851 type=img\"><img style=\"display: block; margin-left: auto; margin-right: auto;\" src=\"http://platform-master.ru/index.php?option=com_joomgallery&amp;view=image&amp;format=raw&amp;id=851&amp;type=thumb\" class=\"jg_photo\" alt=\"joomplu:851\" /></a><em> Рис.16 Гидравлический лифт фирмы Otis Elevator</em></p> <p style=\"text-align: center;\"><em><a href=\"joomplu:852 type=img\"><img style=\"display: block; margin-left: auto; margin-right: auto;\" src=\"http://platform-master.ru/index.php?option=com_joomgallery&amp;view=image&amp;format=raw&amp;id=852&amp;type=thumb\" class=\"jg_photo\" alt=\"joomplu:852\" /></a>Рис.17 Грузовой гидравлический подъемник фирмы Otis Elevator</em></p> <p style=\"text-align: justify;\">Противостояние гидравлических и паровых лифтов могло бы продолжаться еще дольше, но в 1880 году компания немецкого инженера Вернера фон Сименса построила в городе Мангейм первый в мире электрический лифт. Он поднимался на высоту 22 метра за 11 секунд.</p> <p style=\"text-align: center;\"><a href=\"joomplu:852 type=img\"><img style=\"display: block; margin-left: auto; margin-right: auto;\" src=\"http://platform-master.ru/index.php?option=com_joomgallery&amp;view=image&amp;format=raw&amp;id=852&amp;type=thumb\" class=\"jg_photo\" alt=\"joomplu:852\" /></a><em>&nbsp;&nbsp; Рис.18 Демонстрация работы первого электрического лифта</em></p> <p style=\"text-align: justify;\">Первый электрический лифт фирмы Otis Elevator был смонтирован в одном из нью-йоркских небоскребов в 1889 году.</p> <p><a href=\"joomplu:855 type=img\"><img style=\"display: block; margin-left: auto; margin-right: auto;\" src=\"http://platform-master.ru/index.php?option=com_joomgallery&amp;view=image&amp;format=raw&amp;id=855&amp;type=thumb\" class=\"jg_photo\" alt=\"joomplu:855\" /></a></p> <p style=\"text-align: center;\"><em>Рис.19 Электрический лифт фирмы Otis Elevator</em></p> <p style=\"text-align: justify;\">В 1887 году американец А. Майлс получил патент на электрический лифт, в котором была предусмотрена система блокировки дверей лифтовой шахты при отсутствии кабины на этаже.</p> <p style=\"text-align: center;\"><a href=\"joomplu:856 type=img\"><img style=\"display: block; margin-left: auto; margin-right: auto;\" src=\"http://platform-master.ru/index.php?option=com_joomgallery&amp;view=image&amp;format=raw&amp;id=856&amp;type=thumb\" class=\"jg_photo\" alt=\"joomplu:856\" /></a><em>Рис.20 Чертеж из описания к патенту US371207, выданный А. Майлсу</em></p> <p style=\"text-align: justify;\">&nbsp;</p> <p style=\"text-align: justify;\">С этого времени началось развитие современных лифтов и распространение их по городам мира. Дальнейшие изобретения в сфере лифтов, в основном, касались систем управления и автоматизации обслуживания. Если для обслуживания первых лифтов требовался целый штат сотрудников (инженер для управления паровой машиной, лифтер в кабине, дежурные на этажах для закрывания и открывания дверей шахты), то к началу XX века вполне достаточно было одного лифтера в каждом лифте и одного электромеханика на несколько лифтов в здании. Лифтеры, одетые в униформу, подобно швейцарам стали одними из ключевых фигур обслуживающего персонала каждого отеля того времени. Но, созданная в 1924 году фирмой Otis Elevator система вызова лифта нажатием кнопки на этаже, и автоматические двери, изобретенные инженером Хаугтоном в 1926 году, позволили полностью автоматизировать лифты и упростить их обслуживание.</p> <p style=\"text-align: justify;\">&nbsp;&nbsp; Поставляя лифты в по всему миру, фирмы-производители столкнулись с проблемой нумерации этажей зданий в разных странах. В большинстве стран Европы, странах Британского Содружества, Латинской Америке этаж, находящийся на уровне земли, называют \"ground floor\", этаж над ним — первым этажом. В Северной Америке (исключая провинцию Квебек в Канаде) этаж, находящийся на уровне земли называют первым этажом, хотя кое-где прижилось название \"ground floor\". Следующий за ним этаж называют вторым. Такая система распространена в странах бывшего СССР, кое-где в Восточной Европе, Дании, скандинавских странах.<br />&nbsp;&nbsp;&nbsp; Полная неразбериха возникает при наименовании подземных этажей. На кнопках лифта их обозначают и как \"B\" - \"Basement\" и как \"P\" - \"Parking\", и как \"L\" (или \"LL\") - \" Lobby\" (или \"Lower Level\"). Этажи, находящиеся еще ниже, могут быть обозначены \"LG\" - \"Lower Ground\", \"SB\" - \"Sub-Basement\". Иногда встречаются и числовые обозначения (-1, -2, -3 и т.д.). А иногда и буквенно-числовые: \"B1\", \"B2\", \"B3\" или \"P1\", \"P2\", \"P3\".<br />&nbsp;&nbsp;&nbsp; В домах США и Канады отсутствуют 13-этажи, что связано с поверьем о несчастливом числе 13. Следующий за 12-м этажом будет обозначен как 14-й или назван каким-то словом, например Skyline.</p> <p style=\"text-align: center;\"><a href=\"joomplu:857 type=img\"><img style=\"display: block; margin-left: auto; margin-right: auto;\" src=\"http://platform-master.ru/index.php?option=com_joomgallery&amp;view=image&amp;format=raw&amp;id=857&amp;type=thumb\" class=\"jg_photo\" alt=\"joomplu:857\" /></a><em>Рис.21</em></p> <p style=\"text-align: justify;\"><em><br /></em>&nbsp;А в Китае и ряде соседних стран в больничных зданиях нет 4-го этажа, потому что слово \"четвертый\" очень похоже по звучанию на слово \"смерть\".</p> <p style=\"text-align: justify;\">Путаница с названиями этажей в разных странах приводит к тому, что часто туристы не могут разобраться в панели управления лифтом и нажимают не те кнопки, которые нужно. Ситуация усугубляется тем, что некоторые организации заказывают для своих лифтов совершенно нестандартные панели. Например, один из отелей в Торонто решил пронумеровать этажи так: \"A\", \"M\", \"MM\", \"C\", \"H\", и \"1\" (соответственно, Arcade, Main, Main Mezzanine, Convention, Health Club, и 1-й этаж).</p> <p style=\"text-align: justify;\">Один из торговых центров Гонконге почему-то имеет три этажа \"ground floor\" и два вторых этажа.</p> <p style=\"text-align: center;\">&nbsp;&nbsp;&nbsp;<a href=\"joomplu:859 type=img\"><img style=\"display: block; margin-left: auto; margin-right: auto;\" src=\"http://platform-master.ru/index.php?option=com_joomgallery&amp;view=image&amp;format=raw&amp;id=859&amp;type=thumb\" class=\"jg_photo\" alt=\"joomplu:859\" /></a><em>Рис.23</em></p> <p style=\"text-align: justify;\"><br />В сингапурском музее Азиатской цивилизации существует всего два этажа, зато панель управления лифтом содержит 13 кнопок!</p> <p style=\"text-align: center;\"><a href=\"joomplu:860 type=img\"><img style=\"display: block; margin-left: auto; margin-right: auto;\" src=\"http://platform-master.ru/index.php?option=com_joomgallery&amp;view=image&amp;format=raw&amp;id=860&amp;type=thumb\" class=\"jg_photo\" alt=\"joomplu:860\" /></a><em>Рис.24</em></p> <p style=\"text-align: justify;\">В одном из офисных зданий в Сингапуре применена нумерация этажей, включающая этажи \"B2\", 1-й, 31-й и, сразу затем, 42-50.</p> <p style=\"text-align: center;\"><a href=\"joomplu:861 type=img\"><img style=\"display: block; margin-left: auto; margin-right: auto;\" src=\"http://platform-master.ru/index.php?option=com_joomgallery&amp;view=image&amp;format=raw&amp;id=861&amp;type=thumb\" class=\"jg_photo\" alt=\"joomplu:861\" /></a><em>Рис.25</em></p> <p style=\"text-align: justify;\">А в клинике Пидмонт (Атланта, США) врачи, чтобы избежать путаницы с этажами, решили обозначить их различными цветами! Но, затем кто-то из офтальмологов вспомнил, что некоторые пациенты не могут различать цвета, поэтому на пульте управления пришлось дополнительно сделать пояснительные надписи.</p> <p style=\"text-align: center;\"><a href=\"joomplu:862 type=img\"><img style=\"display: block; margin-left: auto; margin-right: auto;\" src=\"http://platform-master.ru/index.php?option=com_joomgallery&amp;view=image&amp;format=raw&amp;id=862&amp;type=thumb\" class=\"jg_photo\" alt=\"joomplu:862\" /></a><em>Рис.26</em></p> <p style=\"text-align: justify;\">Итак, в рамках этой статьи мы отследили эволюцию лифта от античности до современного времени. А что же дальше? Предлагаю теперь заглянуть в будущее. Каким изобретатели видят лифт будущего? Несомненно, он будет безопасным, автоматическим, быстрым. А, возможно, и космическим!<br />&nbsp;&nbsp;&nbsp; Космический лифт - способ по выведению грузов на планетарную орбиту или за её пределы. Впервые идею создания космического лифта высказал К. Э. Циолковский в 1895 году. Идея основана на применении троса, протянутого от поверхности планеты к геостационарной орбитальной станции. Предположительно, такой способ в перспективе на порядки дешевле использования ракет-носителей. Трос будет удерживаться одним концом на поверхности планеты (Земли), а другим — в неподвижной над планетой точке выше геостационарной орбиты за счёт центробежной силы. По тросу поднимается подъёмник, несущий груз. За пределами геостационарной орбиты груз будет ускоряться, что позволит даже отправлять его вовне планетарной орбиты. От троса требуется чрезвычайная прочность на разрыв в сочетании с лёгкостью, а его расчетная длина должна составлять не менее 35786 км. До недавнего времени у человечества не было подходящего материала для создания такого троса, но в 1991 году американскими учеными были изобретены углеродистые нанотрубки. По теоретическим расчётам, нанотрубки сейчас - наиболее подходящий материал. Если допустить пригодность их для изготовления троса, то создание космического лифта является решаемой инженерной задачей, хотя и требует использования передовых научных разработок и больших затрат. Создание лифта оценивается в 7—12 млрд. долларов США. НАСА уже финансирует соответствующие разработки американского Института научных исследований, включая разработку подъёмника, способного самостоятельно двигаться по тросу. Частная фирма Liftport пытается достичь той же цели к 2031 году. А уже сейчас регулярно проводятся конкурсы моделей космического лифта, на которых демонстрируются прототипы тросов и подъемников.</p> <p style=\"text-align: justify;\"><em>(Статья опубликована по материалам Российского географического общества. Автор статьи - Дмитрий Романенко).<br />{jcomments on}<br /></em></p>','2014-09-17','История создания лифта',1,'<p style=\"text-align: justify;\">Одним из уникальных изобретений, которым большинство из нас пользуется каждый день, является лифт. Это подъемное устройство настолько вошло в быт, что мало кто задумывается о том. насколько велико его значение.</p> ','histori-elevator'),(61,'','','',' <p><img src=\"http://www.liftes.ru/images/transys_shaft.png\" style=\"float: right; width: 250px; margin: 5px;\" /></p> <p>Любой лифт, независимо от его параметров и назначений, имеет стандартный набор обязательных элементов. Четкая последовательность подключения движимой и недвижимой части лифта обеспечивает функционирование всего механизма в целом.</p> <p>В состав универсального лифтового механизма входит:</p> <ul> <li>машинное помещение. Именно в нем расположена станция управления лифтом с системой безопасности, включающей в себя ограничители скорости движения лифта;</li> <li>шахта. В ней крепится кабина, противовес и направляющие. По контуру движения кабины в шахте проводятся электрокабели и индикаторы движения;</li> <li>приямок. Помещение в нижней части шахты, в котором размещается амортизационный буфер;</li> <li>канаты. Стальные тросы, благодаря которым проводится движение лифтовой кабины и противовеса;</li> <li>ограничитель скорости. Механизм безопасности движения лифта, позволяющий при значительном изменении скорости кабины запустить в работу ловителей;</li> <li>ловители. Конструкция, состоящая из клиньев, которые в случае обрыва лифтовых канатов выполняют функцию стопов;</li> <li>противовес. Груз, зафиксированный на противоположной стороне лебедки. Вес такого противовеса составляет сумму массы лифтовой кабины плюс 50% от общей грузоподъемности лифта.</li> </ul> <p>Все эти составляющие могут быть модернизированы, дополнены новыми функциями и деталями. Детали для лифтового механизма в обязательном порядке идут комплектом и только от производителя. Разукомплектовка запрещена. После монтажа лифта, каждый механизм проходит контрольную проверку, результат которой фиксируется в журнале и подтверждается пломбой.</p>','2014-09-18','Секреты механизма подъемного лифта',1,'<p>Любой лифт, независимо от его параметров и назначений, имеет стандартный набор обязательных элементов. Четкая последовательность подключения движимой и недвижимой части лифта обеспечивает функционирование всего механизма в целом.</p> <p>В состав универсального лифтового механизма входит:</p> ','sekrety-mekhanizma-pod-emnogo-lifta'),(62,'','','',' <p><img src=\"http://www.vostokmedia.com/files/Image/news/86908_l.jpg\" style=\"float: right; width: 250px; margin: 5px;\" /></p> <p>Для каждого человека лифты давно стали частью ежедневной дороги с дома на работу. В привычной суете мы не придаем особого значения мелочам. Но не стоит расслабляться. Лифт – это довольно сложный механизм, при эксплуатации которого необходимо знать и придерживаться определенных правил техники безопасности.</p> <ul> <li>В первую очередь, всегда после открытия дверей смотрите под ноги. Лифт это техника, которой не чужды сбои. История знает случаи, когда двери лифта открывались, а вот кабина находилась этажом выше. Это может быть связано с сбоем настроек или ремонтными работами.</li> <li>После открытия дверей, незамедлительно заходите в лифт. Это объясняется достаточно ограниченным временным отрезком времени, установленным для загрузки лифта. Дети всегда должны заходить после взрослых, а выходить – первыми.</li> <li>При транспортировке с помощью лифта детской коляски ребенка обязательно нужно взять на руки. Вы можете столкнуться с непредвиденной задержкой коляски в проеме лифта.</li> <li>В случае, если кабина лифта остановилась, не дойдя до платформы этажа, выходить запрещено.</li> <li>Не пытайтесь остановить уходящий лифт с помощью руки или ноги. Такие легкомысленные действия могут привести к серьезным травмам конечностей. Сэкономленные 20 секунд не стоят таких последствий.</li> <li>Не стоит перегружать лифт. Это чревато нарушением целостности покрытия движущих канатов.</li> </ul> <p>Соблюдение таких простых правил в обращении с обычными бытовыми лифтами, своевременное обслуживание лифтером и Ваша внимательность гарантируют безопасность перемещения и долгий срок эксплуатации всего комплекса лифтового оборудования.</p>','2014-09-25','Основные правила эксплуатации лифта',1,'<p>Для каждого человека лифты давно стали частью ежедневной дороги с дома на работу. В привычной суете мы не придаем особого значения мелочам. Но не стоит расслабляться. Лифт – это довольно сложный механизм, при эксплуатации которого необходимо знать и придерживаться определенных правил техники безопасности.</p> ','osnovnye-pravila-ekspluatatsii-lifta'),(63,'','','',' <p><img src=\"http://evro-lift.ru/images/пассажирские%20лифты/пассажирский%20лифт%200003.jpg\" style=\"float: right; width: 250px; margin: 5px;\" /></p> <p>Сегодня трудно представить многоэтажный дом или сложное промышленное предприятие, на котором бы не было какого-либо лифта. Для современного общества инженеры-конструкторы разрабатывают все новые и новые модели подъемного оборудования. Основной целью производства и применения лифтов является облегчение работы человека. Лифтовой механизм подходит для решения вопроса подъема тяжелых габаритных грузов и оперативного подъема людей в общественных местах.</p> <p>Первые упоминания о лифтовых механизмах появляются в истории древних веков. Так по сегодняшний день археологи и историки продолжают находить факты подтверждающие использование в Древнем Риме и Древней Греции объемных подъемных машин. Следующее упоминание об использовании лифтов встречается в описании царских дворцов Европы. Объединяющим все эти лифты стало то, что при движении кабины использовалась физическая сила людей или животных.</p> <p>Впервые физическая сила человека при подъеме лифта была заменена на паровую машину в 1800г. Это стало настоящим прорывом для производства лифтовых машин. С приходом технического прогресса паровая машина стала заменяться гидравлическими и электрическими механизмами.</p> <p>Финальным аккордом в истории усовершенствовании лифтов стала разработка ловителей – специальных креплений, позволяющих остановить лифт, в случае превышения допустимой скорости движения.</p> <p>Современный лифт стал настоящим помощником человека и незаменимым элементом в решении бытовых вопросов. Так для Вас сегодня представлены лифты всевозможных размеров, форм и мощностей.</p>','2014-10-02','История современного лифта',1,'<p>Сегодня трудно представить многоэтажный дом или сложное промышленное предприятие, на котором бы не было какого-либо лифта. Для современного общества инженеры-конструкторы разрабатывают все новые и новые модели подъемного оборудования. Основной целью производства и применения лифтов является облегчение работы человека. Лифтовой механизм подходит для решения вопроса подъема тяжелых габаритных грузов и оперативного подъема людей в общественных местах.</p> ','istoriya-sovremennogo-lifta'),(64,'','','',' <p><img src=\"http://mygazeta.com/i/2011/05/plastics-industry.jpg\" style=\"float: right; width: 250px; margin: 5px;\" /></p> <p>На сегодняшний день трудно представить жилой дом, крупный офис или производство без подъемного оборудования, пассажирского или грузового лифта. Изобретение такой конструкции облегчило жизнь человека в десятки раз с помощью экономии его времени и сил. Одним из самых популярных устройств сегодня является шахтные подъемники.</p> <p>Шахтный подъемник – грузовой подъемник, который размещается в шахте. Как правило, кабина движется с помощью сверхпрочной тали или лебедки. Эти материалы проходят дополнительные тестирования и сертификацию. При заказе тали и лебедки производитель указывает дату производства и срок завершения эксплуатации. На использование таких тросов предоставляется обязательная гарантия качества.</p> <p>Лифтовая кабина в шахтном подъемнике может двигаться как вертикально, так и горизонтально. Для управления движением подъемника размещается стационарный пункт управления. Также необходимо место для размещения подъемного механизма. Конструкторы не дают строгих рекомендаций по этому вопросу. Поэтому подъемный механизм может быть как сверху, внизу так и сбоку шахты. Шахта по всему периметру обшивается любым удобным Вам материалом. Выбор цвета и фактуры остается за заказчиком.</p> <p>Отличительным преимуществом шахтного подъемного от обычного лифта является его относительная невысокая стоимость. Также многие отдают предпочтение именно этому виду подъемного оборудования по причине легкой сборки всего механизма, как из отдельных частей, так и целыми блоками. При этом шахтный подъемник обладает всеми техническими характеристиками безопасного лифтового оборудования.</p>','2014-10-16','Особенности шахтного подъемника',1,'<p>На сегодняшний день трудно представить жилой дом, крупный офис или производство без подъемного оборудования, пассажирского или грузового лифта. Изобретение такой конструкции облегчило жизнь человека в десятки раз с помощью экономии его времени и сил. Одним из самых популярных устройств сегодня является шахтные подъемники.</p> ','osobennosti-shakhtnogo-pod-emnika'),(65,'','','',' <p><img src=\"http://m.progorodsamara.ru/userfiles/comoriginal/img-20140123085408-678.jpg\" style=\"float: right; width: 250px; margin: 5px;\" /></p> <p>Сегодня эскалаторы можно встретить в каждом городе. Разных размеров и с разной скоростью они поднимают и опускают своих пассажиров в торговых центрах, метро, вокзалах и аэропортах. Поездка на эскалаторе позволяет сократить время на перемещение огромного количества людей и помочь в случае перевозки достаточно тяжелой ноши.</p> <p>Особенно полюбились эскалаторы детям. Часто дети даже воспринимают поездку на эскалаторе как участие в веселом аттракционе, даже не подозревая уровень возможной опасности. Поэтому взрослым обязательно нужно провести с ребенком предварительную беседу о правилах поведения на эскалаторе.</p> <p>Ребенок должен знать следующее:</p> <ul> <li>при пользовании эскалатором запрещено дотрагиваться до каких-либо частей движущего механизма;</li> <li>обязательно нужно следить за своей одеждой: шнурки на обуви должны быть завязаны, шарф и пояс подняты выше уровня пола;</li> <li>при движении эскалатора необходимо стоять лицом вперед, придерживаясь за поручень или руку рядом стоящего взрослого;</li> <li>запрещено прыгать, крутиться и перемещаться по ступенькам в процессе движения эскалатора.</li> </ul> <p>Знание таких простых правил поможет защитить Вашего ребенка от нежелательных ситуаций, сохранив его здоровье и Ваше спокойствие. Если на Вашем ежедневном пути с ребенком в детский сад или школу Вы проходите эскалатор, то взрослому в этом случае рекомендуется знать, где находится кнопка экстренной остановки механизма.</p> <p>Приобрести подходящий эскалатор под Ваши задачи Вы можете у нас. На все оборудование предоставляется долгосрочная гарантия от производителя.</p>','2014-10-23','Правила поведения ребенка при подъеме на эскалаторе',1,'<p>Сегодня эскалаторы можно встретить в каждом городе. Разных размеров и с разной скоростью они поднимают и опускают своих пассажиров в торговых центрах, метро, вокзалах и аэропортах. Поездка на эскалаторе позволяет сократить время на перемещение огромного количества людей и помочь в случае перевозки достаточно тяжелой ноши.</p> ','pravila-povedeniya-rebenka-pri-pod-eme-na-eskalatore'),(66,'','','',' <p><img src=\"http://lift72.ru/content/images/7/950ff5d8bcc229027db429f3ba9781f50bd.pjpeg\" style=\"width: 200px; float: right; margin: 4px 0 10px 15px;\" /></p> <p>Опытные инженеры проведут тщательный расчет предполагаемой грузоподъемности и максимально возможной скорости движения. Вашему вниманию представлены разные модели и функционал. Рабочую поверхность Вы выбираете самостоятельно. Современный пластик, прочное стекло или натуральное дерево. Цветовое решение остается за Вами. Дизайнеры индивидуально рассматривают каждый отдельный заказ.</p> <p>Стоит помнить, учитывая особенность пассажирских платформ, не рекомендуется допускать самостоятельное использование платформы детьми до 14 лет. Это может быть небезопасным для их жизни. При движении платформы желательно быть осторожными и придерживаться за поручни.</p> <p>Учитывая очевидные преимущества и простоту пассажирской платформы, её покупка может значительно облегчить жизнь многим людям и оптимизировать их работу. Заказать изготовление пассажирской платформы с гарантией качества Вы можете, обратившись к нам в компанию. Для Вас отличный сервис, современные элементы и монтаж конструкции. Для клиентов действуют специальные акционные предложения и накопительная система скидок.</p>','2014-11-06','Пассажирские платформы – Ваше экономное решение',1,'<p>Одним из самых оптимальных решений для крупных офисных зданий, больниц и небольших торговых центров является пассажирская платформа. Конструкция пассажирской платформы позволяет перевозить грузы разной сложности на требуемую высоту. Преимуществом такой платформы является её экономичность при покупке и дальнейшем обслуживание, простота при монтаже шахтного ограждения. Тяговой механизм может иметь разные источники питания, в зависимости от условий установки.</p> ','passazhirskie-platformy-vashe-ekonomnoe-reshenie'),(67,'','','',' <p><img src=\"http://neironlift.ru/d/97334/d/nb_parker1_240106a.jpg\" style=\"width: 200px; float: left; margin: 4px 15px 10px 0;\" /></p> <p>Для того чтобы автомобильные парковочные системы Вас радовали не один год, стоит знать несколько простых правил их эксплуатации. В первую очередь, монтаж всей конструкции желательно доверить профессионалам своего дела. Так Вы будете не только уверенны в надежности её крепления, но и получите обязательное гарантийное обслуживание. Необходимо регулярно проводить технический осмотр подъемника, оперативно реагировать в случае возникновения каких-то звуков и искривления поверхности конструкции. Заезжать на платформу следует аккуратно, на максимально допустимой скорости согласно инструкции.</p> <p>Соблюдая такие простые правила, Ваша автопарковочная система будет надежным помощником в Вашем доме или офисе. Заказать такую систему, которая будет идеально подходить под размеры Вашего помещения, можно обратившись к нашим консультантам. Цены на подъемное оборудование Вас приятно удивят.</p>','2014-11-13','Автомобильные парковочные системы – волшебство в Вашем гараже',1,'<p>Наша компания представляет интересное решение увеличения вместительности автомобильного гаража. Не так давно инженеры разработали специальные системы автомобильных платформ с одной точкой крепления. Такое решение придется по душе тем, кому необходимо максимально сэкономить место и одновременно разместить несколько автомобилей. Приобретая автомобильные парковочные системы, вы решаете вопрос о защите Ваших автомобилей от внешних негативных факторов в виде атмосферных осадков, перепада температур и, конечно, нежелательного хищения. При этом Вы не тратитесь на строительство дополнительных боксов или гаражей для автомобилей. Выгоды очевидны.</p> ','avtomobilnye-parkovochnye-sistemy-volshebstvo-v-vashem-garazhe'),(68,'','','','','2014-11-12','Реализованные проекты (accordion)',1,'<p>&nbsp;</p> <p>[widgetkit id=1]</p> <p>&nbsp;</p> <p>[widgetkit id=4]</p> <p>&nbsp;</p> <p><span style=\"line-height: 15.8079996109009px;\">[widgetkit id=5]</span></p> <p><span style=\"line-height: 15.8079996109009px;\">&nbsp;</span></p> <p><span style=\"line-height: 15.8079996109009px;\"><span style=\"line-height: 15.8079996109009px;\">[widgetkit id=7]</span></span></p> <p><span style=\"line-height: 15.8079996109009px;\"><span style=\"line-height: 15.8079996109009px;\">&nbsp;</span></span></p> <p><span style=\"line-height: 15.8079996109009px;\"><span style=\"line-height: 15.8079996109009px;\"><span style=\"line-height: 15.8079996109009px;\">[widgetkit id=9]</span></span> </span></p> <p>&nbsp;</p> <h2 style=\"font-size: 11px; font-family: Verdana, Arial, Helvetica, sans-serif; color: #000000; text-align: left;\"><strong><span style=\"color: #135cae; font-family: Helvetica, Arial, sans-serif; font-size: 13px; text-align: right;\">КНИГА ПРОЕКТОВ</span></strong></h2> <p>&nbsp;<a href=\"/book?tmpl=component\" target=\"_blank\" style=\"color: #0000cc; text-decoration: underline;\"><strong style=\"color: #000000; font-family: Verdana, Arial, Helvetica, sans-serif; font-size: 11px;\"><span style=\"color: #135cae; font-family: Helvetica, Arial, sans-serif; font-size: 13px; text-align: right;\"><strong style=\"color: #000000; font-family: Verdana, Arial, Helvetica, sans-serif; font-size: 11px; text-align: justify;\"><strong><img src=\"/images/book.png\" alt=\"Каталог реализованных проектов\" width=\"128\" height=\"122\" style=\"float: left;\" /></strong></strong></span></strong></a></p> <p><span style=\"line-height: 15.8079996109009px;\">&nbsp;</span></p> <p>&nbsp;</p> <p><span style=\"line-height: 15.8079996109009px;\">&nbsp;</span></p>','test'),(69,'','','',' <p><img src=\"http://www.vtblt.ru/upload/images/4e9eb93c48373escalator2.jpg\" style=\"width: 200px; float: left; margin: 4px 15px 10px 0;\" /></p> <p>Основной гарантией безопасности пассажиров станет профессиональный монтаж подъемника. Его должны выполнять только квалифицированные специалисты имеющий допуск к таким работам. Также обязательным является регулярный профилактический осмотр всего механизма в целом, двигателя, транспортных лент. Учитывая степень износа каждой отдельной детали, профессиональные мастера определят срок планового ремонта механизма. Если же ремонт элемента уже невозможен, то порекомендуют полную замену изношенной детали на новую, которая будет полностью соответствовать данной модели подъемника.</p> <p>Если Вы заказываете подъемное устройство в нашей компании, то Вы можете забыть об этих вопросов. Наши мастера ведут гарантийное и постгарантийное обслуживание всех наших клиентов. Монтаж и ремонт эскалаторов и траволаторов проводится с использованием высокоточного современного оборудования, которое позволяет без проблем выявить слабые места механизма и спрогнозировать его дальнейшую работу.</p> <p>У нас всегда в наличии все необходимые детали для каждой модели подъемника. Вам нет необходимости ожидать доставки нужного Вам элемента механизма от производителя! Вам достаточно обратиться в нашу службу поддержки клиентов и наши специалисты оперативно выедут на объект для решения проблемы любой сложности.</p> <p>С нами Ваши пассажиры всегда в полной безопасности.</p>','2015-02-05','Основы безопасной работы эскалатора и траволатора',1,'<p>Если Вы приняли решение оборудовать объект траволатором или эскалатором, то Вам стоит обязательно ознакомиться с требованиями техники безопасности. Учитывая, что такое оборудование, как правило, размещают в общественных местах, то главное обеспечить безопасное передвижение пассажирам.</p> ','osnovy-bezopasnoj-raboty-eskalatora-i-travolatora'),(70,'','','',' <p style=\"text-align: justify;\">В мероприятии приняло участие более 30 начинающих гонщиков с инвалидностью, которых пришли поддержать более 80 болельщиков - это не мало, учитывая размеры картинг-клуба Le Mans, где и проходило долгожданное соревнование.</p> <p>&nbsp;</p> <p><iframe width=\"560\" height=\"315\" src=\"//www.youtube.com/embed/KAG_KlMbST0?rel=0\" frameborder=\"0\" allowfullscreen=\"true\" style=\"display: block; margin-left: auto; margin-right: auto;\"></iframe></p> <p style=\"text-align: justify;\">&nbsp;</p> <p style=\"text-align: justify;\"><strong>Упоминание мероприятия в газете \"Вечерняя Москва\".</strong></p> <p style=\"text-align: justify;\"><a href=\"joomplu:882 type=img\"><img src=\"http://platform-master.ru/index.php?option=com_joomgallery&amp;view=image&amp;format=raw&amp;id=882&amp;type=thumb\" class=\"jg_photo\" alt=\"joomplu:882\" width=\"429\" height=\"241\" style=\"margin-right: 20px; margin-bottom: 5px; float: left;\" /></a></p> <p style=\"text-align: justify;\">&nbsp;Не смотря на отсутствие опыта участия в подобных соревнованиях у большинства участников, мероприятие прошло интересно и весело.&nbsp;Организаторы очень волновались, что все желающие не смогут принять участие в заездах - по техническим причинам, вместо запланированных 3-х адаптированных картов, было всего 2. Но все сложилось как и было запланировано, каждый проехал свои 10 кругов.</p> <p style=\"text-align: justify;\">От нашей компании участие в соревновании приняли 2 сотрудника с инвалидностью: Александр Чувашев из отдела маркетинга, занявший 7-е место, и особо ничем не отличившийся, но получивший огромное удовольствие от процесса подготовки этого мероприятия и участия в соревновании, и звезда вечера - Алексей Помниов из отдела продаж, который завоевал первое место, показав лучшее время. И который, возможно, является именно Вашим менеджером! Он преодолел извилистую дистанцию протяженностью в 550 метров всего за 29.9 секунды. От души поздравляем Алексея с успехом!</p> <p style=\"text-align: justify;\"><span style=\"line-height: 1.3em;\">Инженеры из МАМИ, которые своими золотыми руками переделали карты на ручное управление, совместно с работниками картинг-клуба помогали ребятам-колясочникам пересаживаться из их инвалидных колясок в карты, реализовали свои благие устремления, и получили результат в виде бескрайней благодарности и восхищения.&nbsp;</span></p> <p style=\"text-align: justify;\"><span style=\"line-height: 1.3em;\">Спасибо всем участникам за море позитива!</span></p> <p style=\"text-align: justify;\"><span style=\"line-height: 1.3em;\">&nbsp;</span></p> <p style=\"text-align: justify;\"><strong><span style=\"line-height: 1.3em;\">Небольшой фотоотчет:</span></strong></p> <table border=\"0\" style=\"width: 238px; height: 180px;\"> <tbody> <tr> <td><a href=\"joomplu:883 type=img\"><img src=\"http://platform-master.ru/index.php?option=com_joomgallery&amp;view=image&amp;format=raw&amp;id=883&amp;type=thumb\" class=\"jg_photo\" alt=\"joomplu:883\" width=\"207\" height=\"138\" /></a></td> <td><a href=\"joomplu:884 type=img\"><img src=\"http://platform-master.ru/index.php?option=com_joomgallery&amp;view=image&amp;format=raw&amp;id=884&amp;type=thumb\" class=\"jg_photo\" alt=\"joomplu:884\" width=\"212\" height=\"140\" /></a></td> <td><a href=\"joomplu:885 type=img\"><img src=\"http://platform-master.ru/index.php?option=com_joomgallery&amp;view=image&amp;format=raw&amp;id=885&amp;type=thumb\" class=\"jg_photo\" alt=\"joomplu:885\" width=\"218\" height=\"145\" /></a></td> </tr> <tr> <td><a href=\"joomplu:886 type=img\"><img src=\"http://platform-master.ru/index.php?option=com_joomgallery&amp;view=image&amp;format=raw&amp;id=886&amp;type=thumb\" class=\"jg_photo\" alt=\"joomplu:886\" width=\"207\" height=\"138\" /></a></td> <td><a href=\"joomplu:887 type=img\"><img src=\"http://platform-master.ru/index.php?option=com_joomgallery&amp;view=image&amp;format=raw&amp;id=887&amp;type=thumb\" class=\"jg_photo\" alt=\"joomplu:887\" width=\"211\" height=\"140\" /></a></td> <td><a href=\"joomplu:888 type=img\"><img src=\"http://platform-master.ru/index.php?option=com_joomgallery&amp;view=image&amp;format=raw&amp;id=888&amp;type=thumb\" class=\"jg_photo\" alt=\"joomplu:888\" width=\"219\" height=\"145\" /></a></td> </tr> <tr> <td><a href=\"joomplu:889 type=img\"><img src=\"http://platform-master.ru/index.php?option=com_joomgallery&amp;view=image&amp;format=raw&amp;id=889&amp;type=thumb\" class=\"jg_photo\" alt=\"joomplu:889\" width=\"206\" height=\"137\" /></a></td> <td><a href=\"joomplu:890 type=img\"><img src=\"http://platform-master.ru/index.php?option=com_joomgallery&amp;view=image&amp;format=raw&amp;id=890&amp;type=thumb\" class=\"jg_photo\" alt=\"joomplu:890\" width=\"207\" height=\"138\" /></a></td> <td><a href=\"joomplu:891 type=img\"><img src=\"http://platform-master.ru/index.php?option=com_joomgallery&amp;view=image&amp;format=raw&amp;id=891&amp;type=thumb\" class=\"jg_photo\" alt=\"joomplu:891\" width=\"219\" height=\"219\" /></a></td> </tr> </tbody> </table> <p style=\"text-align: justify;\"><strong><span style=\"line-height: 1.3em;\">&nbsp;</span></strong></p> <p style=\"text-align: justify;\"><span style=\"line-height: 1.3em;\">&nbsp;</span></p>','2014-11-26','Благотворительное мероприятие \"Картинг без границ\"',1,'<p style=\"text-align: justify;\">20 октября 2014 мы принялия участие в качестве спонсоров мероприятия \"Картинг Без Границ\".&nbsp;</p> ','blagotvoritelnoe-meropriyatie-karting-bez-granits'),(71,'','','',' <p style=\"text-align: justify;\">Документ, опубликованный на официальном интернет-портале правовой информации, был разработан в рамках реализации Конвенции ООН о правах инвалидов, которая была ратифицирована Россией в 2012 году.</p> <p><a href=\"joomplu:892 type=img\"><img src=\"http://platform-master.ru/index.php?option=com_joomgallery&amp;view=image&amp;format=raw&amp;id=892&amp;type=thumb\" class=\"jg_photo\" alt=\"joomplu:892\" style=\"display: block; margin-left: auto; margin-right: auto;\" width=\"545\" height=\"350\" /></a></p> <p style=\"text-align: justify;\">Закон конкретизирует основные условия обеспечения доступности объектов и услуг для инвалидов, учитывая группу здоровья и индивидуальные потребности, имеющиеся ограничения.<br />Законом так же определяются особенности обслуживания пассажиров с инвалидностью на железнодорожном, автомобильном и городском наземном электрическом транспорте, а также особенности предоставления им услуг связи. По закону каждое общественное здание - вокзалы, школы, детские сады, административные здания, медицинские учреждения, банки, офисные центры - все должны быть оснащены инвалидными подъемниками или иметь пандус, строго соответствующий принятым нормативам.<br />Кроме того, вводится норма о недопустимости дискриминации по признаку инвалидности и дается определение данного вида дискриминации. Предусмотрено также создание так называемого реестра инвалидов, так как Конвенция ООН предписывает наладить подобный учет. При этом персональные данные будут надежно защищены.<br />Все нововведения, касающиеся создания условий доступной среды, будут вводиться дифференцированно: отдельно для инвалидов по слуху, отдельно - по зрению и так далее. Положения документа начнут действовать с 2016 года.<br />Ожидается, что денежное обеспечение нововведений будет обеспечено за счет специальной госпрограммы \"Доступная среда\", которая будет продлена до 2020 года.<br />Исходя из опыта, полученного при реализации госпрограммы РФ \"Доступная среда\" на 2011-2015 годы, объем затрат бюджетов бюджетной системы РФ на реализацию указанных мероприятий, планируемых на 2016-2020 годы, может составлять 185-190 млрд руб.</p>','2014-12-03','Продление программы \"Доступная среда\"',1,'<p style=\"text-align: justify;\">МОСКВА, 2 декабря. Президент России Владимир Владимирович Путин подписал закон, призванный создать более комфортные условия жизни &nbsp;для людей с ограниченными физическими возможностями.</p> ','prodlenie-programmy-dostupnaya-sreda'),(72,'','','',' <p><img src=\"http://ustroit.ru/files/images/articles/elitlift5_0.jpg\" style=\"width: 200px; float: left; margin: 4px 15px 10px 0;\" /></p> <p>Все чаще наши клиенты останавливают свой выбор на стеклянных лифтах. И их выбор легко объяснить. Благодаря наличию определенных особенностей такого лифта, существует возможность не только решить проблему перемещения пассажиров, но и эстетически украсить все помещение.</p> <p>Также стоит помнить, что люди с боязнью замкнутого пространства могут перемещаться спокойно, без каких-либо неприятных ощущений только в лифтах с прозрачными стенами кабины.</p> <p>Еще одной значимой особенностью стеклянных лифтов в торговых центрах является возможность обзора витрин и афиш всех магазинов. Благодаря такому эффекту, каждая торговая точка получает бесплатную рекламу своей продукции и действующих специальных предложений для покупателей.</p> <p>Учитывая практически безграничные возможности современных строительных технологий, стеклянный лифт может стать воплощением самой фантастической Вашей идеи в оформлении помещения. Капсула, хрустальный шар или волшебный куб? Вам выбирать, какой элемент станет жемчужиной всего здания. В случае ограниченной площади здания, стеклянный лифт можно с легкостью вынести и на внешний фасад здания. Инженеры легко подберут такой состав материалов, который будет устойчив даже к сильным изменениям внешней среды.</p>','2015-02-12','Преимущества стеклянного лифта для заказчика',1,'<p>Подбирая лифт для дома, офиса или торгового центра заказчик сталкивается с сложным выбором. Каким должен быть лифт? Какой формы? С какой скоростью двигаться? Если на вопросы об необходимых технических характеристиках Вам легко ответит грамотный специалист, то в выборе стиля оформления лифта и лифтовой шахты лучше положиться на свои предпочтения.</p> ','preimushchestva-steklyannogo-lifta-dlya-zakazchika'),(73,'','','',' <p><img src=\"http://esc-on.liftes.ru/images/esc4.jpg\" style=\"width: 200px; float: left; margin: 4px 15px 10px 0;\" /></p> <p>Профессиональные инженеры давно имеют готовое решение для таких объектов – это подбор необходимого подъемного транспортного механизма. Принцип работы классического эскалатора и траволатора одинаков – это непрерывное конвейерное движение. Отличием является только их технические характеристики. Так эскалатор больше подойдет к объектам с ограниченной территорией и необходимостью подъема пассажиров на определенную высоту. Рекомендованный угол монтажа эскалатора составляет не более 35°.</p> <p>Траволаторы же могут перемещать пассажиров как горизонтально, так и вертикально. Но при подъеме траволатор значительно уступает эскалатору. Рекомендованный угол подъема не должен превышать 12°. Механизм траволатора имеет более простую конструкцию и этим облегчает работу монтажников. Еще одним преимуществом перед эскалатором станет сравнительно более низкая цена за один метр.</p> <p>Заказывая подъемное устройство у нас, будьте спокойны, наши специалисты подберут оптимальное решение по разгрузке лестничных или пешеходных путей именно для Вашего заказа.</p>','2015-02-19','Особенности работы эскалаторов и траволаторов',1,'<p>Эскалаторы и траволаторы давно показали себя как отличное решение для оптимизации большого пассажиропотока. В местах общественного значения иметь обычную лестницу становится недостаточным для единовременного перемещения большого количества людей. Размещение лифтов, даже с сравнительно большой грузоподъемностью, также не решает проблемы. Образовываются очереди из ожидающих, а в случае перегруза лифта, возможно возникновение неприятных аварийных ситуаций застревания лифта.</p> ','osobennosti-raboty-eskalatorov-i-travolatorov'),(74,'','','',' <p style=\"text-align: justify;\"><span style=\"line-height: 1.3em;\"> <a href=\"joomplu:894 type=img\"><img src=\"http://platform-master.ru/index.php?option=com_joomgallery&amp;view=image&amp;format=raw&amp;id=894&amp;type=thumb\" class=\"jg_photo\" alt=\"joomplu:894\" width=\"140\" height=\"140\" style=\"margin-right: 10px; margin-bottom: 10px; float: left;\" /></a><strong style=\"line-height: 1.3em;\">Мясной дом Бородина</strong><span style=\"line-height: 1.3em;\">&nbsp;— один из самых заметных и признанных покупателями брендов на рынке мясной гастрономии.</span>Сегодня Мясной дом Бородина успешно развивается, постоянно обновляя техническую базу предприятия, повышая производительность, увеличивая объемы производства.Освоение технологии производства продуктов без использования усилителей вкуса, сои и каррагинана сделало предприятие лидером рынка натуральных мясных продуктов.</span></p> <p style=\"text-align: justify;\">Мы, безусловно, рады расширению и росту компании и в один из новых цехов мы поставили ряд <strong>гидравлических мачтовых подъемников Hidral.</strong></p> <p style=\"text-align: justify;\">Мачтовые подъемники призваны поднимать тяжеловесные грузы между этажами и являются хорошей альтернативой грузовому лифту по соотношению цены и качества. Такого рода платформы способны поднимать грузы весом <strong>до 20 тонн на высоту до 18-20 метров.</strong></p> <p style=\"text-align: justify;\">&nbsp;</p> <p style=\"text-align: justify;\"><iframe width=\"268\" height=\"201\" src=\"https://www.youtube.com/embed/N6ri2Nrqz4k?rel=0\" frameborder=\"0\" allowfullscreen=\"true\" style=\"float: left;\"></iframe>&nbsp;</p> <p style=\"text-align: justify;\"><strong style=\"text-align: justify; line-height: 1.3em;\">&nbsp; Монтаж</strong><span style=\"text-align: justify; line-height: 1.3em;\"> такой техники осуществляется в несколько этапов, со строгим соблюдением инструкции. Как любое &nbsp; &nbsp; &nbsp; &nbsp;оборудование, которым пользуются люди, подъемники нуждаются в техническом обслуживании, чтобы каждая &nbsp; &nbsp; &nbsp; &nbsp;деталь механизма работала слаженно и не представляла угрозы для жизни и здоровья людей.</span></p> <p style=\"text-align: center;\">&nbsp;</p> <p style=\"text-align: center;\">&nbsp;</p> <p style=\"text-align: center;\">Более подробно Вы можете узнать о подъемниках у наших менеджеров. Звоните по тел. <strong><span style=\"text-decoration: underline;\">+7 (499) 647-41-40</span></strong> или &nbsp;отправляйте Ваш запрос на<span style=\"text-decoration: underline;\"> <a href=\"mailto:info@platform-master.ru\">info@platform-master.ru</a>&nbsp;<a href=\"mailto:info@platform-master.ru.\"><br /></a></span></p> <p style=\"text-align: justify;\"><span style=\"text-decoration: underline;\">&nbsp;</span></p> <p style=\"text-align: justify;\">&nbsp;</p> <p style=\"text-align: justify;\"> <table style=\"width: 447px; height: 121px;\"> <tbody> <tr> <td><img src=\"images/borodino_montage.jpg\" width=\"315\" height=\"210\" alt=\"borodino montage\" /></td> <td><img src=\"images/borodino_dom.jpg\" width=\"315\" height=\"210\" alt=\"borodino dom\" /></td> </tr> </tbody> </table> </p>','2015-02-10','Мясной дом Бородино. Монтаж мачтовых платформ',1,'<p>Монтаж мачтовых подъемников Hidral для нового цеха \"Мясной дом Бородина\".</p> ','myasnoj-dom-borodino-montazh-machtovykh-platform'),(75,'','','',' <p style=\"text-align: justify;\"><a href=\"joomplu:895 type=img\"><img src=\"http://platform-master.ru/index.php?option=com_joomgallery&amp;view=image&amp;format=raw&amp;id=895&amp;type=thumb\" class=\"jg_photo\" alt=\"joomplu:895\" width=\"336\" height=\"224\" style=\"margin-right: 10px; margin-bottom: 10px; float: left;\" /></a>Кафе здорового питания<strong> \"Рецептор\"</strong> - один из наших новых, но от этого не менее любимых проектов. Мы, как и полагается ответсвтенным людям, конечно же поехали посмотреть \"финальную версию\" реализованного проекта и были приятно удивлены интересным интерьером и замечательной кухней. Меню кафе сочетает современную корейскую и европейскую кухни с большой картой блюд для вегетарианцев и пескитарианцев (те, кто едят рыбу и морепродукты). В Рецепторе на Чистопрудном, как и принято в<strong> Рецепторе</strong>, отсутствуют блюда из мяса. Вся эта прекрасная \"кухня\" перевозится на малом грузовом лифте немецкого завода SKG Metallschneider. Немецкое качество дополнено современным дизайном и прекрасно сочетается с ярким интерьером кафе.</p> <p style=\"text-align: justify;\">Воздушный минималистичный дизайн с состаренным потолком, витражем над баром, стильными современными лампами и большими окнами в пол. Обеспечила дизайн команда Архитектурной студии М-17 во главе с Екатериной Виноградовой и Александром Волковым. Дизайн заведения дополнен красочными полотнами в исполнении владелицы Рецептора Надежды Пак. Таким образом, кафе является ещё и выставочным залом её работ в стиле наив, что придает пространству ощущение мастерской. Заведение вышло лаконичным, светлым и наполненным домашним уютом, что присуще заведениям Александра и Надежды.</p> <p><iframe width=\"393\" height=\"295\" src=\"https://www.youtube.com/embed/wphsUQSCw9c?rel=0\" frameborder=\"0\" allowfullscreen=\"true\" style=\"display: block; margin-left: auto; margin-right: auto;\"></iframe></p> <p style=\"text-align: justify;\">&nbsp;</p> <p style=\"text-align: justify;\">P.S.: Если вдруг окажетесь в этом заведении, обязательно попробуйте капучино! Не пожалеете!&nbsp;</p> <p style=\"text-align: justify;\">Адрес объекта:&nbsp;Чистопрудный бульвар 23 стр. 2</p> <p style=\"text-align: justify;\">&nbsp;</p>','2015-02-10','Малый грузовой лифт в кафе Рецептор',1,'<p>Малый грузовой лифт в кафе здорового питания\"Рецептор\".&nbsp;</p> ','malyj-gruzovoj-lift-v-kafe-retseptor'),(76,'','','',' <p><img src=\"http://sglift.ru/imgs/opory-dlya-podemnikov.jpg\" style=\"width: 200px; float: right; margin: 4px 15px 10px 0;\" /></p> <p>Грузовые подъемники разделяются на шесть основных вида:</p> <ol> <li>Грузопассажирские. Данный вид подъемников дает возможность безопасно доставить груз на высоту оконного проема. Грузопассажирские подъемники удобны при подаче груза, простаты и быстры при установке. Управление подъемной машины происходит из самой кабины.</li> <li>Фасадные подъемники применяются при выполнении высотных работ на фасаде здания. С помощью, которых можно за один раз поднять работников и все строительные материалы. Такой подъемник экономит время на его установку и транспортировку груза. Он универсален для зданий любых форм, благодаря своим узловым секциям. Фасадные подъемники очень популярны при ремонте фасадов многоэтажек.</li> <li>Подъемник секционный двухмачтовый используется для подачи груза на верхний этаж. Они различаются по способу крепления к стене здания: <ul> <li>двухстоечные, в которых расположение лебедки находится вверху;</li> <li>одностоечные со стационарной платформой;</li> <li>двухстоечные с лебедкой внизу.</li> </ul> </li> <li>Одномачтовые подъемники, которые используют зачастую в складских помещениях для перемещения груза. В основном в таких подъемниках имеется 2 остановки, но по желанию клиента делают от трех и более.</li> <li>Секционные подъемники осуществляют подачу груза в здание через имеющиеся проемы или же на крышу объекта строительства.</li> <li>Подъемник для склада. Данный вид подъемника очень производится по индивидуальному заказу с учетом всех пожеланий клиента и специфики груза. &nbsp;</li> </ol>','2015-03-10','Преимущество и виды мачтовых подъемников',1,'<p>Мачтовые подъемники рассчитаны для перемещения разнообразного груза во время строительных или ремонтных работ. Данные подъемники очень удобны и позволяют за короткое время и без особых трудозатрат произвести все необходимые работы.</p> ','preimushchestvo-i-vidy-machtovykh-pod-emnikov'),(77,'','','',' <p><img src=\"http://esc-on.liftes.ru/images/image028.jpg\" style=\"width: 200px; float: left; margin: 4px 15px 10px 0;\" /></p> <p>Траволатор – постоянно работающая бесступенчатая лента, которая функционирует без остановки. Данная лента имеет механизм непрерывного цикла, поэтому не требуется включение машины для каждого отдельного пассажира или груза.</p> <p><strong>Плюсы травалатора</strong></p> <p>Благодаря своей доступной цене, травалаторы пользуются большой популярности. Теперь их можно встретить не только в аэропортах и вокзалах, а также в торговых центрах и других общественных местах. Большой плюс траволаторов в том, что они могут быть установлены как внутри здания, так и снаружи.</p> <p><img src=\"http://www.optimalift.ru/userfiles/0685392001366625376_ST-Variable-Speed-Moving-Walkways.jpg\" style=\"width: 200px; float: right; margin: 4px 15px 10px 0;\" /></p> <p>Траволатор потребляет малое количество энергии, а сервисное обслуживание быстрое и легкое. Также они могут перемещать грузы, которые проблематично транспортировать на эскалаторе, например, такие как тележки в супермаркетах, детские коляски, кресла для инвалидов. Отдельным плюсом, хотелось бы отметить тот факт, что на траволаторе можно одновременно перемещать большее количество пассажиров с грузом, чем на эскалаторе такой же длины. Но самое главное, что себестоимость траволатора окупается за очень короткий срок.</p> <p><strong>Минусы траволатора</strong></p> <p>Если сравнивать эскалатор и траволатор, то последний имеет более плавный угол наклона. Но и этот минус в некоторых случаях можно отнести к плюсам.</p> <p><strong>Если Вы желаете приобрести траволатор по выгодной цене с быстрой и качественной установкой, мы с радостью Вам в этом поможем. КРЕАТИВ-МАСТЕР окажет полный спектр услуг в сфере подъемно-транспортного оборудования!&nbsp;</strong></p>','2015-03-17','Плюсы и минусы траволатора',1,'<p>На вид траволатор напоминает конвейерную ленту, но предназначения у данного механизма немного иное. Траволаторы применяют для вертикальной или наклонной транспортировки различных грузов или людей, что дает возможность более быстрого перемещения на относительно недалекие расстояния.</p> ','plyusy-i-minusy-travolatora'),(78,'','','',' <p><img src=\"http://www.membrana.ru/storage/img/7/7jv.jpg\" style=\"width: 200px; float: left; margin: 4px 15px 10px 0;\" /></p> <p>Первый в мире эскалатор появился в XIX веке, его придумал американский изобретатель Джессом Рено. Монтаж первой ленты был произведен в парке и Кони-Айленд, но функционировал эскалатор только в качестве развлекательного аттракциона. Этот эскалатор немного отличался от современных, в нем не было поручней и ступеней. В 20-х годах ХХ века эскалатор приобрел привычный для нас внешний вид и получил большую популярность. В метро движущиеся ступени появились в 1911 году в Лондоне.</p> <p>Главным преимуществом эскалатора, как средства передвижения является большой беспрерывный пассажиропоток, чем не могут «похвастаться» лифты и фуникулеры. Даже если эскалатор остановить, его можно использовать как обычную лестницу.</p> <p>Но есть и ложка дегтя в бочке меда. Эскалаторы дороже и медленней лифтов, а для их установки требуется большое пространство. Также на эскалаторе проблематично перемещение с колясками для детей и инвалидов. Если человеку требуется не на следующий этаж, а на какой-либо другой, в таком случаи требуется производить пересадку. Но все-таки преимуществ больше, чем недостатков, поэтому эскалаторы мы встречаем все чаще.</p> <p>Заказать и купить эскалатор в Москве мы рекомендуем у профессионалов своего дела. В фирме «КРЕАТИВ-МАСТЕР» Вы найдете разнообразные эскалаторы, а мастера компании произведут качественный монтаж точно в срок.&nbsp;</p>','2015-03-24','История и особенности эскалатора',1,'<p>Эскалаторы – специальные подъемно-транспортные машины, которые позволяют быстро перемещать людей с одного этажа на другой. Данная конструкция представляет собой постоянно движущие ступени.</p> <p>В настоящее время, эскалаторы встречаются встретиться как в метро, вокзалах, торговых центрах, так и в обычных офисных центрах. В некоторых городах, где преобладает сильный перепад высот, эскалаторы устанавливают вместо фуникулеров.</p> ','istoriya-i-osobennosti-eskalatora'),(79,'','','',' <p style=\"text-align: justify;\">В выставке приняли участие более 500 компаний, из разных стран мира. Стоит отметить, что это достаточно новая выставка (проводится с 2014г. в России). Независимый российский выставочный оператор Media Globe и выставочная площадка \"Крокус Экспо\" совместно с крупнейшей международной компанией Reed Exhibitions, проводящей Batimat France, решили основать Batimat Russia. И вот уже второй год эта выставка пользуется заметной популярностью в среде компаний, занимающихся следующими видами деятельности:</p> <p style=\"text-align: justify;\">&nbsp;</p> <p style=\"text-align: justify;\"> <table style=\"width: 294px; height: 19px;\"> <tbody> <tr> <td><a href=\"joomplu:910 type=img\"><img src=\"http://platform-master.ru/index.php?option=com_joomgallery&amp;view=image&amp;format=raw&amp;id=910&amp;type=thumb\" class=\"jg_photo\" alt=\"joomplu:910\" width=\"300\" height=\"200\" /></a></td> <td><a href=\"joomplu:911 type=img\"><img src=\"http://platform-master.ru/index.php?option=com_joomgallery&amp;view=image&amp;format=raw&amp;id=911&amp;type=thumb\" class=\"jg_photo\" alt=\"joomplu:911\" width=\"300\" height=\"200\" /></a></td> </tr> </tbody> </table> </p> <p>&nbsp;</p> <p>• Строительные материалы и оборудование <br />• Оконные системы, фурнитура. ПВХ. Алюминиевый профиль. Автоматика <br />• Двери, замки, фурнитура <br />• Сантехника, интерьеры ванных комнат <br />• Керамическая плитка и камень <br />• Отделочные материалы. Интерьер <br />• Напольные покрытия</p> <p style=\"text-align: justify;\">В этом году Batimate Russia &nbsp;проходит одновременно с широко известной и самой масштабной строительной выставкой в России - Mosbuild..Которая длится больше недели и включает в себя 5 профильных экспозиций. Наша специфика деятельности ( инвалидные подъемники, коттеджные лифты, промышленные и складские подъемники) для данных выставок не подходит, но мы, как и многие другие компании, стараемся быть \" в тренде\" современных течений и тенденций строительного рынка, поэтому каждый год посещаем подобные мероприятия.&nbsp;</p> <p>&nbsp;</p>','2015-04-05','Международная строительно-интерьерная выставка BatimateRussia',1,'<p style=\"text-align: left;\">В Москве, в Крокусе прошла строительно-интерьерная выставка BatimateRussia 2015.</p> ','mezhdunarodnaya-stroitelno-interernaya-vystavka-batimaterussia'),(80,'','','',' <p><img src=\"http://www.newizv.ru/images/ph/2011/12/20/1410733642074.jpg\" style=\"width: 200px; float: left; margin: 4px 15px 10px 0;\" /></p> <p>Прежде всего, необходимо знать, что пандусы различаются на стационарные и переносные. Самыми распространенными являются стационарные, поэтому именно о них сегодня и будет идти речь.</p> <p>Стационарные пандусы помогают инвалиду преодолеть такое трудное препятствие на своем пути как лестница на крыльце или подъезде. Пандус может быть изготовлен из любого материла, но самыми простыми в установке и долговечными являются металлические пандусы.</p> <p>Один из главных нюансов правильного пандуса – угол наклона. По ГОСТу угол наклона пандуса не должен превышать 5 градусов, иначе подъем на пандусе будет невозможным и небезопасным для людей с ограниченными возможностями. Также, во время установки необходимо обратить внимание не только на наличии поручней облегчающих подъем, но и на специальную площадку в 1.5 метров перед пандусом. Данная площадка обязательно требуется для плавного заезда на пандус. А если лестница очень высокая, в таком случае горизонтальная площадка должна быть каждые 800 мм подъема.</p> <p>Поверхность пандуса тоже играет немаловажную роль, если она будет полностью гладкой и скользкой, произвести подъем будет проблематично. И не забывайте, что вся конструкция должна быть надежной и прочной, которая с легкостью выдержит вес коляски и человека.</p> <p>Применяя эти простые правила, Вы сможете установить по-настоящему полезный пандус, в чем Вам с радостью поможет наша компания «Креатив-Мастер».</p>','2015-03-31','Правильный пандус, каким он должен быть?',1,'<p>Все мы знаем, что на законодательном уровне существуют нормы и правила по установке пандусов в общественных местах. Но зачастую данными законами пренебрегают, вследствие чего страдают люди с ограниченными возможностями. Если Вы решили установить или заказать пандус, для начала надо разобраться в особенностях конструкции.</p> ','pravilnyj-pandus-kakim-on-dolzhen-byt'),(81,'','','',' <p><img src=\"http://www.invalirus.ru/uploads/posts/2014-05/1400717410_invalid.jpg\" style=\"width: 200px; float: left; margin: 4px 15px 10px 0;\" /></p> <p>Зачастую приехав в любой город и даже в столицу, инвалиды-колясочники испытывают большие трудности во время спуска с вагона поезда на перрон, ведь это не легкая задача и для простого человека. Конечно, очень хорошо, что у нас есть много добрых людей, которые помогут спуститься или подняться в вагон человеку на коляске. Но куда лучше, когда на вокзале или в аэропорту имеется специальный мобильный подъемник для инвалидов, который за минимальное время способен произвести грузоподъемность весом до 300 кг на высоту более чем 1600 мм. Такой подъемник можно использовать в любое время года, он выдерживает даже крепкие морозы в -30°. В сложенном виде подъемник можно перемещать по горизонтальной поверхности, при этом пассажир уже может находиться на нем.</p> <p>Жаль, но в нашей стране мобильные подъемники большая редкость. Но наша компания «Креатив-Мастер» работает над данной проблемой ежедневно, и уже готова предложить нашим клиентам свой широкий ассортимент продукции для улучшения ситуации по передвижению малоподвижных групп населения России.</p>','2015-04-07','Мобильные подъемники для инвалидов',1,'<p>Все мы любим путешествовать, познавать новые города, культуры и обычаи. И даже если с человеком произошла трагедия, после которой он стал инвалидом – это не значит, что на желании изведать новые страны, надо «поставить крест»! К счастью мы живем в 21 веке, где уже давно придуманы средства для помощи передвижения людей с ограниченными возможностями. Одним из таких сверхнеобходимым элементом является мобильный подъемник для железных дорог и транспорта.</p> ','mobilnye-pod-emniki-dlya-invalidov'),(82,'','','',' <p><img src=\"http://www.ukrcommerce.com/images_board/2012-Jun/233771.JPG\" style=\"width: 200px; float: left; margin: 4px 15px 10px 0;\" /> </p> <p>При выборе гидравлического ножного стола стоит обратить внимание на его комплектацию, поскольку от этого напрямую зависит окончательная стоимость покупки.</p>  <p>Итак, подъемники-ножницы могут быть с разным типом двигателя, а именно с электрическим и дизельным. Выбрать нужный тип двигателя очень просто, все зависит от места, где вы планируете производить работы. Ножничный подъемник с дизельным двигателем отлично подойдет для работы на открытой местности и где необходима большая грузоподъемность. Если же Вы планируете свою работу в закрытом помещении, тогда рекомендуем подъемники с электрическим двигателем, т.к. такой стол менее шумный, не имеет вредных выбросов, обеспечивает максимальную безопасность и чистый пол в рабочем помещении. Также стоит обратить внимание на способ установки, поскольку подъемник-ножницы может быть стационарным и мобильным. Передвижной подъемник дает возможность перемещать груз вертикально и горизонтально.</p>  <p>Купить любой тип ножничного подъемника можно в нашей компании по очень выгодной цене. Наши специалисты проконсультируют по любому возникшему вопросу, а также предложат самую лучшую модель подъемника-ножниц для Вас.</p> ','2015-04-14','Как выбрать и где купить подъемник-ножницы?',1,'<p>Подъемник-ножницы (подъемный гидравлический стол ножного типа) используется для вертикального перемещения различных грузов в таких помещениях, где другие виды подъемников просто невозможно применить. Ножничный подъемник – это металлическая конструкция, которая с помощью гидравлической системы вертикально поднимает специальную грузовую платформу. Такой механизм оборудован особой рамой для обеспечения дополнительной безопасности в случаи попадания на платформу посторонних предметов.</p> ','kak-vybrat-i-gde-kupit-pod-emnik-nozhnitsy'),(83,'','','',' <p><img src=\"http://karatlift.com.ua/userfiles/modernizaciya/raboti_po_modern/Zapchasti.jpg\" style=\"width: 200px; float: left; margin: 4px 15px 10px 0;\" /></p> <p>Наша компания имеет многолетний опыт работы с лифтовым оборудованием от лучших мировых производителей. Благодаря этому наши специалисты гарантируют исключительное качество подъемных механизмов. Учитывая специфику лифтового оборудования наши инженеры уделяют особенное внимание разработке индивидуального проекта строительства лифтовой шахты или подготовке места для монтажа конструкции для подъемной платформы. Специалисты нашей компании осознают степень ответственности предоставляемых услуг, понимая, что клиенты доверяют нам жизнь как свою, так и своих родных и близких.</p> <p>Запчасти являются важной составляющей в обеспечении бесперебойной исправной работы лифтового оборудования разного типа. У нас в наличии на складе всегда все необходимые запасные детали, которые могут понадобиться как при плановом, так и при экстренном техническом обслуживании лифта.</p> <p>Квалифицированный специалист проведет оценку естественного износа деталей лифтового оборудования и предоставит Вам рекомендации, что и когда необходимо заменить. Соблюдение профессиональных рекомендаций от мастеров сервисного центра обеспечит Вам соблюдение всех норм и требований действующего законодательства.</p>','2015-05-12','Значение качественного подбора запчастей лифтового оборудование',1,'<p>Современное лифтовое оборудование относится к сложным механизмам. Все работы по производству, монтажу и дальнейшему техническому обслуживанию лифтового оборудования относятся к работам с повышенным уровнем опасности. При разработке и сборке пассажирских и грузовых лифтов не существует мелочей. Именно поэтому отдельного внимания заслуживает производство всех составляющих элементов лифтовой шахты и деталей лифтовой кабины или платформы.</p> ','znachenie-kachestvennogo-podbora-zapchastej-liftovogo-oborudovanie'),(84,'','','',' <p><img src=\"http://www.euroliftmash.ru/upload/iblock/efe/efe0b09f2a875076726e5284faed05f1.jpg\" style=\"width: 200px; float: left; margin: 4px 15px 10px 0;\" /></p> <p>Наша компания предлагает для Вас разработку индивидуального проекта лифтового оборудования, конкретно под Вашу задачу. Мы работаем только с лучшими производителями лифтового оборудования. Но чтобы гарантировать безопасную эксплуатацию такого оборудования на долгие годы, Вам стоит помнить о нескольких основных правилах. В первую очередь подбор и монтаж лифтовой шахты и движущего механизма рекомендуется доверять проверенным специалистам в данной сфере. В дальнейшем залогом исправной работы лифтового оборудования станет регулярное техническое обслуживание. У каждого лифта есть установленные производителем сроки обязательного сервисного обслуживания. Нарушение сроков технического осмотра категорически запрещено и может привести к возникновению опасных для жизни окружающих ситуаций.</p> <p>Специалисты нашей компании проводят первичный осмотр, квартальное, полугодовое и годовое техническое обслуживание лифтового оборудования, которое включает в себя смазку двигателя, проверку натяжения канатов и ремней, а также тестирование системы безопасности при аварийной ситуации.</p> <p>&nbsp;</p>','2015-05-19','Техническое обслуживание лифтов – залог их длительной и безопасной эксплуатации',1,'<p>Лифтовое оборудование – это незаменимый объект в любом современном строении. Благодаря подъемному лифтовому механизму теперь человек может решать даже самые сложные задачи. Перемещение тяжелых и габаритных грузов, подъем и спуск с многоэтажных зданий за считанные секунды, а также транспортировка больных или людей с ограниченными физическими возможностями. Сегодня трудно представить промышленное предприятие, торговый центр или современную станцию технического обслуживания автомобилей без функциональных универсальных лифтов.</p> ','tekhnicheskoe-obsluzhivanie-liftov-zalog-ikh-dlitelnoj-i-bezopasnoj-ekspluatatsii'),(85,'','','',' <p><img src=\"http://forstor.com.ua/images/stories/lift/parking/parking-head.jpg\" style=\"width: 200px; float: left; margin: 4px 15px 10px 0;\" /></p> <p>Специалисты нашей компании предложат Вам широкий выбор лифтовых шахт и кабин, подходящих под самые разнообразные условия. Вы можете подобрать лифт для размещения как внутри помещения, так и снаружи. При этом внешний вид будет в обоих случаях отвечать всем Вашим пожеланиям.</p> <p>Основными тенденциями в современном дизайне лифтового оборудования стали интересные яркие цветовые решения, использование в отделке лифтов натуральных и даже драгоценных материалов. Так деревянные панели в лифте Вашего офиса подчеркнут исключительный статус Вашей компании. Лифт с зеркальными стенками кабины порадует как взрослых, так и детей. При этом Вы можете быть спокойны за безопасность своих посетителей. Для производства зеркальных панелей используется специальное закаленное ударостойкое стекло.</p> <p>Добавит особенного очарования и зрительно расширит кабину лифта правильное освещение. Благодаря мягкому равномерному свету Вы сможете подчеркнуть интересные особенности формы или цвета лифта. А точечные светодиодные светильники помогут создать эффект звездного неба.</p> <p>&nbsp;</p>','2015-05-26','Дизайн современного лифтового оборудования',1,'<p>Лифтовое оборудование на сегодняшний день используется как в общественных местах, торговых центрах, так и в частных отелях и домах. Лифт по праву можно отнести к одному из важных элементов интерьера любого объекта. Именно поэтому производители современных лифтовых подъемников уделяют его внешнему виду особое внимание. Теперь лифты должны быть не только качественными, надежными и функциональными, но и гармонично вписываться в стиль оформления основного здания.</p> ','dizajn-sovremennogo-liftovogo-oborudovaniya'),(86,'','','',' <p style=\"text-align: justify;\"><br /><img src=\"images/ea75a8cd2352ce92c4710f6494b40a2c.JPG\" width=\"250\" height=\"150\" alt=\"ea75a8cd2352ce92c4710f6494b40a2c\" style=\"margin-right: 10px; margin-bottom: 10px; float: left;\" />В рамках партийного проекта «Единая страна – Доступная среда» (который вынесен на&nbsp;<span style=\"font-size: 12.1599998474121px; line-height: 15.8079996109009px; text-align: justify;\">общественное обсуждение и &nbsp;продлится до 7 июня),&nbsp;</span>на площадках региональных групп, в состав которых входят представители региональных законодательных и исполнительных органов власти, а также общественных организаций инвалидов прошло обсуждение проекта госпрограммы «Доступная среда». Об этом рассказал руководитель проекта, заместитель председателя комитета ГД по труду, социальной политике и делам ветеранов Михаил Терентьев, добавив, что «все сходятся во мнении, что программа нуждается в доработке».</p> <p style=\"text-align: justify;\">Депутат уточнил, что все участники обсуждения отметили отсутствие в программе такого важного и ключевого показателя как обеспечение доступности жилых помещений. «По нашему мнению, без повышения данного показателя (по сравнению с текущей ситуацией) не менее, чем на 15-20%, все остальные усилия по обеспечению доступности окружающей инфрастуктуры будут весьма относительны и тщетны, так как первая - и основная – преграда, встречающаяся на пути инвалида, - это возможность свободно без посторонней помощи или с минимальным ее привлечением покинуть свое жилье и попасть в него потом обратно», - сказал Терентьев.</p> <p style=\"text-align: justify;\">«Также региональные рабочие группы отметили, что планируемое создание методического и методологического федерального центра по комплексной реабилитации и абилитации инвалидов и детей-инвалидов не решит всех проблем, которые сегодня имеются в этой области», - полагает он.</p> <p style=\"text-align: justify;\">«Наша общая позиция в этом вопросы, что кроме федерального центра следует предусмотреть создание подобных реабилитационных центров в каждом федеральном округе. Это позволит предоставлять качественные реабилитационные услуги на всей территории России. Необходимо развивать реабилитационные центры в местах их естественного исторического размещения в части предоставления санаторно-курортных и иных восстановительных услуг. Например, создание базовых реабилитационных центров для больных спинномозговой травмы в городах Саки и Евпатория Республики Крым, в Пятигорске, Новокузнецке, Владивостоке и других городах, охватывая все федеральные округа», - уточнил парламентарий.</p> <p style=\"text-align: justify;\">«Участники обсуждения также отметили, что в части совершенствования системы комплексной реабилитации и абилитации инвалидов необходимо стремиться не сколько к увеличению темпов производительности на протезно-ортопедических предприятиях, а к улучшению качества выпускаемой ими продукции. «Качество предоставляемых ТСР –одна из самых острых проблем. Говоря о технических средствах реабилитации многие забывают, что для инвалидов это возможность двигаться, слышать, видеть, поэтому качество, безусловно, должно, быть в приоритете», - отметил Терентьев.</p> <p style=\"text-align: justify;\">Непонятным участникам обсуждения стал пункт программы, измеряющий долю граждан положительно оценивающих вклад инвалидов в развитие общества. «Неясен сам предмет опроса, он сформулирован очень некорректно и будет плохо понятен для тех, кому предстоит отвечать на вопросы. Более того, нет ясности кто является респондентами – врачи, реабилитологи, соседи по дому или еще какие-то группы людей. На наш взгляд, этот пункт вообще какой-то странный. Все мы теперь уже не понаслышке знаем о наших спортсменах паралампийцах, сурдлимпийцах. Безусловно, эти люди, что называется на виду. Есть достижения и в других сферах. Но сначала необходимо создать условия, в которых каждый инвалид сможет реализовать себя, устранить барьеры, а уже потом оценивать его вклад в развитие общества», - отметил Терентьев.</p> <p style=\"text-align: justify;\">Очень сложный для понимания показатель по устранению социальной разобщенности инвалидов и граждан, не являющихся инвалидами.</p> <p style=\"text-align: justify;\">«По нашему мнению, социальная разобщенность – это субъективное понимание, вытекающих из ряда сложных проблем жизнедеятельности инвалидов. Мы считает, что в данном случае речь должна идти об интеграционных процессах при максимально возможном и полном вовлечении инвалидов во все сферы общественной жизни, а также восприятие людей с инвалидностью как равноправных граждан РФ», - уточнил депутат.</p> <p style=\"text-align: justify;\">По словам Терентьева, это лишь малая часть замечаний, которые были сформулированы участниками обсуждения. В целом программа актуальная и комплексно реализует межотраслевой подход в вопросах создания доступной среды, способствующая вовлечению людей с инвалидностью к обычно жизни. Как отметил депутат, Всероссийское общество инвалидов уже выступило с предложением к разработчикам программы о формировании рабочего органа при Минтруде России с целью консолидации всех возможностей министерств и ведомств, являющихся соисполнителями программы, а также обязательным привлечением в ее состав представителей общественных организаций инвалидов. «Предложения и замечания, которые были сформулированы в рамках обсуждения проекта «Единая страна» - «Доступная среда» также будут переданы в эту рабочую группу. Будем внимательно следить за их реализацией», - отметил Терентьев.</p> <p style=\"text-align: justify;\">(По материалам официального сайта партии \"Единая Россия\")</p>','2015-05-21','Терентьев: Проект «Доступная среда» на 2015 – 2020 годы требует доработки',1,'<p style=\"text-align: justify;\">Министерство труда и социальной защиты России разработало проект программы <span style=\"font-size: 12.1599998474121px; line-height: 15.8079996109009px; text-align: justify;\">«Единая страна – Доступная среда».</span></p> ','terentev-proekt-dostupnaya-sreda-na-2015-2020-gody-trebuet-dorabotki'),(87,'','','',' <p style=\"text-align: justify;\">Cреди которых были архитекторы, дизайнеры и просто интересующиеся современными тенденциями в проектировании домов и оформлении интерьеров.</p> <p style=\"text-align: justify;\"> <table style=\"width: 187px; height: 73px; margin-left: auto; margin-right: auto;\"> <tbody> <tr> <td><a href=\"joomplu:919 type=img\"><img src=\"http://platform-master.ru/index.php?option=com_joomgallery&amp;view=image&amp;format=raw&amp;id=919&amp;type=thumb\" class=\"jg_photo\" alt=\"joomplu:919\" width=\"150\" height=\"112\" style=\"margin-bottom: 10px; margin-right: 5px; vertical-align: middle;\" /></a></td> <td><a href=\"joomplu:920 type=img\"><img src=\"http://platform-master.ru/index.php?option=com_joomgallery&amp;view=image&amp;format=raw&amp;id=920&amp;type=thumb\" class=\"jg_photo\" alt=\"joomplu:920\" width=\"150\" height=\"112\" style=\"margin-bottom: 10px; margin-right: 5px;\" /></a></td> <td><a href=\"joomplu:921 type=img\"><img src=\"http://platform-master.ru/index.php?option=com_joomgallery&amp;view=image&amp;format=raw&amp;id=921&amp;type=thumb\" class=\"jg_photo\" alt=\"joomplu:921\" width=\"150\" height=\"112\" style=\"margin-bottom: 10px; margin-right: 5px;\" /></a></td> <td><a href=\"joomplu:922 type=img\"><img src=\"http://platform-master.ru/index.php?option=com_joomgallery&amp;view=image&amp;format=raw&amp;id=922&amp;type=thumb\" class=\"jg_photo\" alt=\"joomplu:922\" width=\"150\" height=\"112\" style=\"margin-bottom: 10px; margin-right: 5px;\" /></a></td> </tr> <tr> <td>&nbsp;<a href=\"joomplu:923 type=img\"><img src=\"http://platform-master.ru/index.php?option=com_joomgallery&amp;view=image&amp;format=raw&amp;id=923&amp;type=thumb\" class=\"jg_photo\" alt=\"joomplu:923\" width=\"150\" height=\"112\" style=\"margin-right: 5px; margin-bottom: 10px; float: left;\" /></a></td> <td>&nbsp;<a href=\"joomplu:924 type=img\"><img src=\"http://platform-master.ru/index.php?option=com_joomgallery&amp;view=image&amp;format=raw&amp;id=924&amp;type=thumb\" class=\"jg_photo\" alt=\"joomplu:924\" width=\"150\" height=\"112\" style=\"margin-right: 5px; margin-bottom: 10px; float: left;\" /></a></td> <td>&nbsp;<a href=\"joomplu:925 type=img\"><img src=\"http://platform-master.ru/index.php?option=com_joomgallery&amp;view=image&amp;format=raw&amp;id=925&amp;type=thumb\" class=\"jg_photo\" alt=\"joomplu:925\" width=\"150\" height=\"112\" style=\"margin-bottom: 10px; margin-right: 5px; float: left;\" /></a></td> <td>&nbsp;<a href=\"joomplu:926 type=img\"><img src=\"http://platform-master.ru/index.php?option=com_joomgallery&amp;view=image&amp;format=raw&amp;id=926&amp;type=thumb\" class=\"jg_photo\" alt=\"joomplu:926\" width=\"150\" height=\"112\" style=\"margin-right: 5px; margin-bottom: 10px; float: left;\" /></a></td> </tr> <tr> <td>&nbsp;</td> <td>&nbsp;</td> <td>&nbsp;</td> <td>&nbsp;</td> </tr> <tr> <td>&nbsp;</td> <td>&nbsp;</td> <td>&nbsp;</td> <td>&nbsp;</td> </tr> </tbody> </table> <br />Экспозиция поделена на несколько тематических зон, расположенных на разных этажах: архитектура, интерьеры, свет в архитектуре, сад. Каждая представленная работа, безусловно, достойна уважения и самых лучших оценок – это труд, креатив, желание привнести что-то свое, новое. Особенно интересны были проекты современного социального жилья и экспозиция «Архитектура для детей». Современные жилые дома перестают быть серыми и безликими, в моду входит индивидуальный дизайн микрорайонов и современная планировка квартир. Стремление к свету, свободе, легкости выражается в нарастающей популярности просторных лофтов, с высокими потолками и минимумом мебели. Бытует мнение, что нагромождение высоток и скученность давит на психику людей, проживающих в мегаполисе, увеличивая вероятность возникновения нервных расстройств и депрессивного состояния. Архитекторы предлагают в качестве решения проблемы малоэтажную застройку, с красивыми деталями и яркими красками, облагороженной и устроенной территорией и современной инфраструктурой. Новые тенденции затронули не только жилой сектор, но и общественные здания, социального и образовательного назначения. Детские сады предлагается делать по совмещенному типу, собирая в одном здании детей от 3 до 18 лет, что, по мнению авторов и психологов, должно способствовать личностному росту детей, интеллектуальному развитию, основанному на стремлении младших ровняться на старших. Яркие и красочные фотографии визуализируют идею для гостей выставки.</p> <p style=\"text-align: justify;\"> <table style=\"width: 441px; height: 37px; margin-left: auto; margin-right: auto;\"> <tbody> <tr> <td><a href=\"joomplu:927 type=img\"><img src=\"http://platform-master.ru/index.php?option=com_joomgallery&amp;view=image&amp;format=raw&amp;id=927&amp;type=thumb\" class=\"jg_photo\" alt=\"joomplu:927\" width=\"150\" height=\"200\" style=\"margin-right: 5px; margin-bottom: 10px; float: left;\" /></a></td> <td><a href=\"joomplu:928 type=img\"><img src=\"http://platform-master.ru/index.php?option=com_joomgallery&amp;view=image&amp;format=raw&amp;id=928&amp;type=thumb\" class=\"jg_photo\" alt=\"joomplu:928\" width=\"195\" height=\"200\" style=\"margin-right: 5px; margin-bottom: 10px; float: left;\" /></a></td> <td><a href=\"joomplu:929 type=img\"><img src=\"http://platform-master.ru/index.php?option=com_joomgallery&amp;view=image&amp;format=raw&amp;id=929&amp;type=thumb\" class=\"jg_photo\" alt=\"joomplu:929\" width=\"153\" height=\"200\" style=\"margin-right: 5px; margin-bottom: 10px; float: left;\" /></a></td> <td>&nbsp;</td> </tr> <tr> <td>&nbsp;<a href=\"joomplu:931 type=img\"><img src=\"http://platform-master.ru/index.php?option=com_joomgallery&amp;view=image&amp;format=raw&amp;id=931&amp;type=thumb\" class=\"jg_photo\" alt=\"joomplu:931\" width=\"150\" height=\"112\" style=\"margin-right: 5px; margin-bottom: 10px;\" /></a></td> <td>&nbsp;<a href=\"joomplu:932 type=img\"><img src=\"http://platform-master.ru/index.php?option=com_joomgallery&amp;view=image&amp;format=raw&amp;id=932&amp;type=thumb\" class=\"jg_photo\" alt=\"joomplu:932\" width=\"150\" height=\"112\" style=\"margin-right: 5px; margin-bottom: 10px; margin-left: 17px; vertical-align: middle;\" /></a></td> <td>&nbsp;<a href=\"joomplu:933 type=img\"><img src=\"http://platform-master.ru/index.php?option=com_joomgallery&amp;view=image&amp;format=raw&amp;id=933&amp;type=thumb\" class=\"jg_photo\" alt=\"joomplu:933\" width=\"150\" height=\"112\" style=\"margin-right: 5px; margin-bottom: 10px;\" /></a></td> <td>&nbsp;</td> </tr> </tbody> </table> <br />Так же достойно внимание световое оформление, способное украсить и сделать светлыми даже старые квартиры и затемненные комнаты. Световые зоны для сада были отдельной зоной выставки и расположены на улице. Наверное, это была самая красивая экспозиция, которая утопала в цветах, красивых предметах интерьера и лучах света, не смотря на дождливый день. Посетители остались довольны увиденным, а участники – новыми заказами. Желаем всем успехов, и надеемся увидеться на Arch Moscow 2016.&nbsp;</p>','2015-06-03','ArchMoscow 2015',1,'<p>В течение 5 дней выставки, ARCH Moscow посетили более 22 тысяч человек</p> ','archmoscow-2015'),(88,'','','',' <p><img src=\"http://www.liftes.ru/images/panoram4.jpg\" style=\"width: 200px; float: left; margin: 4px 15px 10px 0;\" /> </p> <p>На сегодняшний день трудно представить любое высотное здание без лифта. Тем более, если речь идет о гостинице, куда каждый день приезжают гости со своими неподъемными чемоданами. Лифт для гостиницы не просто подъемное оборудование, но и обязательный атрибут статуса заведения. Поэтому каждый гостиный дом хочет сделать свой лифт оригинальным, но в то же время сдержанным, который удивит и поразит гостя с первой минуты пребывания в гостинице. Следовательно, владельцы презентабельных отелей, а также гостиниц среднего класса отдают предпочтение лифтовому оборудованию премиум класса зарубежного производства. Что весьма обусловлено, поскольку данное оборудование устанавливается на этапе строительства здания, а его замена в дальнейшем будет очень проблематичной, ввиду этого разумно будет не экономить, а сразу выбирать самое лучшее. Так Вы будете уверены, что такой лифт не начнет выходить из строя через пару лет, и не потеряет привлекательный внешний вид.</p>  <p>При выборе лифтового оборудования для гостиниц обязательно стоит обратить внимание на уровень шума лифта. Зачастую дорогое и качественное подъемное оборудование очень тихое, что как раз предпочтительно для отелей и гостинец.</p>  <p>Также все более популярным становится панорамный лифт, который отлично подойдет для зданий с большой площадью и потрясающим дизайном.</p>  <p>Для осуществления заказа и индивидуального подбора лифтового оборудования для Вашего объекта, рекомендуем обратиться к нашим специалистам. Мы не только сориентируем в технических характеристиках и ценовом диапазоне, но и предложим новинки данного рынка.</p> ','2015-06-03','Выбираем лифт для гостиницы',1,'<p>Гостиничный рынок в России ежегодно развивается, особенно в туристических городах, таких как Москва или Санкт-Петербург.</p> ','vybiraem-lift-dlya-gostinitsy'),(89,'','','',' <p><img src=\"http://www.374.ru/images/2007-09/19/61_1.jpg\" style=\"width: 200px; float: left; margin: 4px 15px 10px 0;\" /> </p> <p>Всем известно, что большинство современных зданий имеют подземные парковки. Поэтому лифтовое оборудование должно не только поднимать пассажиров на самый высокий этаж за минимально короткий отрезок времени, но и опускать на самый нижний этаж подземной автостоянки.</p>  <p>В наше время при строительстве многоэтажек применяются самые передовые технологии, которые также используются при установке лифтового оборудования. Ведь, еще при проектировке дома требуется тщательно продумать и просчитать количество необходимого лифтового оборудования, их грузоподъемность и скорость подъема, а также как ими управлять.</p>  <p>Одним из главных критериев для лифтового оборудования в жилых домах является его скорость подъема. Если здание насчитает более 40 этажей, тогда просто необходимо устанавливать лифт со скоростью подъема 2.5 метра в секунду. На сегодня, самый быстрый действующий лифт имеет скорость более чем 16 метров в секунду.</p>  <p>Многие могут подумать, что лифт для обычной 10-тиэтажки легко может подойти и для высотного здания, но это не так. Как правило, в небоскребах устанавливается лифтовое оборудование, которое оснащено компенсационным тросом, что не допускает разбалансировки всей системы, а также роликовые башмаки, которые значительно подавляют уровень вибрации и шума всей конструкции при движении. Поэтому с данным вопросом лучше обратиться к специалистам в нашу компанию, где Вам подробно ответят на все Ваши поставленные вопросы и порекомендуют самый оптимальный вариант лифтового оборудования для Вашего объекта.</p>  ','2015-06-10','Какой лифт подойдет для высотного здания?',1,'<p>Москва, как и другие города России, строятся не по дням, а по часам. Только и успеваешь наблюдать за появлением все новых и новых многоэтажных домов, которые образует уже целые районы. Также существует тенденция строительства не просто высотных зданий, а полноценных небоскребов.</p> ','kakoj-lift-podojdet-dlya-vysotnogo-zdaniya'),(90,'','','',' <p><strong>Комплекция подъёмника:</strong> </p> <ol>  <li>   <p>Два поручня из чёрной резины с держателями из алюминия или нержавейки.</p></li>  <li>   <p>Панели изготавливаются из прозрачного закалённого стекла толщиной 10мм.</p></li>  <li>   <p>Юбочная плита состоит из шлифованной нержавеющей стали.</p></li>  <li>   <p>Настил ленты - нержавеющий.</p></li>  <li>   <p>Гребёнка из алюминиевого сплава.</p></li>  <li>   <p>Входная площадка изготавливается из нержавеющей стали</p></li> </ol> <p>Качественный траволатор обязательно должен быть оснащен в меру ярким освещением по всей длине подъёмника. Освещение обеспечивает комфортное перемещение пассажиров по подъёмнику. В качестве дополнительной услуги возможно изготовление цветных поручней.</p> <p><strong>Технические характеристики надёжного траволатора</strong> </p> <ul>  <li>   <p>Длина горизонтального конвейера – до 30м; максимальная высота перемещения – 15м.</p></li>  <li>   <p>Трёхфазный двигатель позволяет механизму двигаться со скоростью 0,5 м/с. Если скорость превышает допустимую норму, функция «ограничитель скорости» останавливает движение.</p></li>  <li>   <p>Максимальная грузоподъёмность (900 человек за час) обеспечивается материалом изготовления – стальные трубы прямоугольного сечения. При перегрузке механизм останавливается.</p></li> </ul> <p>Монтаж и обслуживание подъёмного конвейера должны осуществляться специалистами с использованием профессионального оборудования. Требуется профессиональный подход для прогнозирования, мониторинга, измерения работы узлов, проверки износа механизмов, целостности транспортной ленты.</p> <p><strong>Стандартные функции для безопасной эксплуатации траволатора</strong> </p> <ol>  <li>   <p>Тормоза. При неисправности механизма остановить работу можно с помощью автоматических (электромагнитный тормоз) или ручных тормозов (аварийная кнопка).</p></li>  <li>   <p>Защита движения. Любой сбой системы: при попадании предметов или руки человека в устье поручней; механизм начинает работать в противоположном направлении или скорость поручня не состыкуется с лентой - автоматически отключается работа и отображается на диагностическом дисплее.</p></li>  <li>   <p>Предосторожность пассажиров. Для указания безопасной зоны перемещения на траволаторе, наносится желтая линия.</p></li>  <li>   <p>Контроль перемещения ленты траволатора обеспечивает непрерывную конвейерную работу.</p></li> </ol> <p>Траволаторы – это современное приспособление для комфортного перемещения людей. Они помогают без проблем перемещаться инвалидам, людям с детскими колясками или торговыми тележками. Кроме современного дизайна и функциональности подъёмник должен изготавливаться из качественных сплавов и механизмов, а надёжный монтаж могут произвести только профессионалы с соответствующими навыками и инструментами. Для безопасной эксплуатации специалисты регулярно должны проводить профилактические осмотры.</p> <p>&nbsp;</p>','2015-06-17','Технические характеристики и особенности эксплуатации траволатора',1,'<p>Пассажирские бесступенчатые конвейерные ленты устанавливаются в местах, где осуществляется большой поток граждан. Транспортные ленты и составляющие механизмы склонны к износу и поломкам. Для надёжной и безопасной эксплуатации траволаторы должны соответствовать определённым требованиям стандарта качества и безопасности перемещения пассажиров.</p> ','tekhnicheskie-kharakteristiki-i-osobennosti-ekspluatatsii-travolatora'),(91,'','','',' <p><img src=\"http://strategy2050.com/storage/realise/70/56/11/2b/81/7056112b81ad74abd40f3250e80869cd.jpg\" style=\"width: 200px; float: left; margin: 4px 15px 10px 0;\" /> </p> <p>Подъемные системы для вокзалов должны обладать набором специальных функций, позволяющих точно фиксироваться на заданной высоте. Такое подъемное оборудование Вы можете заказать у наших специалистов. Для спуска и подъема активных инвалидов инженеры предлагают мобильные подъемные платформы, которые имеют очень высокий уровень маневренности. Благодаря этой характеристике подъемная платформа легко регулируется на уровне посадочной площадки вагона или автобуса. Инвалид может как самостоятельно, так и с помощью сопровождающих переместиться на платформу, поверхность которой имеет безопасное покрытие, полностью защищающее коляску от опасного скольжения.</p>  <p>Надежная система аккумуляторных батарей обеспечивает бесперебойную работу подъемной платформы в любой момент. От внешних факторов подъемный механизм защищен системой герметизации. Разрешенный максимум температуры для эксплуатации такого оборудования от –30°С до +40°С. Отдельного внимания заслуживает тщательно продуманная система безопасности. Для удобства пользования подъемная платформа оснащенная кнопкой аварийной остановки и защитными перилами.</p>  ','2015-06-25','Современное подъемное оборудование для инвалидов на железнодорожном вокзале',1,'<p>Жизнь человека с ограниченными физическими возможностями, благодаря работе по их социализации, с каждым днем становиться все более комфортной. На уровне государства, законодательно закреплены требования к специализированному оборудованию всех общественных мест. Торговые центры, аптеки, больницы, а также железнодорожные и автовокзалы в обязательном порядке должны быть оборудованы системами для свободной транспортировки инвалидов и людей с ограниченными возможностями, которые перемещаются с помощью кресла-коляски.</p> ','sovremennoe-pod-emnoe-oborudovanie-dlya-invalidov-na-zheleznodorozhnom-vokzale'),(92,'','','',' <p><img src=\"http://grandcomspb.ru/images/pages/podyemnie-platformy02.jpg\" style=\"width: 200px; float: left; margin: 4px 15px 10px 0;\" /> </p> <p>Так актуальным для торговых предприятий разного типа на сегодняшний день является подъемник, совмещенный с погрузочным пандусом. Компания-производитель предлагает услуги по разработке индивидуального проекта такого подъемника с пандусом необходимого размера, формы и допустимым запасом грузоподъемности. С помощью такого комбинированного оборудования складские работы значительно облегчаются, скорость разгрузки-выгрузки контейнера повышается, а затраты на приобретение в среднем окупаются в течение одного месяца стабильной работы предприятия. Также подъемник с погрузочным пандусом позволяет максимально использовать полезное пространство объекта. Это стало возможным благодаря специальной системе пандуса, которая дает возможность полностью отказаться от использования приямка.</p>  <p>Инженеры нашей компании разработали оптимальное соотношение технических характеристик функционального подъемного комплекса, который позволяет использовать его в любой ситуации. При необходимости ежедневной погрузки или выгрузки стандартных поддонов можно заказать изготовление подъемной платформы с U-образным проемом. Это значительно облегчит работу персонала, обслуживающего торговое или производственное предприятие.</p>  ','2015-07-02','Преимущества функциональности современного подъемного оборудования',1,'<p>Лифтовое и подъемное оборудование уже многие столетия помогает человеку облегчить ежедневные заботы. Поднять габаритный груз, опустить травмированного человека перестало быть проблемой после изобретения подъемных систем разного назначения. Но особенностью современного лифтового и подъемного оборудования является уникальная возможность соединения в одном механизме нескольких функций.</p> ','preimushchestva-funktsionalnosti-sovremennogo-pod-emnogo-oborudovaniya'),(93,'','','',' <p><img src=\"http://www.ru.all.biz/img/ru/catalog/278387.jpeg\" style=\"width: 200px; float: left; margin: 4px 15px 10px 0;\" /></p> <p>Автоподъемник четырехстоечный имеет электрогидравлический привод и особую платформу. Данный<a href=\"avtomobilnye-podemniki\"> автомобильный подъемник</a> предназначен для больших автомастерских, а также для использования на постах для проверки развала схождения на стенде. Автомобиль на таком подъемнике устанавливается прямо на колеса.</p> <p>Самым распространенным и удобным в эксплуатации для автосервиса является двухстоечный автоподъемник. Такой подъемник легко монтируется, имеет грузоподъемность до пяти тонн. Обслуживание автомобиля производится в подвешенном состоянии, платформа отсутствует. Используется для ремонта привода на колесах и ходовой части автомобиля. Преимущество такого подъемника состоит еще в том, что он универсален для любого вида транспорта.</p> <p>Двухстоечные<a href=\"avtomobilnye-podemniki\"> подъемники для транспорта</a> бывают трех видов. При помощи сжатого воздуха осуществляется подъем на пневматическом подъемнике. Более простой конструкцией обладает электромеханический подъемник, который долговечен и безопасен. Данный подъемник работает с использованием гидравлики.</p> <p>Если Вы хотите сэкономить пространство автомастерской, мы рекомендуем выбирать ножничный подъемник. Он имеет простую конструкцию, компактный, надежный, с достаточной высокой грузоподъемностью.</p> <p>При правильном подборе автоподъемника спектр услуг Вашего салона значительно расширится, ускорится процесс выполняемых работ, а значит и повысится финансовый результат.</p> <p>&nbsp;</p>','2015-07-08','Виды автомобильных подъемников',1,'<p>Для успешной работы любого сервисного салона, важную роль играет техническое оснащение. Качественный ремонт машины будет гарантирован при наличии надежного автоподъемника, высококвалифицированных специалистов и современных инструментов. Поэтому покупка автоподъемника является ключевой задачей каждого хозяина автосервиса.</p> <p>Рассмотрим основные виды автоподъемников и дадим им краткую характеристику.</p> ','vidy-avtomobilnykh-pod-emnikov'),(94,'','','',' <p><img src=\"http://alllifts.ru/userfiles/image/lifti/gruzovoy2.jpg\" style=\"width: 200px; float: right; margin: 4px 15px 10px 0;\" /></p> <p>Для перевозки крупногабаритного и тяжелого багажа применяются грузовые лифты, которые разделяются по видам:</p> <p>1. Лифт, работающий с сопровождением груза человеком.</p> <p>2. Грузовые лифты работающие без сопровождения.</p> <p>3. Лифты с грузоподъемностью до 0, 25 т, площадкой для груза и с высотой кабинки до метра.</p> <p>4. Подъемник с подвесным монорельсом для удобства перемещения груза.</p> <p>5. Лифт выжимной на подъемных канатах, которые охватывают кабину снизу.</p> <p>6. Тротуарный лифт с выдвижным полом.</p> <p>По конструктивным особенностям<a href=\"liftovoe-oborudovanie\"> лифтовое оборудование</a> бывает 3-х видов: барабанного типа с лебедкой, с гидравлическим приводом, лебедка с канатоведущим шкивом.</p> <p>Для лифтов с лебедкой барабанного типа характерно то, что кабина подвешена на строго закрепленных канатах, которые в процессе подъема накручиваются на барабан. Применение такого типа привода востребовано в строениях с пониженной этажностью.</p> <p>Лебедка с канатоведущим шкивом не имеет жесткого крепления, это дает возможность устанавливать кабину в противовес на нескольких канатах. Такие лебедки нашли применение в лифтах с высокой грузоподъемностью. В лифтостроении широкое применение нашли именно лифты с лебедками и канатоведущим шкивом.</p> <p>Особым спросом в частных домах и коттеджах пользуются гидравлические лифты, характерными качествами которых являются тихий плавный ход и точность остановки.</p> <p>&nbsp;</p>','2015-07-16','Классификация лифтового оборудования',1,'<p>Назначение пассажирских лифтов говорит само за себя – для подъема/спуска пассажиров. В пассажирском лифте допускается перевозка мелких грузов, не превышающих грузоподъемность лифта. Пассажирские<a href=\"liftovoe-oborudovanie\"> лифты</a> устанавливаются в зданиях различного назначения.</p> <p>Специфическими являются больничные лифты. Они также классифицируются как пассажирские, но отличаются своими параметрами лифтовой кабины.</p> ','klassifikatsiya-liftovogo-oborudovaniya'),(95,'','','',' <p><img src=\"http://www.ru.all.biz/img/ru/catalog/694216.jpeg\" style=\"width: 200px; float: left; margin: 4px 15px 10px 0;\" /></p> <p><a href=\"liftovoe-oborudovanie\">Гидравлический лифт</a> отличается от своих собратьев отличной надежностью работы, простотой конструкции, беззвучным, тихим ходом кабины, точностью остановок, малогабаритным машинным отделением, экономичностью и возможностью производить монтаж с только одной несущей стеной. В случае отключения электроэнергии, автоматически производится возврат на нижнюю площадку. Единственными минусами лифта такого типа можно назвать маленькую скорость и высоту подъема.</p> <p>Перед началом установки гидравлического лифта производится техническая оценка опорной конструкции, монтируются направляющие для кабины и приямки. В зависимости от конструкции лифта используется определенная технология по монтажу самого гидроцилиндра. На балке или перекрытиях устанавливается монтажная лебедка, а внизу размещают гидравлический механизм. На специальные опоры помещают гидроцилиндр, а потом располагают детали необходимые в работе.</p> <p>Для монтажа гидроцилиндра необходимо участие двух специалистов. Один специалист работает с лебедкой, другой находится внизу и следит за нижней частью цилиндра, чтобы она не сдвинулась. Гидроцилиндр устанавливается в необходимом положении, после чего надежно закрепляется. Установка гидравлического механизма производится в машинном отделении. Само техническое помещение машинного отделения может находиться отдельно от лифтовой шахты. Где обязательно должна быть хорошая вентиляция и нормальный температурный режим в зимний период.</p> <p>Благодаря своим явным преимуществам,<a href=\"liftovoe-oborudovanie\"> лифтовое оборудование</a> гидравлического типа относятся к категории наиболее востребованных типов лифтов.</p> <p>&nbsp;</p>','2015-07-21','Установка гидравлического лифта',1,'<p>На сегодняшний день самыми современными подъемными устройствами являются лифты гидравлического типа. Данное лифтовое оборудование различаются по грузоподъемности и быстроте передвижения кабины. Они используются для подъема/спуска людей и багажа в невысоких строениях. Характерным элементом в работе гидравлического лифтового оборудования является наличие гидроцилиндра.</p> ','ustanovka-gidravlicheskogo-lifta'),(96,'','','',' <p><img src=\"http://www.stroyland.biz/netcat_files/11/3/konsolnyy5_0.jpeg\" style=\"width: 200px; float: left; margin: 4px 15px 10px 0;\" /></p> <p>Установка подъемных столов и платформ позволяет оптимизировать процессы перемещения грузов, ускорить производственные процессы и увеличить показатель результативности.</p> <p>Производители современного подъемного оборудования предлагают огромный выбор разнообразных моделей подъемных платформ с широким набором функционала. При необходимости инженеры-проектировщики могут предложить доукомплектацию конструкции дополнительными опциями, конкретно под специфику работы предприятия. Чтобы максимально продлить срок эксплуатации оборудования и избежать возникновения опасной ситуации для жизни и здоровья окружающих людей, следует строго соблюдать рекомендации компании производителя подъемника.</p> <p>В первую очередь, должны соблюдаться все требования к поверхности, на которую будет устанавливаться подъемная платформа. Уровень естественного наклона не должен превышать 3%, а верхний слой должен быть плотно утрамбован для надежной фиксации опорных элементов подъемника. Перед запуском оборудования проверяется правильность установки груза на платформе, а также соответствие веса груза допустимым эксплуатационным нормам. Во время осуществления подъемных работ запрещено находиться вблизи движущегося оборудования.</p> <p>&nbsp;</p>','2015-07-30','Основные правила безопасной эксплуатации подъемника на производстве',1,'<p>Подъемное и лифтовое оборудование на сегодняшний день позволяет современному человеку решать абсолютно любые вопросы, связанные с перемещением, транспортировкой, спуском или подъемом габаритных и тяжеловесных грузов. Установка такого оборудования особенно актуальна при необходимости проведения таких операций многократно. Как правило, мобильные и стационарные подъемники заказывают предприятия, которые делают выбор в пользу автоматизации производства.</p> ','osnovnye-pravila-bezopasnoj-ekspluatatsii-pod-emnika-na-proizvodstve'),(97,'','','',' <p><img src=\"http://www.lift-converter.ru/images/domus4b.images1.jpg\" style=\"width: 200px; float: left; margin: 4px 15px 10px 0;\" /></p> <p>На рынке подъемных устройств представлены два основных вида подъемных систем: электрические и гидравлические. Различаются они кардинально противоположным принципом работы двигателя, приводящим подъемник в действие. Каждый из таких механизмов имеет свои особенности эксплуатации.</p> <p>Подобрать подходящий тип лифта Вам поможет специалист компании производителя, который озвучит все преимущества каждого вида. Для частных домов и муниципальных учреждений все чаще заказчики отдают предпочтение установке гидравлических подъемных платформ и кабин. Гидравлический лифт позволяет добиться минимального уровня шума при движении кабины, что особенно значительно при небольших габаритах жилого объекта. При этом подъемник на гидравлике не ограничен в грузоподъемности. При правильном расчете конструкции возможно производство грузового лифта с гидравлической системой подъема. Легкость монтажа дает возможность разместить такой подъемник даже в ограниченном пространстве, фиксируя конструкцию только к одной несущей стене. Это особенно удобно при установке лифта на уже готовый объект.</p> <p>Гидравлический подъемник окупается значительно быстрее электрического, благодаря меньшим затратам электроэнергии для его работы.</p> <p>Именно поэтому, если Вы хотите приобрести экономный вариант комфортного современного лифта для личных целей, то рекомендуется обратить внимание на доступные модели гидравлических подъемников.</p> <p>&nbsp;</p>','2015-08-07','В каких случаях рекомендуется устанавливать гидравлический подъемник?',1,'<p>При производстве современного лифтового оборудования используются все доступные новейшие технологии, позволяющие сделать подъемное оборудование максимально комфортным и безопасным для пассажиров. При этом перед специалистами стоит задача достигнуть высокой экономичности и надежности работы всей конструкции.</p> ','v-kakikh-sluchayakh-rekomenduetsya-ustanavlivat-gidravlicheskij-pod-emnik'),(98,'','','',' <p><img src=\"http://www.axiomasveta.com/upload/medialibrary/f22/f22ea1afbefd7375d23f39ad501a34e1.jpg\" style=\"width: 200px; float: left; margin: 4px 15px 10px 0;\" /></p> <p>Значение правильного распределения осветительных точек в лифтовой кабине имеет огромное значение, как для общего ощущения комфорта пассажиров, так и для обеспечения необходимого уровня безопасности при пользовании лифтом.</p> <p>Производители современного лифтового оборудования постепенно отказываются от размещения в кабинах люминесцентных ламп и ламп накаливания. Большую популярность набирает оборудование лифтов светодиодными системами ламп. Главным преимуществом такого типа освещения является значительная экономия при эксплуатации. Благодаря длительному сроку эксплуатации и сравнительно низкому уровню энергопотребления светодиодные лампы позволяют значительно сократить затраты собственников лифтового оборудования. Лампы со светодиодами имеют значительную устойчивость к внешнему воздействию, вибрациям и перепадам напряжения в электросети.</p> <p>При этом не стоит забывать, что дизайнеры лифтов предлагают самые разнообразные варианты освещения. По желанию заказчика могут быть предложены варианты центрального и точечного освещения, подсветки декоративных элементов кабины и дополнительного освещения панели управления. Для удобства использования все лампы могут быть оборудованы антивандальной системой защиты.</p> <p>&nbsp;</p>','2015-08-13','Особенности освещения лифта',1,'<p>Лифтовое оборудование представляет собой ограниченное пространство со своей спецификой эксплуатации. Лифтом в гостиничном комплексе, торговом центре, офисе или жилом многоквартирном доме могут пользоваться абсолютно незнакомые люди, которые испытывают некоторые неудобства в случае недостаточного освещения или даже полного отсутствия освещения кабины.</p> ','osobennosti-osveshcheniya-lifta'),(99,'','','',' <p><img src=\"http://signagehouse.com/wp-content/uploads/2015/03/asam-nsor-ici-ekran.jpg\" style=\"width: 200px; float: left; margin: 4px 15px 10px 0;\" /></p> <p>Если в офисном здании оборудован подземный паркинг, дополнительные сервисные помещения на крыше или на территории офиса присутствуют складские помещения для хранения товара, то имеет смысл рассмотреть возможность установки грузового лифта. Преимуществом грузового лифта перед малым является его универсальность. В большом лифте с увеличенным уровнем грузоподъемности легко могут перемещаться как пассажиры, так и габаритный груз, что в случае с малым офисным лифтом невозможно.</p> <p>При заказе офисного лифта у профессионалов Вы можете не переживать. Для Вас будет разработан индивидуальный проект подъемника, который будет соответствовать всем современным требованиям безопасности и комфорта. Вы всегда можете заказать дополнительные опции для лифта, в виде установки подъездного пандуса для инвалидов, размещения поручней внутри кабины или крепежей для установки демонстрационного монитора.</p> <p>&nbsp;</p>','2015-08-19','Актуальность офисного лифта',1,'<p>Лифт для офисного здания по праву относят к отдельной категории лифтового оборудования. При разработке проекта офисного лифта необходимого учесть множество факторов. В первую очередь, этажность здания, специфику работы предприятия и примерное количество пассажиров, которое необходимо перемещать за один час. Определение эти параметров даст возможность специалисту рассчитать необходимый размер и форму лифта и предложить заказчику дополнительные функции. Часто при установке офисного лифта делают часть или все панели лифта стеклянными. Это даст возможность пассажирам наблюдать работу офиса, а также ознакомиться с рекламными предложениями, которые размещают на стенах здания. Отдельное внимание уделяется зеркальным офисным лифтам, которые придают особенный шарм всему помещению.</p> ','aktualnost-ofisnogo-lifta'),(100,'','','',' <p><img src=\"http://news-xl.net/uploads/posts/2014-04/1398086670_lift.jpg\" style=\"width: 200px; float: right; margin: 4px 15px 10px 0;\" /></p> <p>Производители лифтового оборудования разрабатывают под каждый заказ индивидуальный проект, который позволяет учесть все пожелания заказчика и особенности сферы применения подъемника. Основными техническими характеристиками лифтового оборудования считаются:</p> <p>- скорость его движения;</p> <p>- грузоподъемность;</p> <p>- максимальная высота подъема кабины;</p> <p>- количество предусмотренных остановок по траектории движения подъемника.</p> <p>Средняя номинальная скорость движения лифта находится в диапазоне от 0,18 до 4 м/с. Движение с меньшей скоростью является нецелесообразным, а превышение верхнего допустимого порога скорости приводит к значительной нагрузке на человеческий организм. Рабочая скорость от номинальной отличается использованием лифтового оборудования по факту и воздействию на него внешних объективных факторов, тормозящих устройство. Как правило, она отличается не более чем на 15%. Особенное внимание при установке лифта уделяется расчету предельной скорости, которая не должна превышать номинальную более, чем на 15%. При фиксации такой скорости срабатывают ловители. Еще одним видом технической скорости движения лифта является ревизионная. Именно на скорости 0,4 м/с допустимо проводить осмотр работы лифта согласно Государственным Стандартам России.</p> <p>&nbsp;</p>','2015-08-27','Типы основных скоростей движения лифтового оборудования',1,'<p>На сегодняшний день невозможно представить жизнь современного общества без лифтового оборудования различного назначения. Лифты встречаются везде: в жилых домах, торговых центрах, промышленных предприятиях и больницах. Лифтовое оборудование устанавливается в складских помещениях, на профессиональных автомобильных станциях технического обслуживания и кухнях с многоуровневой планировкой.</p> ','tipy-osnovnykh-skorostej-dvizheniya-liftovogo-oborudovaniya'),(101,'','','',' <p><img src=\"http://www.ua.all.biz/img/ua/catalog/1088257.jpeg\" style=\"width: 200px; float: left; margin: 4px 15px 10px 0;\" /></p> <p>Такой профессиональный подход и ежедневное повышение уровня квалификации ведущих инженеров позволяет собирать все более новое оборудование с улучшенным набором технических характеристик и функций.</p> <p>Для покупателей представлены узкоспециализированные модели подъемного оборудования и многофункциональные с возможностью изменения сферы эксплуатации. При этом производителям удалось добиться установки широкого ценового диапазона стоимости лифтового оборудования. На рынке представлены как бюджетные варианты платформ для частных целей, так и люксовые работы с установкой на масштабные объекты.</p> <p>При этом независимо от того какой тип лифтового оборудования Вы подобрали для себя важно при его эксплуатации быть всегда внимательным. Это позволит Вам защитить себя и окружающих от возникновения нежелательных и опасных ситуации. Если Вы слышите какой-либо посторонний звук при движении оборудования, нехарактерный для исправного подъемника, металлический скрип, наблюдаете за изменением наклона кабины лифта при движении, чувствуете вибрацию или неравномерность движения подъемника или сбой уровня при остановке лифта, то незамедлительно проинформируйте об этом мастера по обслуживанию Вашего подъемника.</p>','2015-09-03','Особенности эксплуатации современного лифтового оборудования',1,'<p>&nbsp;</p> <p>Производители профессионального лифтового оборудования, пассажирских и грузовых лифтов предлагают для своих клиентов конструкции современного типа. Благодаря высокому уровню развития технологий в этой сфере подъемные платформы и лифты изготавливаются на автоматизированном оборудовании с многоуровневыми системами контроля и тестирования в искусственно созданных эксплуатационных условиях.</p> ','osobennosti-ekspluatatsii-sovremennogo-liftovogo-oborudovaniya'),(102,'','','',' <p><img src=\"http://www.inform.kg/nex/img/1565.jpg\" style=\"width: 200px; float: left; margin: 4px 15px 10px 0;\" /></p> <p>При разработке дизайна лифта в первую очередь делается акцент на оформления декора в лифтовой кабине. В зависимости от места размещения, стиля оформления помещения, наличия искусственного или естественного освещения, а также предпочтений клиента дизайнеры подготавливают 3D-модель проекта лифта. При этом учитывается предполагаемая нагрузка на подъемный механизм, рассчитывается оптимальный размер и грузоподъемность, чтобы обеспечить эффективную перевозку пассажиров или груза. Все лифтовое оборудование проходит обязательную многоуровневую проверку безопасности. При утверждении окончательного варианта оформления лифтовой кабины клиенту предлагаются для ознакомления образцы выбранных материалов для отделки.</p> <p>Во время работы над проектом дизайнеры внимательно изучают объект, где планируется монтаж лифтового оборудования. Для старинного здание с винтажным интерьером отлично подойдет лифт с декором из натурального дерева, благородных металлов и специально обработанной кожи. Для современного стиля лучшим вариантом станет лифт из бронированного стекла, с деталями из нержавеющей стали или прочного высококачественного пластика.</p> <p>Каждый клиент может заказать разработку дополнительной системы освещения подъемника, размещение поручней для более комфортного передвижения или плоских LCD-мониторов для демонстрации дополнительной информации по желанию заказчика.</p> <p>&nbsp;</p>','2015-09-09','Разработка дизайна лифтового оборудования',1,'<p>Современное лифтовое оборудование давно перестало быть просто функциональным элементом интерьера. Благодаря ежедневной работе дизайнеров лифт или подъемная платформа теперь могут быть не только комфортными и безопасными, но и могут стать великолепным украшением помещения. Такого эффекта специалисты добиваются благодаря совмещению новейших технологий в сфере подъемного оборудования разного типа назначения, а также смелому соединению фактур и материалов по усмотрению заказчика.</p> ','razrabotka-dizajna-liftovogo-oborudovaniya'),(103,'','','',' <p><img src=\"http://neobroker-tovar.s3.amazonaws.com/tovar-142456.jpg\" style=\"width: 200px; float: left; margin: 4px 15px 10px 0;\" /></p> <p>График проверок подъемного механизма закреплен для каждой отдельной модели лифта. Перед началом эксплуатации проводится первоначальный технический осмотр. Подобные работы разрешено проводить исключительно только квалифицированным сотрудникам, имеющим необходимый уровень знаний и допуск. Осматриваются все активные узлы, защитные ограждения, канаты и элементы соединения. Проверяется исправность и целостность электропроводки. Обязательным является наличие на лифтовом оборудовании заводских табличек, расшифровки специфических графических символов, характерных для каждой отдельной модели лифта. Осуществляется полный запуск подъемного механизма с пустой кабиной. При этом инженер контролирует качество работы всех деталей, быстродействие систем безопасности при движении кабины, корректность работы осветительных приборов. Если это гидравлический подъемник, то в обязательном порядке проверяется гидропривод на наличие течи и уровень давления рабочей жидкости в процессе спуска и подъема платформы. Для проверки ловителей и датчиков контроля скорости движения лифта на подъемном механизме размещается груз с весом соответствующим номинальным требованиям по эксплуатации.</p> <p>&nbsp;</p>','2015-09-24','Важные элементы технического осмотра лифтового оборудования',1,'<p>Лифты и подъемные платформы относятся к оборудованию с высоким риском опасности. Именно поэтому к разработке, производству и монтажу лифтового оборудования выдвигаются особые требования, закрепленные в действующем законодательстве, инструкциях на предприятиях и правилах по эксплуатации. Особенное внимание при этом уделяется последующему обслуживанию и регулярному техническому осмотру всех элементов лифтовой системы.</p> ','vazhnye-elementy-tekhnicheskogo-osmotra-liftovogo-oborudovaniya'),(104,'','','',' <p><img src=\"http://r54.neobroker.ru/img-org/tovar-554231.jpg\" style=\"width: 200px; float: left; margin: 4px 15px 10px 0;\" /></p> <p>Современное подъемное оборудование значительно видоизменилось с первых дней ввода его в действие. Первые эскалаторы обладали одной функцией подъема или спуска пассажиров с одной единственной стандартной скоростью движения. Благодаря современным инженерным разработкам новые эскалаторы имеют не только широкий набор функционала, но и стильный дизайн, позволяющий дополнить интерьер любого помещения.</p> <p>Для Вашего удобства предусмотрена система обеспечения полной безопасности для пассажиров, в том числе маленьких детей. Это стало возможным благодаря специальной закрытой конструкции поручней и ступеней, наличию аварийной кнопки «СТОП», а также удлиненной площадки для посадки и высадки пассажиров. Для простоты обслуживания эскалаторов по желанию их можно оборудовать встроенным дисплеем, который демонстрирует степень загруженности полотна, направление движения, а также причину неполадки в случае выхода эскалатора из строя. При этом Вы всегда можете заказать любые дополнительные опции для подъемного оборудования, обратившись к специалистам нашей компании. Это может быть декоративная подсветка ступеней, которая значительно улучшает видимость стыков для слабовидящих людей. Также отличным решением станет монтирование ступени с рейками для инвалидной коляски, позволяющей отказаться от монтажа лифта при ограниченном пространстве.</p> <p>&nbsp;</p>','2015-10-05','Широкий набор опций современного эскалаторного оборудования',1,'<p>На сегодняшний день трудно представить любой крупный торговый центр, клуб развлечений, вокзал или метрополитен без специальной системы подъема клиентов между разными уровнями. Это значительно увеличивает скорость пассажиропотока, упрощает перемещение инвалидов-колясочников и людей с большим багажом или кладью. Одним из самых распространенных вариантов перемещения людей является эскалатор.</p> ','shirokij-nabor-optsij-sovremennogo-eskalatornogo-oborudovaniya'),(105,'','','',' <p><img src=\"http://krasnoyarsk.real-com.net/goodspic/4/88/44884/thumbs_700/g_image_4e48c445145ad.jpg\" style=\"width: 200px; float: left; margin: 4px 15px 10px 0;\" /> </p> <p>При этом при заказе подъемного стола есть возможность оборудовать его дополнительными функциями и опциями с учетом специфики работы Вашего предприятия. Для торговых предприятий специально разработаны системы по защите груза от скатывания при движении подъемного стола, оборудован откидной держатель, позволяющий легко управлять подъемником при стыковке поверхности на нужном уровне. Для промышленных предприятий часто заказывают подъемные столы с дополнительной функцией движения мобильной платформы. В зависимости от планируемого груза, который необходимо перемещать, платформа может иметь необходимую форму и размер.</p>  <p>При заказе подъемного стола у специалистов нашей компании, Вы получите полную консультацию и разработку чертежа подъемного оборудования согласно требованиям Вашего предприятия. Такой подъемный стол станет идеальным безопасным помощником на Вашем объекте, позволяя решить конкретные задачи. На все виды подъемного оборудования предоставляется обязательная гарантия качества.</p>  ','2015-10-13','Возможности многофункциональных подъемных столов',1,'<p>В наше время подъемные столы применяются на различных промышленных предприятиях, торговых точках и в складских помещениях. Это подъемное оборудование достаточно универсально и позволяет решать множество задач по подъему, спуску и транспортировке груза самой разнообразной формы и размера. Подъемные столы значительно улучшают показатели производительности труда, увеличивая скорость перемещения груза с использованием оптимального количества квалифицированных сотрудников. Автоматизация труда на предприятии приводит к улучшению экономических и качественных показателей уже в течение двух первых месяцев.</p> ','vozmozhnosti-mnogofunktsionalnykh-pod-emnykh-stolov'),(106,'','','',' <p><img src=\"http://www.tehpodem.com/cat_images/macht/pmgtwin_01.jpg\" style=\"width: 200px; float: left; margin: 4px 15px 10px 0;\" /></p> <p>Для подъема грузов и людей, чаще всего применяются<a href=\"machtovye-podemniki\"> грузовые мачтовые подъемники</a>. На фоне других подъемных механизмов, они имеют ряд преимуществ:</p> <p>- проста и легкость в монтаже;</p> <p>- доступность в обслуживании;</p> <p>- универсальность (монтаж возможен на площадках любой сложности).</p> <p>При подборе таких механизмов важно учесть специфику выполняемых работ, в соответствии с деятельностью предприятия. Рассчитывать нагрузку на подъемник с учетом интенсивности, а также количества перемещений людей и грузов к месту выполнения работ.</p> <p>Если Вы решили<a href=\"machtovye-podemniki\"> купить мачтовый подъемник</a>, в процессе выбора, рекомендуем обратить внимание на следующие детали:</p> <p>- мощностные характеристики;</p> <p>- надежность и безопасность механизма;</p> <p>- тип управления;</p> <p>- способ конструкции;</p> <p>- вместительность кабины и транспортной площадки.</p> <p>Для крупной строительной фирмы с внушительными весовыми нагрузками для перемещения грузов на высоту, необходимы специальные конструкции с грузоподъемной площадкой около 10м/кв и объемной кабиной для подъема рабочих. Грузоподъемность такого подъемника до четырех тонн. С непрерывным процессом погрузки/выгрузки, необходимыми будут подъемники с высокой производительностью, двух или трехмачтовые.</p> <p>От мощности модели грузового мачтового подъемника зависит интенсивность в работе, но здесь необходимо учитывать и экономичность в энергопотреблении механизма. На сегодняшний день этот фактор является немаловажным для бюджета развивающейся фирмы.</p> <p>Если покупка грузового мачтового подъемника Вам не по карману, альтернативой может стать арендное использование оборудования, которое могут предоставить транспортные компании.</p> <p>&nbsp;</p>','2015-10-21','Выбираем мачтовый подъемник',1,'<p>В различных сферах народного хозяйства большим спросом пользуется грузоподъемная техника. Данное оборудование обеспечивает высокую производительность труда, создавая доступ к определенному месту для выполнения необходимых работ на высоте.</p> ','vybiraem-machtovyj-pod-emnik'),(107,'','','',' <p><img src=\"https://11.img.avito.st/1280x960/1383859811.jpg\" style=\"width: 200px; float: left; margin: 4px 15px 10px 0;\" /></p> <p>Применение строительных механизмов мачтового типа способствует оперативному решению проблемы в подъеме грузов большого объема с рабочими на высоту до 50 метров. Их используют для осуществления монтажа, отделочных работ, а также сервисного обслуживания зданий на строительных площадках, где доступ к зоне работ затруднен.</p> <p><a href=\"machtovye-podemniki\">Грузовые мачтовые подъемники</a>, в зависимости от вида выполняемых работ, применяют одно, двух и трехмачтовые. Мачтовый подъемник состоит из грузовой платформы и кабины оснащенной устройством для управления. Способ установки подъемника мачтового типа бывает: свободностоящий на полосе рельс с функций передвижения и приставной стационарный, прикрепленный к строению на телескопических тягах. На стационарных мачтовых подъемниках высота подъема груза возможна до ста метров, они применяются в самых труднодоступных областях строительства.</p> <p>Мачтовые подъемники востребованы в различных отраслях народного хозяйства, но больше всего в строительстве. Высокие технические характеристики мачтовых подъемников такие как: выносливость, продуктивность, обеспечение безопасности персонала в случае возникновения экстренных ситуаций, делают их незаменимыми помощниками в любом строительстве.</p> <p><a href=\"machtovye-podemniki\">Купить мачтовый подъемник</a> Вы можете в нашей компании. Специалисты компании помогут определиться при выборе мачтового подъемника, ознакомят с условиями эксплуатации и обеспечат необходимое сервисное обслуживание.</p> <p>&nbsp;</p>','2015-10-28','Применение мачтовых подъемников в строительстве',1,'<p>Для осуществления любого строительного проекта необходима эффективная, выносливая подъемная техника, которая будет оптимизировать выполнение рабочего процесса. Центральное место в этом вопросе занимают подъемные механизмы для одновременного подъема людей и грузов. К таким механизмам относится подъемник мачтовый.</p> ','primenenie-machtovykh-pod-emnikov-v-stroitelstve'),(108,'','','',' <p><img src=\"http://platform-expert.info/wpimages/wp767dae14_05_06.jpg\" style=\"width: 200px; float: left; margin: 4px 15px 10px 0;\" /></p> <p>На сегодняшний день, в процессе горизонтального и вертикального перемещения грузов, нашли широкое применение<a href=\"podemnye-stoly\"> подъемники с погрузочным пандусом</a>. Конструкция такого подъемника довольно проста, благодаря чему не требуется дополнительный приямок, что дает возможность сразу использовать подъемник в любом месте. А погрузочный пандус даст возможность без лишних хлопот помещать груз на подъемный стол. Подъемники с погрузочным пандусом применяются в торговых помещениях и складах, где требуется постоянное перемещение тяжелых паллетов. Грузоподъемность такого подъемника в среднем составляет от 500 -2000 кг. Такой «универсальный боец» на складе не только ускорит и облегчит работу, но и не потребует сверхсложного сервисного обслуживания. Не зря подъемные столы относят к категории самой мобильной, выносливой и эффективной техники, работающей в любых условиях и обстоятельствах. Следовательно, бесперебойный и ускоренный процесс работы складского помещения положительно отразиться на улучшении финансового состояния Вашего предприятия.</p> <p>В нашей компании Вы можете<a href=\"podemnye-stoly\"> купить подъемник</a>, который будет легок в управлении, безопасный в эксплуатации, эффективный в работе, простой и доступный в обслуживании. Наши консультанты с удовольствием ответят на все Ваши вопросы и помогут при выборе любого подъемного оборудования.</p> <p>&nbsp;</p>','2015-11-04','Подъемник с погрузочным пандусом – незаменимый помощник на складе',1,'<p>Мало кто знает, что подъемные столы по праву можно считать одними из самых древнейших устройств для подъема грузов. В средние века, с помощью лебедок, активно использовались ножничные конструкции для подъема воинов при осаде крепостных стен. Только в ХХ веке, во времена «индустриального толчка», данные подъемники стали применять в строительстве и складских помещениях.</p> ','pod-emnik-s-pogruzochnym-pandusom-nezamenimyj-pomoshchnik-na-sklade'),(109,'','','',' <p style=\"text-align: justify;\">В них, как в музеях, хранится память о прошлом. В виде каменных лестниц, чугунных решеток, высоких оконных проемов и…старинных лифтов, которые до сих пор на ходу.</p> <p style=\"text-align: justify;\">Подняться на таком на верхний этаж – как будто вернуться лет на сто назад. Эти подъемники разбросаны по городу, но адреса их известны. Что еще можно сохранить и что уже потеряли? – в репортаже «Новостей культуры».</p> <p style=\"text-align: justify;\">Вот она – настоящая машина времени. Нужно только нажать кнопку вызова. Но об этом как-то и не задумываешься, когда спешишь на работу или, наоборот, домой. Про такие лифты еще Даниил Хармс писал – решетчатая комната-шкапик. Тогда это казалось изобретением из будущего. Теперь же лифты в старых парадных – настоящее путешествие в прошлое. Поехали!</p> <p style=\"text-align: justify;\">&nbsp;</p> <p><iframe frameborder=\"0\" style=\"width: 512px; height: 288px; display: block; margin-left: auto; margin-right: auto;\" src=\"//player.vgtrk.com/iframe/video/id/751584/start_zoom/true/showZoomBtn/false/sid/kultura/?acc_video_id=episode_id/957027/video_id/957677/brand_id/19725\" width=\"512px\" height=\"288px\"></iframe></p> <p style=\"text-align: justify;\">Чугунное литье, причудливый орнамент, круглая шахта – в доходном доме купца Елисеева на улице Ломоносова – при строительстве воплотили все передовые технологии царской эпохи. Говорят, после лифта в покоях Зимнего дворца этот – был первым в Петербурге, а значит, и во всей империи. 1891-й год – это дата на чертежах, которые хранят старожилы. Механизм тут отчетливо прорисован.</p> <p style=\"text-align: justify;\">«Непосредственно внизу в подвале были паровые двигатели, которые гоняли лифт вверх – вниз, – рассказывает историк Илья Гущин. – Вверху были двигатели, которые вспомогательные были к этому. Приводили в движение тросы – которые наверху уже поднимали сам лифт».</p> <p style=\"text-align: justify;\">В музее истории Петербурга – типовой доходный дом XIX века воссоздан в мельчайших деталях. На макете – интерьеры, лестницы, и только лифта – нет. Здания выше пяти этажей обычно не строили - а там подъемники были не нужны. В экспозиции - лишь дверь лифта из дома городового на Гороховой, 2. И то – едва скрипит.</p> <p style=\"text-align: justify;\">«Это только дверь – просто дверь – ни к какому лифту она уже не имеет отношения, – поясняет старший научный сотрудник Государственного музея истории Санкт-Петербурга Елена Кононенко.</p> <p style=\"text-align: justify;\">Зафиксировать историю лифтов действующих решил фотограф Николай Ткач – и отправился на собственную экскурсию – по петербургским парадным. В доме на Таврической старинный лифт уже попал на пленку, в кино. Эльдар Рязанов снимал здесь свой фильм «Ключи от спальни». Внутрь, правда, его герои не заходили.</p> <p style=\"text-align: justify;\">Начинка – полностью современная. Николай Ткач признается: обычно все бывает куда хуже. Старыми лифтами мало кто занимается всерьез.</p> <p style=\"text-align: justify;\">«Я бы хотел с помощью фотоаппарата, с помощью фотографий запечатлеть этот момент этих лифтов и показать, что их можно реанимировать, сделать – вернуть хотя бы тот облик, который у них был раньше», – говорит Николай Ткач.</p> <p style=\"text-align: justify;\">Вместе такие же энтузиасты собрали в Интернете целую фотоколлекцию. Потаенные раритеты – теперь на всеобщем обозрении. Вот бронированный лифт-сейф на Адмиралтейской набережной, вот заброшенный образец модерна на Измайловском проспекте. Всего почти 50 адресов. Пока в городском комитете по охране памятников насчитали только десять исторических лифтов.</p> <p style=\"text-align: justify;\">«У нас нет отдельного списка, предположим, на лифты, – поясняет начальник отдела декоративно-прикладного искусства Комитета по государственному контролю, использованию и охране памятников истории и культуры Санкт-Петербурга Слава Симкина. – Так же, как нет отдельного списка на балконы или лестницы. если дом под охраной, то и лифт – под охраной. Если он исторический».</p> <p style=\"text-align: justify;\">В Доме Мертенса на Невском как раз такой – лифт-памятник. В этом году отмечает вековой юбилей. Возможно, он бы так и ржавел под охраной государства, но несколько лет назад раритету буквально подарили вторую жизнь - за реставрацию взялся частный инвестор.</p> <p style=\"text-align: justify;\">«Это бронза, хрустальные стекла везде, это настоящий хрусталь, и чеканка по латуни», – говорит специалист по реставрации лифтов Армен Епремян.</p> <p style=\"text-align: justify;\">Теперь – бесшумный и быстрый, он служит посетителям бизнес-центра – почти так же, как и сто лет назад.</p> <p style=\"text-align: justify;\">«Кабина осталась совершенно без изменений – она абсолютно аутентична. – поясняет Армен Епремян. – Мы во время реконструкции заменили только все лифтовое оборудование».</p> <p style=\"text-align: justify;\">В обычных старых парадных лифты, по закону, это общедомовое имущество. Но вряд ли заботиться о старинных механизмах будет местный Жилкомсервис – он и с обычными-то не всегда справляется. Поэтому охранять и сохранять исторический подъемник придется, скорее всего, соседям – иначе уезжающий с этажа, он, и правда, рискует стать уходящей натурой.</p> <p style=\"text-align: justify;\">/По материалам телеканала \"Россия К\". Новости культуры./</p>','2015-11-08','Лифты эпохи модерн – утраченные и восстановленные сокровища Петербурга',1,'<p style=\"text-align: justify;\">Парадные в петербургских домах эпохи модерн изменились мало.</p> ','lifty-epokhi-modern-utrachennye-i-vosstanovlennye-sokrovishcha-peterburga'),(110,'','','',' <p><img src=\"http://lift-blk.ru/files/tinymce/eskalator/5-big.jpg\" style=\"width: 200px; float: left; margin: 4px 15px 10px 0;\" /></p> <p>Траволаторы прекрасно вписываются в современный экстерьер городской среды. Эта движущаяся дорожка устанавливается в местах, где необходимо быстрое перемещение пассажиров, например, в терминалах вокзалов. Наиболее распространены данные установки в торгово-развлекательных центрах и супермаркетах.</p> <p>Как правило, траволатор и эскалатор имеют схожее оборудование, и в обоих случаях такое<a href=\"eskalatornoe-oborudovanie/travalatoryi\"> эскалаторное оборудование</a> занимает много места. Если сравнить размер траволатора и эскалатора, то стоит отметить, что траволатор значительно меньше по габаритам, в связи с отсутствием многих комплектующих, а также в нем упрощена сама внутренняя установка. Максимальный угол наклона траволатора составляет 12 градусов, а высота подъёма 15 метров. Ширина пролета напрямую зависит от угла наклона. Поэтому, если наклон траволатора от 0 до 6 градусов, то его ширина может составлять от 1,0 м до 1,4 м, а в случае если угол наклона от 6 до 12 градусов, тогда ширина траволотара может быть от 0,8 м до 1 м.</p> <p>Стоит также отметить такие достоинства траволатора как:</p> <ul> <li>высокая пропускная способность;</li> <li>непрерывная работа на протяжении всего дня;</li> <li>при отсутствии электричества, траволатор можно использовать в качестве обычной дорожки для передвижения.</li> </ul> <p>При этом установка и ремонт траволатора обойдется дешевле, чем эскалатора.</p> <p>&nbsp;</p>','2015-11-11','Какого размера должен быть правильный траволатор?',1,'<p>Траволатор - прекрасное средство для безопасного перемещения людей с одного уровня на другой, и для передвижения от одной точки к другой. По сравнению с эскалатором, траволатор удобен для перемещения людей с багажом, сумками и тележками, благодаря отсутствию ступеней. Он имеет гладкую и ровную поверхность для пешеходов.<a href=\"eskalatornoe-oborudovanie/travalatoryi\"> Траволаторы</a> находятся на лидирующих мировых позициях по высокой степени безопасности, комфортности поездки и уникальному дизайну.</p> ','kakogo-razmera-dolzhen-byt-pravilnyj-travolator'),(111,'','','',' <p><img src=\"http://lift-blk.ru/files/tinymce/eskalator/3-big.jpg\" style=\"width: 200px; float: left; margin: 4px 15px 10px 0;\" /></p> <p>Разделяют два классы эскалаторов – поэтажные и тоннельные. Установку тоннельных выполняют в длинных и глубоких тоннелях или в станциях метро, а установку поэтажных производят внутри зданий и в подземных пространствах мелкого заложения.</p> <p><a href=\"eskalatornoe-oborudovanie/standartnaya-spetsifikatsiya\">Эскалаторы</a> удобно и целесообразно устанавливать в торговых центрах, так как там всегда интенсивный и непрерывный поток людей. Его можно сделать компактным и он прекрасно впишется в любой интерьер торгового центра. По сравнению с лифтом, который также зачастую имеется в торговых центрах, эскалатор обладает большой пропускной способностью. Он обеспечивает надежное и эффективное перемещение пассажиров, создавая при этом непрерывное движение между уровнями здания.</p> <p>К незначительным недостаткам эскалатора стоит отнести:</p> <ul> <li>маленькую скорость передвижения;</li> <li>пассажиру необходимо делать пересадку между этажами;</li> <li>не может использоваться людьми с ограниченными возможностями в колясках.</li> </ul> <p>Эскалаторное оборудование требует большего и просторного помещения для установки, однако габаритные размеры облицовки и балюстрада идеально подойдут для внешней рекламы.</p> <p>Необходимо отметить, что по цене эскалатор дороже по сравнению с лифтом, но пропускная способность эскалатора быстро окупает все затраты.<a href=\"eskalatornoe-oborudovanie/standartnaya-spetsifikatsiya\"> Купить эскалатор</a> можно различных габаритов, как по высоте, так и по ширине. На рынке подъемного оборудования эскалатор имеет положительную репутацию по надежности и безопасности, но помните, что при использовании его пассажирам необходимо придерживаться правил поведения.</p> <p>&nbsp;</p>','2015-11-19','Особенность установки эскалатора в торговом центре',1,'<p>На сегодняшний день невозможно представить большой торгово - развлекательный центр без наличия в нем удобного вспомогательного оборудования в виде эскалатора. Этот подъёмный механизм, в виде горизонтальной лестницы с наклоном углом в 30-35 градусов, имеет движущиеся ступеньки в вертикальном направлении. Он предназначен для удобного перемещения большего количества людей с одного этажа на другой.</p> ','osobennost-ustanovki-eskalatora-v-torgovom-tsentre'),(112,'','','',' <p><img src=\"http://www.kz.all.biz/img/kz/catalog/435292.jpeg\" style=\"width: 200px; float: right; margin: 4px 15px 10px 0;\" /></p> <p>В случае если сравнивать эти два вида лифтов по потребляемой электроэнергии, то электрические и гидравлические, тождественны. Но по скорости движения электрические лифты быстрее, а также они имеют большую высоту подъема, нежели гидравлические, хотя для частного дома это не столь значительно. Говоря о шуме, издаваемом при роботе лифта, то у гидравлического уровень значительно ниже, чем у электрического. К тому же, для электрического лифта необходима специальная конструкция в виде шахты с несущими стенами, а также машинное отделение, в котором будут находиться вспомогательные установки. Большое количество кабелей требует правильного и бережного ухода, а самое главное - места. А вот у гидравлики таких факторов нет, его привод можно вынести за пределы дома или в другое помещение. Современные модели гидравлических лифтов вообще не требуют машинного отделения и дополнительного лифтового оборудования.</p> <p>К достоинствам гидравлического лифта относятся:</p> <ul> <li>простота в производстве самой конструкции;</li> <li>плавное движение во время работы и остановки;</li> <li>практически бесшумный в работе;</li> <li>при обесточивании не застрянет между этажами, а плавно спустится вниз.</li> </ul> <p>Если вы сделали выбор в пользу гидравлики, то<a href=\"liftovoe-oborudovanie\"> купить гидравлический лифт</a> мы рекомендуем в проверенных компаниях, где продаются действительно качественное лифтовое оборудование. Благодаря чему, Вы приобретете надежный и долговечный лифт, с эстетически красивый внешним видом.</p> <p>&nbsp;</p>','2015-11-25','Какой лифт лучше, гидравлический или электрический?',1,'<p>Если вы решили установить себе пассажирский<a href=\"liftovoe-oborudovanie\"> лифт для частного дома или коттеджа</a>, и вы теряетесь в выборе между электрическим и гидравлическим, тогда стоит разобраться в каждом из них, узнав их достоинства и недостатки.</p> ','kakoj-lift-luchshe-gidravlicheskij-ili-elektricheskij'),(113,'','','',' <p><img src=\"http://superhitechelevators.com/25_files/bg5.jpg\" style=\"width: 200px; float: right; margin: 4px 15px 10px 0;\" /></p> <p>Данные лифты зачастую применяются в местах, где необходимо перемещение людей или грузов между помещениями, которые расположены на одном уровне, но на удаленном расстоянии друг от друга. Поэтому не удивительно, что малый грузовой лифт пользуется спросом в библиотеках, магазинах, прачечных и на многоуровневых складах. В частных домах или коттеджах, где проживают люди с ограниченными возможностями, такой вид лифтового оборудования просто незаменим для быстрого перемещения на нужный этаж. По грузоподъёмности сервисные лифты делятся на два вида:</p> <ol> <li>Малоподъемный. Предназначен для передвижения грузов от 5 до 50 кг. Как правило, такой вид лифтов располагается на уровне пояса.</li> <li>Грузовой сервисный лифт с грузоподъемностью до 300 кг, предназначен для перевозки достаточно тяжелых грузов, а также транспортировки группы людей.</li> </ol> <p>К главным преимуществам современных сервисных лифтов можно отнести:</p> <ul> <li>бесшумную работу, несмотря на габариты;</li> <li>стильный и привлекательный внешний вид;</li> <li>достаточно легкая установка и комфортность в обращении;</li> <li>минимальное энергопотребление;</li> <li>простое сервисное обслуживание лифтов.</li> </ul> <p>На сегодняшний день представлен огромный выбор сервисных лифтов. Такое широкое разнообразие позволяет подобрать лифт под любые условия установки и эксплуатации лифтового оборудования.</p> <p>&nbsp;</p>','2015-12-02','Виды применения сервисных лифтов и области их применения',1,'<p>Для всех отелей, баров и ресторанов, быстрая доставка готовых блюд является главным фактором качественного обслуживания и отличного сервиса, поэтому в таких заведениях устанавливают<a href=\"servisnye-lifty\"> сервисные лифты</a>.</p> ','vidy-primeneniya-servisnykh-liftov-i-oblasti-ikh-primeneniya'),(114,'','','',' <p><img src=\"http://samson-lift.ru/uploads/images/galaxy.jpg\" style=\"width: 200px; float: right; margin: 4px 15px 10px 0;\" /></p> <p>Рассмотрим несколько самых распространенных ситуаций, которые крутятся в голове человека имеющего болезнь клаустрофобии. Итак, если вы думаете, что заходя в лифт его трос может не выдержать и Вы рухните вниз, то это может произойти только в фильмах жанра «экшен». Так как, производители современных пассажирских подъемников используют при производстве только высококачественные материалы и высокотехнологическое оборудование.</p> <p>Еще одной распространенной вымышленной ситуацией является то, что при выходе или входе двери могут их зажать. В таком случае, можно быть уверенным и ничего не бояться, поскольку все лифты имеют многочисленные датчики и вспомогательные сенсоры, которые предотвращают закрытие дверей до полной посадки или же высадки пассажиров.</p> <p>Перебороть страх перед лифтом, поможет правильный выбор надежного и качественного лифтового оборудования.<a href=\"liftovoe-oborudovanie\"> Лифты для частных домов и коттеджей</a>, а также пассажирские подъемники в социальных объектах выполнены в соответствии с техническими нормами, которые включают в себя все правила по безопасности. Стильные по дизайну и оснащенные по последним тенденциям лифты, при правильном обращении и своевременном ремонте, будут служить ни одно десятилетие, и при этом выполняя свои прямые обязанности по безопасной транспортировке пассажиров и грузов.</p> <p>&nbsp;</p>','2015-12-10','Стоит ли бояться поездки на лифте?',1,'<p>Многие из нас стараются угнаться за быстрым темпом современной жизни, поэтому люди предпочитают без всяких задержек добираться до конкретного места, будь то дом или офис. Как правило, проживая в мегаполисе в многоквартирном доме или работая в огромном офисном центре, мы ежедневно сталкиваются с использованием лифтового оборудования. Но что делать, если боязнь замкнутого пространства одолевает в самый неподходящий момент?</p> ','stoit-li-boyatsya-poezdki-na-lifte'),(115,'','','',' <p><img src=\"http://i.ytimg.com/vi/m14d_ctk4G0/maxresdefault.jpg\" style=\"width: 200px; float: right; margin: 4px 15px 10px 0;\" /></p> <p>Одной из таких новых дополнений является функция взвешивания кабины перед непосредственной работой лифта, которая выбирает режим для лифтового оборудования, опираясь на общий вес пассажиров, а в случае достижения максимальной отметки грузоподъемника, включается уведомление о перегрузке.</p> <p>В местах с большим потоком людей, стали устанавливать лифты, которые позволяют экономить время в час пик. Такие<a href=\"passazhirskie-podemniki\"> пассажирские подъемники</a> оснащены функцией «принудительное закрывание дверей без ожидания», которая срабатывает при нажатии на специальную кнопку. Для удерживания дверей на неопределенный период времени отвечает функция «удержание открытых дверей». В любой нестандартной ситуации, пассажиры или персонал по ремонту лифтового оборудования, могут связаться с диспетчером, воспользовавшись функцией «интерфон». Благодаря электронному оборудованию, любому современному лифту можно задать функцию остановки на приоритетных этажах. Если лифт по грузоподъемности набрал достаточное количество людей, то воспользовавшись функцией «транзит», лифт не будет делать остановки на последующих этажах.</p> <p>Лифты для частных домов и коттеджа также оснащены специальной функцией «автоматическое открывание или закрывание дверей», при помощи торсионного доводчика. Поэтому не удивительно, что современное лифтовое оборудование приобрели название «умные лифты», которые все чаще стали дополняться электронной панелью с необходимыми функциями.</p> <p>&nbsp;</p>','2015-12-17','Новые дополнения в современных лифтах',1,'<p>На сегодняшний день модернизация лифтового оборудования не стоит на месте. С каждым днем внедряются новые дополнительные функции, например, которые помогают определить состояние подъемника при помощи логического и электронного анализа. Так, лифты с инновационным управлением, работающие при помощи компьютерной системы сохраняют дынные о пассажирообороте за сутки. Проведя анализ этих дынных, можно выбрать оптимальный вариант для организации правильной и бесперебойной работы лифта.</p> ','novye-dopolneniya-v-sovremennykh-liftakh'),(116,'','','',' <p><img src=\"http://www.progress-lift.ru/img/026.jpg\" style=\"width: 200px; float: right; margin: 4px 15px 10px 0;\" /></p> <p>Классификация малых грузовых лифтов</p> <ul> <li>по грузоподъемности выделяется три типа лифтов. Малые и средние лифты с вертикально-раздвижными дверями, с ручной загрузкой и с сервисного уровня. Вес переправляемого груза от 50 и от 100кг соответственно. И лифты для перевозки крупных грузов от 200 до 250кг с распашными дверями и напольной загрузкой;</li> <li>по типу привода лифты делятся на электрические и гидравлические. Электрические используют в большинстве случаев, поскольку они более удобны в применении и потребляют в 2 раза меньше энергии, по сравнению с гидравлическими;</li> <li>по типу шахты различают два вида: лифты, которые в комплекте имеют собственную железную шахту и лифты без шахты.</li> </ul> <p>Сфера их применения разнообразна. Малые лифты используют для транспортировки документов или образцов в лабораториях, библиотеках или офисах. В магазинах они нужны, чтобы доставить часть продукции прямо к торговому месту, а так же для перевозки крупных грузов на складах или производстве. Для ресторанов, кафе, столовых, да и частных коттеджей они будут прекрасными помощниками для перемещения продуктов, готовых блюд и грязной посуды.</p> <p><a href=\"servisnye-lifty\">Купить</a> высококачественные малые грузовые лифты и заказать их монтаж можно у нас на сайте.</p> <p>&nbsp;</p>','2015-12-23','Малые грузовые лифты и их назначение',1,'<p>Главной особенностью <a href=\"servisnye-lifty\">малых грузовых лифтов</a> является компактность. Для них не требуется много свободного места, но при этом они экономичны с точки зрения потребления энергии, довольно бесшумны в работе и обладают приличной грузоподъемностью до 250кг.</p> ','malye-gruzovye-lifty-i-ikh-naznachenie'),(117,'','','',' <p><img src=\"http://www.kmzlift.ru/lifts/1000Collaps.png\" style=\"width: 200px; float: right; margin: 4px 15px 10px 0;\" /></p> <p>Пакет модернизации включает:</p> <ul> <li>замену системы управления лифтом, подъемного устройства, электро-пусковых и электро-питающих установок устаревших или частично вышедших из строя;</li> <li>дополнение установленного лифта современными системами, повышающими уровень комфорта, эстетичности и безопасности: пультами управления, сервисными устройствами, проведение внутренней и внешней отделки, замена освещения кабин и пр.</li> </ul> <p>Модернизацию, в отличие от полной замены лифтового хозяйства, можно проводить поэтапно. В этом случае не страдает установленный ритм работы и затраты распределены во времени, не обременяя владельца здания.</p> <p>Преимущества модернизации лифтов:</p> <ul> <li>безопасность – современные системы обеспечивают высокий уровень безопасности и минимизации рисков;</li> <li>энергоэффективность – результатом модернизации будет значительная экономия затрат на электроэнергию;</li> <li>доступность – новейшее оборудование оснащено системами корректировки точности остановки, автоматические расширенные двери лифта обеспечивают доступность для разных пользователей, включая инвалидов-колясочников;</li> <li>эстетичность – современный дизайн улучшает вид зданий и повышает его привлекательность.</li> </ul> <p>&nbsp;</p>','2015-12-31','Модернизация лифтов',1,'<p>Установка новых, современных лифтов вместо устаревших и исчерпавших срок эксплуатации - мера необходимая, хотя очень затратная. Если лифт в вашем доме сильно изношен, стал некомфортен, ощущается повышение уровня шума при его работе, со времени установки лифта назначение здания изменилось, и он не справляется с текущей нагрузкой, то необходимо задуматься об обновлении лифтового оборудования вашего здания. Альтернативой дорогостоящей полной замене лифтов стала программа <a href=\"servisnoe-obsluzhivanie\">модернизации оборудования</a> с сохранением основных технических параметров.</p> ','modernizatsiya-liftov'),(118,'','','',' <p><img src=\"http://spbdip.ru/assets/templates/doors/img/text/flaming-elevator-1.jpg\" style=\"width: 200px; float: right; margin: 4px 15px 10px 0;\" /></p> <p>Лифтовый портал является переходным элементом между непосредственно кабиной лифта и окружающим помещением, оснащенным лифтовым оборудованием. А значит он должен корректно вписываться в интерьер и соответствовать предъявляемым требованиям:</p> <ul> <li>эстетичность - являясь фасадом лифта, портал должен иметь стильный и привлекательный вид;</li> <li>практичность – в жилых и производственных помещениях лифт часто используется для перевозки различных грузов, а значит портал должен быть изготовлен из легко чистящихся и моющихся материалов, устойчивых к повреждениям.</li> </ul> <p>Какие элементы включает обрамление лифтового портала?</p> <ul> <li>Обрамление дверей лифта – специальная рама, служащая для защиты стен вокруг лифта, и предотвращающая попадание посторонних предметов в шахту лифта. Чаще всего оно выполняется из ошлифованной нержавеющей стали или окрашенной стали. Выбор этих материалов очевиден, благодаря их прочности, устойчивости к механическим повреждениям, легкому уходу и чистке, стильному внешнему виду;</li> <li>порог лифта – предусмотренный требованиями техники безопасности выступ перед входом в лифт. Он выполняется из тех же материалов, что и обрамление дверей по выбору заказчика;</li> <li>дополнительные элементы – варианты освещения портала, датчики и экраны. К дополнительным элементам можно добавить различные пластиковые панели, зеркала, стильную фурнитуру. Эти элементы помимо утилитарной выполняют и эстетическую функцию, превращая лифт из обычного подъемного устройства в стильную часть интерьера помещения коммерческого или жилого здания.</li> </ul> <p>&nbsp;</p>','2016-01-06','Обрамление лифтового портала',1,'<p><a href=\"liftovoe-oborudovanie\">Пассажирские лифты</a> в современных зданиях не только призваны перемещать людей с этажа на этаж, но и должны выполнять эстетическую и практическую функции.</p> ','obramlenie-liftovogo-portala'),(119,'','','',' <p><img src=\"http://liftobzor.ru/gyazi/Schindler/2.jpg\" style=\"width: 200px; float: right; margin: 4px 15px 10px 0;\" /></p> <p>Лифтовое оборудование относится к механизмам беспрерывной эксплуатации, поэтому некоторые детали достаточно быстро изнашиваются. Для предотвращения сбоев, простоев во время работы и травмирования пассажиров, на подъемники устанавливают индивидуальный срок службы в зависимости от конструкции и эксплуатационной нагрузки, в основном это 25 лет. По всем нормативным документам, после истечения срока эксплуатации, лифтовое оборудование подлежит замене на новое. Через каждые 12 месяцев лифтовое оборудование обязательно проверяют на безопасность и надежность, после чего составляются соответствующие акты о проведении проверки. По истечению 4 до 15 лет специалисты должны проводить капитальный ремонт подъемника.</p> <p>Стоимость лифтов достаточно высока, поэтому проводить капитальный ремонт необходимо качественно, с использованием профессионального оборудования и оригинальных запчастей. Главным условием при ремонте лифта является сохранение прежних технических характеристик и параметров.</p> <p>Качественный<a href=\"servisnoe-obsluzhivanie\"> ремонт лифтов в Москве</a> можно найти лишь в некоторых компаниях, где имеются специализированные бригады мастеров, которые качественно отремонтируют лифтовое оборудование. На сегодняшний день компании по сервисному обслуживанию лифтов должны иметь лицензию на совершение капитального ремонта или технического осмотра, а также использовать в работе необходимые инструменты и приборы, соответствующие нормативным документам.</p> <p>&nbsp;</p>','2016-01-13','Когда и как необходимо проводить капитальный ремонт лифтового оборудования?',1,'<p>Главным фактором удобного и комфортного проживания в многоквартирных домах является наличие пассажирского и грузового лифтов. Для длительной и безопасной эксплуатации лифтового оборудования необходимо следить за его техническим состоянием и своевременно проводить<a href=\"servisnoe-obsluzhivanie\"> сервисное обслуживание</a>, а иногда и капитальный ремонт.</p> ','kogda-i-kak-neobkhodimo-provodit-kapitalnyj-remont-liftovogo-oborudovaniya'),(120,'','','',' <p><img src=\"http://eclectikrelaxation.com/blog/wp-content/uploads/2013/09/01_intro.jpg\" style=\"width: 200px; float: right; margin: 4px 15px 10px 0;\" /></p> <p>При использовании лифта следует помнить несколько несложных правил:</p> <ul> <li>в кабине стоять лицом к выходу;</li> <li>не перегружать лифты большим количеством пассажиров;</li> <li>равномерно распределиться по углам кабины, если пассажиров более 4 человек;</li> <li>не входите в уже заполненный лифт.</li> </ul> <p>Если вы пользуетесь лифтом в общественном месте, то следует придерживаться определенных правил поведения: необходимо быть вежливым и доброжелательным ко всем пассажирам, которые находятся вместе с вами в лифте. Ни в коем случае нельзя прыгать во время движения подъемника. Если вас пропустили вперед, то отблагодарите приветливой улыбкой или добрым словом. А также пропустите пассажира, который выходит раньше. Вы любитель громких разговоров по телефону? Лучше перезвоните, когда выйдете из лифта. Помните, что вы находитесь в лифте с незнакомыми людьми, и своим поведением вы показываете свой уровень культурного поведения в обществе.</p> <p>В настоящее время<a href=\"liftovoe-oborudovanie\"> купить лифт для частного дома или коттеджа</a> не составляет труда, а вот поддержание его в первоначальном виде труднее всего. Поэтому не стоит рисовать на стенах лифта, наклеивать различные листовки, ломать или поджигать кнопки лифта. Хорошим отношением к себе лифт вам отплатить безопасным, уютным и быстрым перемещением с этажа на этаж.</p> <p>&nbsp;</p>','2016-01-21','Как правильно вести себя в лифте?',1,'<p>Залог длительного срока службы лифта – его правильная эксплуатация и своевременный сервисный осмотр. Поэтому при использовании лифтового оборудования необходимо помнить некоторые правила поведения в лифте, т.к. даже самое современное и усовершенствованное лифтовое оборудование может выйти из строя. Итак, если вы заметили, что лифт работает как-то не так или двери плохо закрываются, следует быстро вызвать ремонтную бригада.</p> ','kak-pravilno-vesti-sebya-v-lifte'),(121,'','','',' <p><img src=\"http://automag.kz/media/uploads/zinnia/nezavis08big.jpg\" style=\"width: 200px; float: right; margin: 4px 15px 10px 0;\" /></p> <p>На современном рынке существует несколько видов систем для парковки автомобилей, такие как:</p> <ol> <li>Зависимые автомобильные подъемники. Для выезда или въезда требуется убрать машину, находящуюся на нижнем уровне. Управлять такой системой может сам водитель. За счет своей зависимой системой, лифт-подъемник не требует особенных строительных работ и поэтому этот вид автопарковочной системы самый популярный на рынке.<a href=\"avtomobilnye-podemniki\"> Цена на подъемники для транспорта</a> зависимого типа считается доступной для большинства автовладельцев.</li> <li>Независимые автомобильные подъемники. Въезд или выезд осуществляется независимо от других машин. При такой системе водитель может управлять самостоятельно лифтом-подъемником. Для данного типа необходимо установить лифтовое оборудование, а также предусмотреть специальный приямок на глубину равную высоте машины. Без строительных работ не обойтись.</li> <li>Полуавтоматическая парковка представляет собой систему, где водитель самостоятельно управляет размещением места на автомобильной парковке и выполняет все необходимые действия по размещению автомобиля. Преимуществом данной системы считается высокая надежность конструкции, независимая парковка, безопасность для автомобилей и водителей.</li> </ol> <p>Сооружение таких видов систем для парковки автомобиля значительно решит проблему мегаполисов, где количество машин с каждым годом растет. Для постройки автопарковочной системы следует обратиться к компании, которая в кратчайшие сроки предоставит для выполнения работы высококвалифицированных работников со специальным оборудованием.&nbsp;</p>','2016-01-28','Виды автомобильных парковочных систем',1,'<p>На сегодняшний день появление большого количества машин стало проблематичным для отведения мест под парковку. Чтобы разместить автомобили необходимо создать автопарковочную систему.</p> ','vidy-avtomobilnykh-parkovochnykh-sistem'),(122,'','','',' <p><img src=\"http://grand-stroj.org/wp-content/uploads/2014/07/12.jpg\" style=\"width: 200px; float: right; margin: 4px 15px 10px 0;\" /></p> <p>С каждым днем все большей популярностью пользуются панорамные лифты. Как правило, такие лифты устанавливаются в больших и просторных зданиях, такие как: аэропорты, бизнес-центры, торгово-развлекательные заведения, гостиницы и т.д. Главным преимуществом, которым обладает<a href=\"liftovoe-oborudovanie/liftyi-creative-concept\"> панорамный лифт</a> – это завораживающий внешний вид. Его наличие в просторном помещении позволяет насладиться непревзойденным видом изнутри кабины. Панорамный лифт имеет прозрачные стены и тем самым оживляет интерьер всего помещения. Прозрачная конструкция лифта дает возможность пассажирам видеть всю красоту здания с высоты. Устанавливать такие лифты можно как внутри строения, так и снаружи, сэкономив при этом большое количество квадратных метров.</p> <p>Для установки данного вида лифтового оборудования не понадобится строительство дополнительной шахты, что является отличным вариантом для людей, страдающих клаустрофобией. За счет современных технологий можно варьировать конструкцией и формой, что позволит установить лифт не только в большом помещении, но и в частном доме.</p> <p>Заказывать такой лифт следует у лучших производителей лифтового оборудования.<a href=\"liftovoe-oborudovanie/liftyi-creative-concept\"> Стоимость лифтов</a> напрямую зависит от его конструкции, привода и количества дверей, и наличия дополнительных возможностей. При выборе стоит особое внимание обращать на его безопасность, пропускную способность и долговечность. А также стоит помнить, что современный панорамный лифт играет важную роль в архитектурном ансамбле любого здания.</p> <p>&nbsp;</p>','2016-02-03','Особенности панорамного лифта',1,'<p>На сегодняшний день ни один современный многоэтажный дом не обходится без установки подъемного оборудования. Лифт – это не только устройство для перемещения с уровня на уровень здания, но и важная часть в архитектурном плане.</p> ','osobennosti-panoramnogo-lifta'),(123,'','','',' <p><img src=\"http://allday.in.ua/img/f/326/325945/841190987539921655165785543318.jpg\" style=\"width: 200px; float: right; margin: 4px 15px 10px 0;\" /></p> <p>Энергосберегающие пассажирские лифты обладают целым рядом преимуществ:</p> <ol> <li>Все детали лифтового оборудования выполнены по новейшим технологиям и имеют гарантийный срок эксплуатации в три раза дольше.</li> <li>Повышенная комфортность лифта обладает низким уровнем вибрации и шума.</li> <li>Чтобы продлить срок эксплуатации, производители внедрили преобразователи частоты, которые отвечают за плавный переход процессов в механике лифта.</li> <li>Маховик лебедки отсутствует, соответственно вес и габариты лифтового оборудования уменьшились.</li> <li>Снижено количество потребления пусковых токов, благодаря чему экономится электроэнергия в несколько раз.</li> </ol> <p>Такой лифт для частного дома – это просто находка. Он позволяет существенно сэкономить потребление электричества порядка от 20 до 60 %.</p> <p>Большинство производителей энергосберегающего лифтового оборудования выпускают усовершенствованные модели, которые отвечают всем критериям комфортности, безопасности и долговечности. Стоимость лифтов с пониженным уровнем потребления энергоресурсов зависит от модели, типа конструкции и внешних данных.<a href=\"liftovoe-oborudovanie/liftyi-creative-concept\"> Купить лифт</a> с энергосберегающей функцией – это значит обзавестись не только современным оборудованием, но и принять участие в пониженном потреблении электричества.</p> <p>&nbsp;</p>','2016-02-11','Энергосберегающие лифты - новый этап в лифтостроении',1,'<p>Ультрасовременные многоэтажные здания обязательно должны быть оборудованы лифтами для удобного, а главное быстрого перемещения пассажиров с одного этажа на другой. Главным минусом лифтов считается их большое потребление электроэнергии, но благодаря новейшим разработкам в лифтостроении, производители стали все больше выпускать лифты с пониженным потреблением электроэнергии.</p> ','energosberegayushchie-lifty-novyj-etap-v-liftostroenii'),(124,'','','',' <p><img src=\"http://farm5.static.flickr.com/4126/4987471784_0d5b4e1a3a_b.jpg\" style=\"width: 200px; float: right; margin: 4px 15px 10px 0;\" /></p> <p>Так, например, если вы по какой-либо причине застряли в лифте, нет повода для паники. Основными причинами могут быть перебои в энергосистеме или поломка лифта.</p> <p>В таком случае необходимо сообщить диспетчеру об остановке движения лифта, позвонив по телефону, который указан в кабине или нажав на кнопку вызова. Категорически запрещается самостоятельно применять какие-либо меры: прыгать, создавать вибрации, раскачивать кабину, открывать двери вручную или беспорядочно нажимать на все кнопки. Кабина лифта может остановиться между этажами и поэтому если вы решили выбраться самостоятельно, то это может закончиться плачевно. Помните, что все<a href=\"passazhirskie-podemniki\"> пассажирские подъемники</a> имеют кнопку «Вызов диспетчера», нажав на нее, вы сможете сообщить об остановке лифта. Диспетчер обязательно назовет причину поломки и вызовет ремонтную бригаду, которая поможет выбраться «пленнику».</p> <p>С каждым днем растет количество жителей частного сектора приобретающих лифт для обеспечения максимального комфорта в своем доме. Лифты для коттеджа также обладают повышенной комфортностью и безопасностью. При поломке необходимо позвонить в центр обслуживания лифтового оборудования и вызвать квалифицированных мастеров, которые с легкостью справятся с данной задачей.</p> <p>Помните, что правильное обращение и поведение в лифте - залог безопасного перемещения!</p> <p>&nbsp;</p>','2016-02-17','Что делать, если вы застряли в лифте?',1,'<p>Наличие лифтов в многоэтажных домах, бизнес-центрах и других социальных учреждениях значительно облегчают повседневную жизнь людей. Все современное лифтовое оборудование гарантирует безопасное перемещение пассажиров, но даже такое надежное оборудование подвержено некоторым сбоям в системе.</p> ','chto-delat-esli-vy-zastryali-v-lifte'),(125,'','','',' <p><img src=\"http://www.promliftservis.ru/files/images/ff.jpg\" style=\"width: 200px; float: right; margin: 4px 15px 10px 0;\" /></p> <p>Лифты различаются по конструкции и техническим характеристикам. Абсолютно все модели лифтов не обходятся без шахты, которые оборудованы автоматическими дверями. Также основным элементом лифтового оборудования является машинное отделение, где находится подъемно-приводная лебедка.</p> <p>Конструктивно лифтовые шахты классифицируются на:</p> <ol> <li>Глухие, где шахта ограждена со всех четырех сторон. Как правило, такой вид шахт проектируется и возводится внутри помещения.</li> <li>Приставные, в которых имеется шахта со сплошным или стеклянным ограждением. Предпочтительнее возводить снаружи здания. Данный тип шахты подходит для установки лифта в коттедже или малоэтажных зданиях.</li> </ol> <p>Также, лифтовые шахты подразделяют по техническим характеристикам, таким как:</p> <ol> <li>Несущие, главной задачей которых является удержание всей нагрузки подъемника в рабочем режиме.</li> <li>Ненесущие, дающие возможность ограждать и перераспределять нагрузку на другие элементы сооружения, которая появляется во время работы лифта.</li> </ol> <p>По форме лифтовые шахты бывают:</p> <ol> <li>круглые;</li> <li>овальные;</li> <li>прямоугольные.</li> </ol> <p><a href=\"passazhirskie-podemniki\">Цены на пассажирские подъемники</a> зависят от классификации лифтового оборудования, а также от сложности и формы самой шахты.</p> <p>Перед тем как купить лифт, необходимо правильно спроектировать и рассчитать нагрузки, которые будет принимать шахта. От количества нагрузки зависит и материал из которого будут выполнены стены. Самым распространенными являются шахты на основе железобетона, металлического каркаса и полнотелого кирпича.</p> <p>&nbsp;</p>','2016-02-24','Виды лифтовых шахт',1,'<p>На сегодняшний день ни одно современное многоэтажное здание не обходится без лифтового оборудования. Именно<a href=\"passazhirskie-podemniki\"> лифт</a> обеспечивает комфорт и мобильность перемещения людей и грузов с одного уровня на другой.</p> ','vidy-liftovykh-shakht'),(126,'','','',' <p><img src=\"http://www.apexradio.ru/upload/iblock/3d0/3d0a6ed209b2bd1b0d688a16433b955e.jpg\" style=\"width: 200px; float: right; margin: 4px 15px 10px 0;\" /></p> <ol> <li>Теория вероятности. С помощью данной науки, весьма точно можно рассчитать количество требуемых лифтов, а также их скорость и грузоподъемность. Главное преимущество этого метода в его универсальности, а именно его расчет производится по определенным формулам.</li> <li>Имитационного моделирования. Метод основывается на базе современных технологий, которые помогают визуализировать модель здания и определить приблизительное количество жителей проживающих в этом доме. Задав точные параметры для расчетов можно получить достаточно точные показатели для проектирования лифтов и определения их количества. Для получения более точных результатов данным методом необходимо учесть часы пик утром, в обеденный перерыв и вечером, а так же часы простоя лифта.</li> </ol> <p>Как утверждают многие специалисты, имитационное моделирование показывает максимально точные результаты при правильно заданных параметрах.</p> <p>Прежде чем<a href=\"liftovoe-oborudovanie/liftyi-creative-concept\"> купить лифт</a>, следует правильно рассчитать необходимое количество лифтов в здании вышеперечисленными методами. В случае если результаты подсчетов по двум методам не сходятся, можно провести альтернативный «грубый» расчет. Суть метода такова:</p> <ol> <li>определенное число человек разделить на число этажей;</li> <li>число этажей поделить на три.</li> </ol> <p>Полученный результат, который окажется больше, тот и будет верным.</p> <p>Также не стоит забывать, что<a href=\"liftovoe-oborudovanie/liftyi-creative-concept\"> стоимость лифтового оборудования</a> не малая! А ввиду того, что довольно часто очень сложно просчитать точное количество необходимых лифтов для общественных сооружений, во избежание увеличения затрат на строительство, необходимо с полной ответственностью отнестись к процессу расчета.</p>','2016-03-03','Как рассчитать необходимое количество лифтового оборудования в здании?',1,'<p>Самым первым этапом строительства любого здания является проектирование, во время которого необходимо все тщательно просчитать. Чтобы правильно определить необходимое количество лифтов в помещении, следует учитывать тип самого строения, также во время проектирования необходимо руководствоваться двумя известными методами расчета:</p> ','kak-rasschitat-neobkhodimoe-kolichestvo-liftovogo-oborudovaniya-v-zdanii'),(127,'','','',' <p><img src=\"http://ic.pics.livejournal.com/pagonat/48907863/37250/37250_original.jpg\" style=\"width: 200px; float: right; margin: 4px 15px 10px 0;\" /></p> <p>Для того чтобы эскалатор был действительно безопасным во время работы, при монтаже следует руководствоваться порядком ввода в эксплуатацию нового эскалатора. Компания, которая установила новый эскалатор, должна провести осмотр оборудования, а также проверить его на исправность и испытать. После положительных результатов проверки, специалисты компании должны составить акт, который подтверждает техническую готовность, и передать данный документ владельцу эскалаторного оборудования. К предоставленному акту подкрепляется следующий пакет документов:</p> <ul> <li>акт проверки силового электрического оборудования, цепей и электропроводки, они должны соответствовать изоляционному сопротивлению;</li> <li>протокол об осмотре и проверки всех электрических элементов (зануление, заземление), а именно балюстрада из металлических листов;</li> <li>акт на скрытые работы.</li> </ul> <p>Если вся документация имеется в наличии, владелец обязан создать комиссию, которая должна принять эскалатор. В состав комиссии входят следующие представители:</p> <ul> <li>заказчика;</li> <li>генподрядной строительной компании;</li> <li>производителя эскалатора;</li> <li>человек, отвечающий за монтаж конструкции и ее безопасность;</li> <li>специалист по надзору.</li> </ul> <p>Владелец обязан заблаговременно до созыва комиссии предоставить паспорт эскалаторного оборудования, все вышеперечисленные протоколы, а также документ, который разрешает обслуживать и проводить технический ремонт эскалатора. Лицензия на ввод эскалатора должна быть подписана инспектором Госгортехнадзора.</p> <p><a href=\"eskalatornoe-oborudovanie\">Цены на эскалаторное оборудование</a> в основном зависят от его конструкции, протяженности и сложности монтажа. Как правило, высококачественное оборудование имеет высокую стоимость, а соответственно длительный срок эксплуатации и безопасность.</p>','2016-03-10','Порядок ввода в эксплуатацию нового эскалатора',1,'<p>Одним из самых распространенных подъемно-транспортных оборудованием в общественных местах является эскалатор. На сегодняшний день<a href=\"eskalatornoe-oborudovanie\"> эскалаторы</a> устанавливают в многоэтажных торгово-развлекательных центрах, подземных переходах, а также в метро.</p> ','poryadok-vvoda-v-ekspluatatsiyu-novogo-eskalatora'),(128,'','','',' <p><img src=\"http://www.by.all.biz/img/by/catalog/108735.jpeg\" style=\"width: 200px; float: right; margin: 4px 15px 10px 0;\" /></p> <p>Безусловно, главным критерием любого подъемника является его безопасное передвижение с уровня на уровень пассажиров и грузов. Абсолютно все лифты должны обеспечивать достаточную грузоподъемность, рассчитанную для каждого здания индивидуально, поэтому прежде чем <a href=\"passazhirskie-podemniki\">купить лифт</a> необходимо удостовериться в его качестве, гарантии на ежедневную эксплуатацию, а также на надежность конструкции.</p> <p>К счастью, современный рынок лифтового оборудования потрясает своим изобилием и предлагает широкий выбор подъемников различной конструкции, грузоподъемности и конфигурации. Сейчас <a href=\"passazhirskie-podemniki\">заказать пассажирские подъемники в Москве</a> очень легко, но мы рекомендуют обращаться только в проверенные компании, которые имеют большой опыт производства и монтажа лифтового оборудования. Также данная компания должна обеспечивать своевременный плановый осмотр и проводить диагностику, во избежание аварийный ситуаций, которые могут привести к несчастному случаю.</p> <p>Чаще всего причиной поломки современного лифтового оборудования является неправильное обращение с лифтом. Поэтому следует помнить, что соблюдение правил поведения в лифте – это залог его бесперебойной работы на протяжении долгого времени, а также обеспечение максимальной безопасности во время передвижения для пассажиров.</p> <p>&nbsp;</p>','2016-03-17','О чем говорит \"лифтовая\" статистика России?',1,'<p>На сегодняшний день статистика несчастных случаев в лифтах ошеломляет своими показателями. В соответствии с декларацией по анализу состояния лифтового оборудования, в России зарегистрировано больше 65 % лифтов, которые подлежат срочному ремонту или же полной замене. Согласно таким данным можно с уверенностью сказать, что достаточно остро стоит вопрос о демонтаже старых, еще советского производства, лифтов на более современное, безопасное и надежное лифтовое оборудование.</p> ','o-chem-govorit-liftovaya-statistika-rossii'),(129,'','','',' <p><img src=\"http://www.uznayvse.ru/images/stories/uzn_1409054046.jpg\" style=\"width: 200px; float: right; margin: 4px 15px 10px 0;\" /></p> <p>На сегодняшний день эскалатором никого не удивить, но мало кто знает, что в современном мире есть достаточное количество уникальных эскалаторов, поэтому сегодня мы расскажем о некоторых из них. Итак, на первом месте среди самого оригинального эскалаторного оборудования мира оказался уличный <a href=\"eskalatornoe-oborudovanie\">эскалатор</a>, который находится в Колумбии. Благодаря нестандартным и большим размерам эскалатора, жители города Медельин имеют возможность легко преодолевать достаточно крутой склон горы.</p> <p>Второе место занимает эскалатор «Подводный мир» в Тайване. Пассажиры, которые катаются на эскалаторе, находятся под куполом, где над их головами проплывают громадные морские животные акулы, скаты и дельфины.</p> <p>Третье место нашего рейтинга закрепилось за эскалатором в Японии. Только этот подъемник имеет всего в 4 ступени и, по сути, он считается самым коротким и бессмысленным эскалатором в мире. Однако данный подъемник занесен в Книгу рекордов Гиннеса.</p> <p>На четвертом месте оказался самый старый эскалатор. Он находится в Нью-Йорке в одном из универмагов Манхеттена. Уникальность подъемника заключается в его деревянных перилах, которые не утратили свою красоту и архитектуру по сегодняшний день.</p> <p>Пятое место занимает самый красивый перекрестный эскалатор во всем мире. Именно в Москве находится данное чудо техники. Уникальная перекрестная конструкция напоминает елочку, которая при этом мерцает голубыми огнями, общий образ эскалатора смотрится весьма оригинально и органично.</p> <p>Сегодня <a href=\"eskalatornoe-oborudovanie\">цены на эскалаторное оборудование</a> достаточно разнятся, так как все зависит от его протяженности, конструкции и сложности монтажа. Современные эскалаторы комфортабельны и отвечают всем стандартам надежности и безопасности, и просто замечательно, что новые технологии позволяют создать настоящие шедевры лифтового оборудования.</p> <p>&nbsp;</p>','2016-03-31','Топ-5 самых уникальных эскалаторов в мире',1,'<p>Эскалаторы – это удивительное подъемное оборудование, которое позволяет одновременно перемещать несколько десятков пассажиров за минимальный промежуток времени.</p> ','top-5-samykh-unikalnykh-eskalatorov-v-mire'),(130,'','','',' <p><img src=\"http://reklamasevproduction.s3.amazonaws.com/kuban/advt_photo/87140/big_service_lift.jpg\" style=\"width: 200px; float: right; margin: 4px 15px 10px 0;\" /></p> <p>Малые грузовые лифты классифицируются в зависимости от грузоподъемности, типа привода и вида шахты. Благодаря своим малым размерам, шахту лифта можно не возводить. Как правило, лифты малогрузовые или сервисные выпускаются с металлической шахтой, которая достаточно легко устанавливается и при этом не занимает много места в помещении. К тому же, монтируется данный подъемник к полу и потолку, а благодаря модульному принципу, есть возможность нарастить шахту лифта до необходимо высоты. На монтаж металлической шахты мастерам понадобится не более двух рабочих дней, что также является большим плюсом данного вида оборудования.</p> <p>На сегодняшний день все больше ресторанов производят монтаж сервисного лифта, так это не только удобно для персонала заведения, но и недорого по оплате за потребляемую электроэнергию. Что касается материала лифта, следует отметить высококачественную гальванизированную сталь, которая предназначена именно для пищевой промышленности. Поэтому прежде чем<a href=\"servisnye-lifty\"> купить малый грузовой лифт для кухни ресторанов</a> следует поинтересоваться о материале и грузоподъемности. А чтобы обеспечить нормальную работу по перемещению груза в магазине следует рассмотреть варианты специальных сервисных лифтов. За счет своих компактных размеров и возможности открытия дверей с разных сторон делают данный подъемник максимально удобным в ежедневной эксплуатации.</p> <p><a href=\"servisnye-lifty\">Цены на сервисные грузовые лифты для магазинов</a>, как правило, зависят от конструкции кабины, высоты подъема и дополнительных функций. В любом случае, малый грузовой лифт станет достаточно серьезным помощником, с помощью которого вы сможете легко ускорить работу всего предприятия.</p> <p>&nbsp;</p>','2016-04-14','Типы и особенности шахт для малого грузового лифта',1,'<p>Малый грузовой лифт просто находка кафе, офисов, складов или библиотек. Основное назначение данного вида подъемника – это перевозка малогабаритного груза с уровня на уровень, поэтому сейчас такие подъемники для ресторанов и магазинов пользуются большим спросом.</p> ','tipy-i-osobennosti-shakht-dlya-malogo-gruzovogo-lifta'),(131,'','','',' <p><img src=\"https://g-a.d-cd.net/fab2f3cs-960.jpg\" style=\"width: 200px; float: right; margin: 4px 15px 10px 0;\" /></p> <p>Рассмотрим основные <a href=\"servisnoe-obsluzhivanie\">запчасти лифтового оборудования</a>, которые являются самыми востребованными при ремонте. Итак, за обеспечение безопасного передвижения и сохранность груза отвечают тросы, а также канаты (страховочные, тяговые). Данные запчасти должны соответствовать всем нормам и требованиям безопасности, так как при их обрыве люди и груз упадут вместе с тросами вниз. Следующие популярные детали - это опорные части, которые должны быть устойчивы. Именно эти запчасти отвечают за надежность всей конструкции лифтового оборудования. Еще одной немаловажной деталью является тяговая батарея.</p> <p>Как правило, подъемники с электрическим приводом при поломке не смогут попросту нормально функционировать. Во избежание появления аварийной ситуации следует своевременно проводить технический осмотр и соответственно ремонт.</p> <p>В случае если необходимо произвести сервисное обслуживание и ремонт лифтового оборудования в Москве, следует обратиться за помощью в компанию, у которой имеется не только в наличии всеми необходимыми запчастями, но и сможет провести качественно ремонтные работы.</p> <p><a href=\"servisnoe-obsluzhivanie\">Цены запчастей для лифтов</a>, как правило, зависят от производителя. Чем дороже стоимость деталей, тем качественнее и надежнее оригинальные запчасти. Рекомендуем перед покупкой запчастей проконсультироваться со специалистом, который правильно подберет продукцию для вашего лифтового оборудования. Также стоит помнить, что детали низкого качества не подходят для установки, поскольку поломка лифта может привести к трагическим последствиям.</p> <p>&nbsp;</p>','2016-04-27','Какие самые востребованные запчасти на подъемное оборудование?',1,'<p>Во время ежедневной эксплуатации, подъемное оборудование подвергается большим нагрузкам, поэтому все детали устройства быстро изнашиваются и выходят из строя. Основные причины износа лифтового оборудования - это деформация деталей, что может привести к поломке всего подъемника. Для предотвращения аварийных ситуаций следует своевременно производить техническое обслуживание и ремонт подъемного устройства.</p> ','kakie-samye-vostrebovannye-zapchasti-na-pod-emnoe-oborudovanie'),(132,'','','',' <p><img src=\"http://omsk.doski.ru/i/20/13/201366.jpg\" style=\"width: 200px; float: right; margin: 4px 15px 10px 0;\" /></p> <p>Существуют некоторые рекомендации, которые необходимо соблюдать перед каждым запуском грузовых подъемных столов. Во-первых, необходимо убедиться, что подъемник, находясь в рабочем состоянии, не представляет для работников никакой опасности. Во-вторых, требуется визуально удостовериться, что нет никаких особых повреждений на работающей платформе, а именно рамы и всех ее механизмов. В-третьих, надо поверить состояние скользящих путей, они должны быть чистые, без посторонних предметов. И последнее, проверить наличие масла в гидросистеме и убедиться, что не произошла утечка.</p> <p>Также к основным рекомендациям можно отнести и работу связанную с блоком управления грузовых подъемных столов и платформ. Главным элементом блока управления считаются кнопки, которые отвечают за движение, обычную и аварийную остановку, а также кнопка для ручной экстренной остановки.</p> <p>Для более эффективной и продуктивной работы на складе рекомендуем <a href=\"podemnye-stoly\">купить гидравлический складной подъемник</a>. Такого типа подъемник, безусловно, будет отвечать всем характеристикам надежности и безопасности.</p> <p>Соблюдая все вышеперечисленные рекомендации, грузовое подъемное оборудование может прослужить длительный срок, несмотря на постоянную эксплуатацию. В случае выявления поломки следует обратиться за помощь к высококвалифицированным профессионалам, которые произведут качественное техническое обслуживание.</p> <p>&nbsp;</p>','2016-05-18','Рекомендации по эксплуатации подъемных столов для склада',1,'<p>Грузовые подъемные столы и платформы для склада имеют особенную конструкцию, работа с которой должна проводиться в соответствии со всеми правилами техники безопасности. Перед началом работ необходимо убедиться, что все настройки готовы к бесперебойной работе и гарантируют безопасность в ходе эксплуатации.</p> ','rekomendatsii-po-ekspluatatsii-pod-emnykh-stolov-dlya-sklada'),(133,'','','',' <p><img src=\"http://dic.academic.ru/pictures/wiki/files/77/Moving_sidewalk.jpg\" style=\"width: 200px; float: right; margin: 4px 15px 10px 0;\" /></p> <p>Траволатор – это особый подъемный механизм, который обеспечивает плавное перемещение пассажиров, и при этом не имеет степеней как эскалатор. Область применения данного подъемного оборудования достаточно широкая. Траволаторы чаще всего можно встретить на вокзалах или в аэропортах, а также в торгово-развлекательных и бизнес-центрах. Конструктивно траволатор бывает прямой или наклонной конфигурации. Перед проектированием разработчики и архитекторы, как правило, учитывают определенные факторы, а именно:</p> <p>1. Для начала необходимо определиться с целью, для какого здания проектируется траволатор, чтобы правильно рассчитать все нагрузки, которые будут в ходе эксплуатации.</p> <p>2. Подобрать правильные размеры будущего агрегата, чтобы не только было надежно и безопасно, но и был эстетически красивый внешний вид.</p> <p>3. Определиться с высотой траволатора, рассчитать все возможные варианты и подобрать оптимальный.</p> <p>4. Правильно определить его производительность, так как не всегда целесообразно устанавливать мощный траволатор в малолюдном месте.</p> <p>5. Подобрать качественные материалы для создания данного подъемного механизма.</p> <p>Соблюдая все правила, на стадии проектирования можно избежать будущих аварийных ситуаций. Правильно рассчитав все параметры (высоту, форму, угол наклона и материалы) можно с уверенностью говорить о безопасности и устойчивости всей конструкции. <a href=\"eskalatornoe-oborudovanie/travalatoryi\">Цены на траволаторы</a> зависят от комплектующих, производителя, а также сложности монтажа. Чтобы траволатор прослужил длительный срок необходимо своевременно производить техническое обслуживание или замену некоторых деталей.</p> <p>&nbsp;</p>','2016-05-30','Проектирование траволатора',1,'<p>На сегодняшний день большинство подъемного оборудования требуют много пространства для установки и обслуживания. Зачастую, при проектировании не всегда уместно монтировать лифтовое оборудование или эскалатор, так как расстояние между уровнями не достаточно большое. Для решения данной проблемы были разработаны <a href=\"eskalatornoe-oborudovanie/travalatoryi\">траволаторы</a>.</p> ','proektirovanie-travolatora'),(134,'','','',' <p>&nbsp;</p> <p><iframe src=\"//cdn.flipsnack.com/widget/flipsnackwidget.html?hash=fduf4nm9v&amp;bgcolor=EEEEEE&amp;t=1467772758\" width=\"640\" height=\"385\" seamless=\"seamless\" scrolling=\"no\" frameborder=\"0\" allowtransparency=\"true\" allowfullscreen=\"true\"></iframe></p>','2016-07-06','Создание доступной среды для инвалидов',1,'<p>Доступная среда и способы ее обеспечения.</p> ','sozdanie-dostupnoj-sredy-dlya-invalidov'),(135,'','','',' <p><img src=\"http://izmail-city.org/images/stories/3/650.jpg\" style=\"width: 200px; float: right; margin: 4px 15px 10px 0;\" /></p> <p>Данные лифты надежны и практически не поддаются поломкам. Единственный минус таких подъемников – это скорость. Поэтому гидравлические подъемники устанавливают в зданиях, насчитывающих до 5 этажей. Учитывая современные тенденции и технологии, чаще всего предпочитают устанавливать скоростные лифты с электроприводом. Этажность здания определяет необходимое количество лифтов и скорость их движения. Так, в течение 5 минут, подъемник может транспортировать около 6% жителей дома, а время прибытия должно быть не больше 1 минуты. Размер самой кабины зависит от грузоподъемности кабины лифта. Высота стандартная - 2,2 метра, а ширина двери (проема) равна 80 сантиметрам. Эти параметры рассчитывают обычно для 2 пассажиров. Заказчик может выбрать, как предлагаемый производителем тип и размер подъемника, так и исполненный по его запросам и предпочтениям лифт.</p> <p><a href=\"passazhirskie-podemniki\">Цены на пассажирские лифты</a> напрямую зависят от производителя, высоты подъема, материала для отделки пола, стен и потолка, типа и класса подъемников, размеров кабин и шахт, стилевого оформления, вида и количества дверей, скорости и услуг установки. В каждом отдельном случае, цена на подъемник будет отличаться.</p> <p>&nbsp;</p>','2016-06-06','Какие размеры лифта рекомендованы для жилого дома?',1,'<p>В жилых домах, размеры лифта регламентируются ГОСТом. По стандарту,<a href=\"passazhirskie-podemniki\"> пассажирские подъемники</a> имеют вместительность 5-7 человек, а их грузоподъемность 400-600 килограммов. Именно эти характеристики влияют на габариты кабины, двери, шахты и инженерного помещения для подъемника. Размеры, местоположение и количество подъемников в жилом доме определяют на стадии создания проекта совместно с архитекторами и инженерами. Если же речь идет о невысоком здании с небольшим количеством этажей, то будет целесообразна установка одного гидравлического лифта.</p> ','kakie-razmery-lifta-rekomendovany-dlya-zhilogo-doma'),(136,'','','',' <p><img src=\"http://s.uabuild.com/gallery/1067/1067/servicelift.jpg\" style=\"width: 200px; float: right; margin: 4px 15px 10px 0;\" /></p> <p>При выборе лифта необходимо учитывать его предназначение, подходящие размеры груза, который будет перевозиться, характер этого груза и способ погрузки. Так же нужно выбрать надежного поставщика, ознакомиться со спецификацией, посмотреть на готовые изделия, тщательно изучить информацию о безопасности понравившейся модели и не экономить на деталях, так же сразу же уточнить, кто будет обслуживать, и ремонтировать ваш лифт. Если техническую поддержку осуществляет сам производитель, лучше подстраховаться и уточнить все контактные данные, чтобы вы всегда могли выйти с ним на связь в случае неисправности. Поставщик должен предоставить сертификат на лифт, после чего можно будет составлять договор, в котором прописываются все нюансы, а именно цена, срок, гарантия, спецификация, реквизиты обеих сторон и др. Лучше оплачивать спецификацию/счет через кассу банка, чтобы иметь доказательства о ваших расходах.<a href=\"servisnye-lifty\"> Цены на сервисные лифты</a> зависят от используемых на изготовление материалов, параметров и предназначения.</p> <p>Рекомендуем не экономить на установке и при выборе лифтового оборудования, ведь сервисный лифт станет для вашего предприятия незаменимым помощников, а его низкое качество или частые поломки приведут к остановке рабочего процесса всей компании.</p> <p>&nbsp;</p>','2016-06-13','Важные советы по выбору малого грузового лифта',1,'<p>Малым грузовым лифтом называют подъемник, компактных размеров, который служит для перемещения грузов между этажами. Максимально допустимый вес для такого лифта – 250 килограммов, а срок службы составляет 25 лет.<a href=\"servisnye-lifty\"> Купить малый грузовой лифт</a> и установить его, равнозначно долгосрочному вложению в активы предприятия. Имея небольшой вес и габариты, он может быть установлен в любой части здания, при этом, такой лифт не нужно регистрировать в государственных органах по охране труда.</p> ','vazhnye-sovety-po-vyboru-malogo-gruzovogo-lifta'),(137,'','','',' <p><img src=\"http://edufuture.biz/uploads/Keyses/Lift/9.jpg\" style=\"width: 200px; float: right; margin: 4px 15px 10px 0;\" /></p> <p>Современное подъемное устройство должно соответствовать таким стандартам безопасности, как:</p> <ul> <li>ловитель экстренной остановки;</li> <li>скоростной ограничитель;</li> <li>ручное управление;</li> <li>защита от перепадов напряжения;</li> <li>аварийный блок питания;</li> <li>кнопка аварийного торможения.</li> </ul> <p><a href=\"liftovoe-oborudovanie\">Стоимость лифтового оборудования</a> является основной составляющей общей цены лифта. Монтаж подъемника представляет собой технологически сложный процесс и его можно доверить только квалифицированным специалистам. Ведь лифт, установленный в соответствии с нормами и правилами, гарантирует бесперебойную работу в течение всего срока службы. Уровень шума, скорость, плавности движения показатели исправной работы лифтового оборудования. Доверьте работу по проектированию и монтажу подъемника профессионалам, чтобы обеспечить безопасность и комфорт при его эксплуатации.</p> <p>&nbsp;</p>','2016-06-20','Устройство безопасности лифтового оборудования',1,'<p>Каждый из нас, хотя бы раз в день, пользуется электрическим лифтом. На сегодняшний день, это полезное и простое в эксплуатации изобретение, может обеспечить комфорт и удобство жителям и работникам высоток. Сейчас в каждом подъемнике устанавливается автоматический ловитель, благодаря которому, вы можете быть уверены в собственной безопасности и другое<a href=\"liftovoe-oborudovanie\"> лифтовое оборудование</a>. Принцип его работы прост. Когда подъемная лебедка натягивается под влиянием тяжести груза, шестеренки крутятся, не блокируя движение кабины. Когда происходит ослабление натяжения троса, пружины прочно соединяют зубцы реек и шестеренок, что способствует мгновенной остановке лифта. Если у вас есть необходимость купить лифт для частного дома или коттеджа, то будет целесообразным изучить предоставляемые гарантии на выбранное вами подъемное устройство.</p> ','ustrojstvo-bezopasnosti-liftovogo-oborudovaniya'),(138,'','','',' <p>&nbsp;Ролик призван показать, что не стоит сомневаться в своих силах и возможностях. Каждый герой говорит Yes, I can\" или \"Да, я могу\".&nbsp;</p> <p>&nbsp;</p> <p><iframe width=\"560\" height=\"315\" src=\"https://www.youtube.com/embed/IocLkk3aYlk?rel=0\" frameborder=\"0\" allowfullscreen=\"true\"></iframe></p> <h2>Список участников ролика:</h2> <p>Hannah Cockcroft – ParalympicsGB Wheelchair Racer 00:32 <br />Mel Nicholls – ParalympicsGB Wheelchair Racer 00:34<br />Joren Teeuwen - Netherlands Paralympics High Jumper 00:37 <br />Matt Stutzman – USParalympics Archer 00:49<br />ParalympicsGB Wheelchair Rugby Team 1:00 &amp; 2:24<br />Iaroslav Semenenko – Ukrainian Paralympic Swimmer – 1:26<br />Richard Whitehead – ParalympicsGB Athlete 1:27 &amp; 2:09<br />ParalympicsGB Women’s Wheelchair Basketball Team 1:32<br />Piers Gilliver and Dimitri Coutya - ParalympicsGB Fencers 1.35 &amp; 2:11<br />Ellie Simmonds – ParalympicsGB Swimmer 1:54<br />Libby Clegg – ParalympicsGB Sprinter 1:55<br />Sam Ruddock – ParalympicsGB Shot Put 1:56<br />Jody Cundy – Paralympics GB Cyclist 1:57<br />David Weir – ParalympicsGB Wheelchair Racer 1:57<br />Will Bayley and Kim Daybell – ParalympicsGB Table Tennis 2:07<br />Jessica Jane Applegate – ParalympicsGB Swimmer 2:10<br />Ali Jawad – ParalympicsGB Powerlifter 2:11<br />Natalie Blake – ParalmypicsGB Powerlifter 2:11<br />Micky Yule – ParalympicsGB Powerlifter 2:12<br />Chris Skelley and Jack Hodgson – ParalympicsGB Judokas 2.30</p>','2016-07-20','Мотивирующий ролик к паралимпиаде в Рио!',1,'<p>Супермотивирующий ролик, снятый для паралимпийских игр в Рио.</p> ','motiviruyushchij-rolik-k-paralimpiade-v-rio'),(139,'','','',' <p style=\"text-align: justify;\">&nbsp;</p> <p style=\"text-align: justify;\"><a href=\"joomplu:946 type=img\"><img src=\"http://platform-master.ru/index.php?option=com_joomgallery&amp;view=image&amp;format=raw&amp;id=946&amp;type=thumb\" class=\"jg_photo\" alt=\"joomplu:946\" width=\"296\" height=\"261\" style=\"margin-right: 10px; float: left;\" /></a> <span style=\"font-size: 12.16px; line-height: 15.808px;\">Формирование безбарьерной среды для безопасного и комфортного пребывания туристов с ограниченными возможностями в дестинации и проживания местных жителей с ограниченными физическими возможностями является приоритетной задачей стран, включенных в мировое туристическое пространство.&nbsp;</span>Главное условие безбарьерной среды – универсальный дизайн, распространенный на всю инфраструктуру сообщества (дороги, транспорт, здания, средства размещения и др.). Доступный туризм предпологает создание условий для безбарьерных путешествий людей с инвалидностью, пожилых, людей больших размеров, семей с маленькими детьми.<br />Ключевые слова: безбарьерная среда, безбарьерный туризм, доступный туризм, доступность, универсальный дизайн, люди с ограниченными возможностями, дестинация.<br />Инвалидность и старение населения являются в последнее время темами исследований в контексте изучения современного состояния и развития туризма. Эти характеристики населения оказывают прямое воздействие на спрос и предложение на туристском рынке. Анализ работ последних лет показывает, что безбарьерная среда и доступный туризм – это растущая область туристских исследований и туристской практики.<br />Проблема создания безбарьерной среды касается сегодня стран и регионов. По данным ВОЗ (2011 г), в мире насчитывается около 1 млрд инвалидов, имеющих физические или умственные ограничения. Это около 15% населения мира.<a href=\"joomplu:947 type=img\"><img src=\"http://platform-master.ru/index.php?option=com_joomgallery&amp;view=image&amp;format=raw&amp;id=947&amp;type=thumb\" class=\"jg_photo\" alt=\"joomplu:947\" width=\"250\" height=\"187\" style=\"margin-left: 10px; float: right;\" /></a><br />ВОЗ выпустила в 2007 году программный документ под названием «Global Age-friendly Cities: A Global Guide» (Глобальные города для пожилых людей: глобальное руководство»). Этот документ содержит рекомендации для планировщиков городов всего мира с позиции создания безбарьерной среды для пожилых людей. Сегодня ВОЗ создала целую глобальную сеть городов и сообществ с благоприятными условиями для пожилых людей (GNAFCC). Глобальная сеть была создана с целью содействия обмену опытом и знаниями между городами и сообществами во всем мире. К Сети может присоединиться любой город и любое сообщество, приверженное идее создания безбарьерной среды для пожилых людей в самом разном культурном и социально-экономическом контексте.<br />Всех членов Сети объединяет общее желание и решимость создать физическую и социальную городскую окружающую среду, способствующую здоровому и активному образу и качеству жизни пожилых людей и инвалидов.</p> <p style=\"text-align: justify;\"><br /><a href=\"joomplu:948 type=img\"><img src=\"http://platform-master.ru/index.php?option=com_joomgallery&amp;view=image&amp;format=raw&amp;id=948&amp;type=thumb\" class=\"jg_photo\" alt=\"joomplu:948\" width=\"281\" height=\"195\" style=\"margin-right: 10px; float: left;\" /></a>Еще один важный документ, способствующий развитию безбарьерной среды в городах мира, - это документ ООН «Цели развития тысячелетия» - это восемь международных целей развития, которые 193 государства-члена ООН и по меньшей мере 23 международные организации договорились достичь к 2015 году. В данном документе отмечается, что ни один город в мире не может быть спланирован без включения элементов доступности: доступность образования, жилья, досуга, технологий и доступность окружающей среды. Туристические мотивации, стремление к разному туристскому и культурному опыту, а так же разный уровень требований к их (туристов) поддержке во время путешествия со стороны туриндустрии. ЮНВТО приняла резолюцию «Создание возможностей для туризма людям с ограниченными возможностями в девяностые годы» еще в 1991г. На базе данной Резолюции был разработан документ «Туризм, доступный для всех», принятый ГА ЮНВТО в 2005 г.в Дакаре (Сенегал). В Декларации говорится о том, что государства-члены должны сделать свои туристические объекты и учреждения доступными для людей с ограниченными физическими возможностями.</p> <p style=\"text-align: justify;\"><br /><a href=\"joomplu:949 type=img\"><img src=\"http://platform-master.ru/index.php?option=com_joomgallery&amp;view=image&amp;format=raw&amp;id=949&amp;type=thumb\" class=\"jg_photo\" alt=\"joomplu:949\" width=\"119\" height=\"80\" style=\"margin-left: 10px; float: right;\" /></a>Доступность туризма означает универсальную возможность людей путешествовать и пользоваться услугами туриндустрии без каких-либо ограничений. Доступный (accessible) туризм также называют безбарьерным (barrier-free), подразумевающим наличие (или создание) безбарьерной среды как для туристов, так и для местных жителей территории.<br />Доступный туризм — это не только отдых, но и возможность реабилитации для людей с инвалидностью.<br />Здания и сооружения, средства транспорта и транспортной инфраструктуры (аэропорты, вокзалы), размещения (гостиницы) и достопримечательности (музеи, галереи, театры) должны быть доступными для людей независимо от возраста, физического состояния и возможностей (пандусы, инвалидные подъемники, широкие дверные проемы, лифты для инвалидов), пиктограммы и др.</p> <p style=\"text-align: justify;\"><br /><a href=\"joomplu:950 type=img\"><img src=\"http://platform-master.ru/index.php?option=com_joomgallery&amp;view=image&amp;format=raw&amp;id=950&amp;type=thumb\" class=\"jg_photo\" alt=\"joomplu:950\" width=\"241\" height=\"200\" style=\"margin-right: 10px;\" /></a>&nbsp;&nbsp;&nbsp; &nbsp;&nbsp;&nbsp;<a href=\"joomplu:951 type=img\"><img src=\"http://platform-master.ru/index.php?option=com_joomgallery&amp;view=image&amp;format=raw&amp;id=951&amp;type=thumb\" class=\"jg_photo\" alt=\"joomplu:951\" width=\"267\" height=\"200\" /></a>&nbsp; &nbsp; &nbsp; &nbsp;&nbsp;<a href=\"joomplu:952 type=img\"><img src=\"http://platform-master.ru/index.php?option=com_joomgallery&amp;view=image&amp;format=raw&amp;id=952&amp;type=thumb\" class=\"jg_photo\" alt=\"joomplu:952\" width=\"273\" height=\"205\" /></a></p> <p style=\"text-align: justify;\">Создание безбарьерной среды, с точки зрения объектов для туризма, касается прежде всего больших городов и мегаполисов. Италия – одна из стран-лидеров по созданию безбарьерной среды. Миланский аэропорт одним из первых создал инфраструктуру для пассажиров с ограниченными возможностями. Улицы, музеи, магазины, транспорт, университеты отвечают требованиям универсальной доступности. Миланский университет Бикокка, в котором обучаются 30 тыс.студентов, сам является моделью безбарьерной среды.</p> <p style=\"text-align: justify;\">Наше решение для обеспечения доступности любого объекта -<strong> мобильный подъемник для инвалидов Q-lif</strong>t российского производства.</p> <p><a href=\"podemniki-dlya-invalidov/mobilnaya-platforma-dlya-zheleznyih-dorog-i-transporta\" target=\"_blank\"><img src=\"images/Q-lift.png\" width=\"465\" height=\"354\" alt=\"Q-lift\" style=\"display: block; margin-left: auto; margin-right: auto;\" /></a></p>','2016-07-27','Проблемы формирования безбарьерной среды для развития доступного туризма.',1,'<p>Формирование безбарьерной среды для безопасного и комфортного пребывания туристов с ограниченными возможностями в дестинации и проживания местных жителей с ограниченными физическими возможностями является приоритетной задачей стран, включенных в мировое туристическое пространство.</p> ','problemy-formirovaniya-bezbarernoj-sredy-dlya-razvitiya-dostupnogo-turizma'),(140,'','','',' <p><span style=\"font-size: 12.16px; line-height: 15.808px;\"><img src=\"images/ДР_КМ.png\" width=\"344\" height=\"399\" alt=\"ДР КМ\" style=\"display: block; margin-right: 10px; margin-bottom: 10px; float: left;\" /></span></p> <p style=\"font-size: 12.16px; line-height: 15.808px;\"><strong>&nbsp;</strong></p> <p style=\"font-size: 12.16px; line-height: 15.808px; text-align: center;\"><span style=\"color: #ff0000;\"><strong>Нам 10 лет!&nbsp;</strong></span></p> <p style=\"font-size: 12.16px; line-height: 15.808px;\"><strong>В честь нашего дня рождения, мы предлагаем целый месяц мобильный гусеничный подъемник для инвалидов Roby T09 Vimeс по специальной цене.*</strong></p> <p style=\"font-size: 12.16px; line-height: 15.808px;\"><strong>&nbsp;</strong></p> <p style=\"font-size: 12.16px; line-height: 15.808px;\"><strong>Предложение ограничено по количеству и сроку действия. </strong></p> <p style=\"font-size: 12.16px; line-height: 15.808px;\"><strong>Оставляйте Ваши заявки на сайте, заполнив специальную форму.</strong></p> <p style=\"font-size: 12.16px; line-height: 15.808px;\"><strong>&nbsp;</strong></p> <p style=\"font-size: 12.16px; line-height: 15.808px;\"><strong>Так же действуют скидки на мобильный подъемник Роби Т09 РРР (с возможностью перемещения колясок с увеличенными колесами).</strong></p> <p style=\"font-size: 12.16px; line-height: 15.808px;\"><strong>&nbsp;</strong></p> <p style=\"font-size: 12.16px; line-height: 15.808px;\"><span style=\"color: #000000;\"><em>*Акция действительна&nbsp;<span style=\"font-size: 12.16px; line-height: 15.808px;\">с 09.08.2016 по 09.09.2016&nbsp;</span></em></span></p> <p style=\"font-size: 12.16px; line-height: 15.808px;\"><span style=\"color: #000000;\"><em><span style=\"font-size: 12.16px; line-height: 15.808px;\">При покупке от 5 штук предоставляется дополнительная скидка.</span></em></span></p> <p style=\"font-size: 12.16px; line-height: 15.808px;\"><span style=\"color: #000000;\"><em><strong><span style=\"font-size: 12.16px; line-height: 15.808px;\">&nbsp;</span></strong></em></span></p> <p style=\"font-size: 12.16px; line-height: 15.808px;\"><span style=\"color: #000000;\"><em><strong><span style=\"font-size: 12.16px; line-height: 15.808px;\">&nbsp;</span></strong></em></span></p> <p><span style=\"color: #000000;\">&nbsp;</span></p> <p>&nbsp;</p>','2016-08-08','Юбилейная акция на Roby T09',1,'<p><span style=\"font-size: 12.16px; line-height: 15.808px;\">Специальное ценовое &nbsp;предложение&nbsp;<span style=\"font-size: 12.16px; line-height: 15.808px;\">на мобильный гусеничный подъемник Роби Т09 Стандарт.</span></span></p> ','yubilejnaya-aktsiya-k-dnyu-rozhdeniya-kreativ-master'),(141,'','','',' <p style=\"text-align: justify;\">Итак, если в вашем подъезде установлен пандус с очень крутым углом наклона, либо же доступность не обеспечена вообще никак, вам следует:</p> <p style=\"text-align: justify;\">1) Написать заявление о необходимости установки инвалидного подъемника в органы соцзащиты.</p> <p style=\"text-align: justify;\">2) Встретиться с сотрудниками соцзащиты и показать объект на месте.&nbsp;</p> <p style=\"text-align: justify;\">3) Все последующие нюасны, которые могут возникнуть, вам расскажут сотрудники соцслужбы.</p> <p style=\"text-align: justify;\">Если вам по каким-то причинам отказывают в установке инвалидного подъемника, не нужно опускать руки. Обязательно защищайте свои права и добивайтесь положенного по закону и гарантированного средства обеспечения доступности архитектурной среды.</p> <p style=\"text-align: justify;\">4) После того как вы получили одобрение на установку подъемника, вы можете обратиться к нам и мы предоставим все технические данные, и возможности, которые применимы на вашей лестнице.</p> <p style=\"text-align: justify;\"><span style=\"font-size: 12.16px; line-height: 15.808px;\">{jcomments on}</span></p>','2016-08-22','Куда обратиться инвалиду для установки инвалидного подъемника?',1,'<p style=\"text-align: justify;\">Вопрос как установить подъемник для инвалидов в подъезде довольно популярен. Стоит такое оборудование немалых для инвалида-колясочника денег, и помощь государства просто необходима.</p> ','kuda-obratitsya-invalidu-dlya-ustanovki-invalidnogo-pod-emnika'),(142,'','','',' <p style=\"text-align: justify;\">Все это наиболее частые вопросы, которые наши менеджеры слышат в первую секунду телефонного разговора. Мы понимаем, что тема лифтов и подъемников мало знакома людям, не работающим в этой сфере, и тем более трудно понятно как эта цена складывается.&nbsp;</p> <p style=\"text-align: justify;\"><img src=\"images/Call_back.jpg\" width=\"200\" height=\"133\" alt=\"Call back\" style=\"margin-right: 10px; margin-bottom: 10px; float: left;\" /></p> <p style=\"text-align: justify;\">Почему на нашем сайте нет цен? Это же так удобно, когда можно сразу увидеть стоимость лифта или инвалидного подъемника, любого другого оборудования, и сразу же понять - укладываетесь вы в бюджет или нет. Несомненно, в этом есть большое преимущество.</p> <p style=\"text-align: justify;\">Но есть и огромный минус. Потому что цена оборудования складывается из многих параметров,и основные из них - высота подъема и габариты. При покупке лифта это еще и отделка (панорамная или глухая шахта, внутренняя отделка). И если мы изначалано можем озвучить одну стоимость, а при детальной работе над проектом, после просчета по чертежам и данным вашей лестницы, стоимость итоговая может существенно измениться!</p> <p style=\"text-align: justify;\">Именно по причине того, что нам хочется быть точными и не вводить в заблуждение вас, мы не пишем сколько стоит инвалидный подъемник или лифт.</p> <p style=\"text-align: justify;\">Пожалуйста, для получения коммерческого предложения, полностью соответствующего вашему проекту и вашим задачам, консультируйтесь с менеджерами, позвонив по телефону или отправив ваш запрос нам на электронную почту. Мы будем рады помочь вам!</p> <p style=\"text-align: justify;\"><span style=\"font-size: 12.16px; line-height: 15.808px; text-align: justify;\">{jcomments on}</span></p>','2016-08-26','Сколько стоит подъемник для инвалидов?',1,'<p style=\"text-align: justify;\">\"Сколько стоит подъемник для инвалидов?\", \"Сколько стоит лифт?\"</p> ','skolko-stoit-pod-emnik-dlya-invalidov'),(143,'','','',' <p style=\"text-align: justify;\"><a href=\"joomplu:955 type=img\"><img src=\"http://platform-master.ru/index.php?option=com_joomgallery&amp;view=image&amp;format=raw&amp;id=955&amp;type=thumb\" class=\"jg_photo\" alt=\"joomplu:955\" width=\"250\" height=\"187\" style=\"margin-right: 10px; margin-bottom: 10px; float: left;\" /></a>В обычной жизни подъем на 2-й этаж по этой лестнице представлял сложность для пожилых и не совсем здоровых людей. Поэтому Николай II озаботился оснащением дворца подъемным оборудованием – лифтами.<br />В 17 веке в Петергофе, в павильонах Эрмитажа, Марли и Царскосельском были смонтированы первые подъемные столы. Они сервировались прислугой на 1-м этаже и по команде царской семьи поднимались на 2-й этаж.</p> <p style=\"text-align: justify;\"><br />В 1793 году механик И.П. Кулибин спроектировал и установил первый подъемник –лифт для Екатерины II в Зимнем дворце. Всем известно, что Екатерина страдала болями в ногах.<br />Вторая половина 1820-х подарила Зимнему дворцу новый лифт (подъемник), установленный рядом с лестницей в центре северо-западного ризалиты. Подъемник связал между собой все 3 этажа Зимнего дворца. Подъемник работал и помогал обитателям в подъеме по лестнице до пожара 1837 года. Шахта лифта проходила на 1 этаже, мимо покоев императрицы Александры Федоровны на втором и заканчивалась на 3 этаже в кабинете императора Николая I. Дверь шахты лифта в кабине была сделана в виде обычного шкафа. В ту пору это было распространенное архитектурное и дизайнерское решение. Чтобы не вызывать диссонанс с классическим интерьером, все новинки убирались в шкаф.</p> <p style=\"text-align: justify;\"><br /><a href=\"joomplu:956 type=img\"><img src=\"http://platform-master.ru/index.php?option=com_joomgallery&amp;view=image&amp;format=raw&amp;id=956&amp;type=thumb\" class=\"jg_photo\" alt=\"joomplu:956\" width=\"250\" height=\"349\" style=\"margin-right: 10px; margin-bottom: 10px; float: left;\" /></a>Так же в шкафу находилась ванная императора и другие интересные технические новинки. <br />Механизм императорского лифта был изготовлен на Колпинском заводе. Он приводился в действие вручную и специально к нему приставленными рабочими (лифтерами).</p> <p style=\"text-align: justify;\"><br />После пожара во дворце установили новый лифт, разработанный уже другим человеком – инженером-полковником Фуллоном А.А. В лифте Фуллона подъемный винт крепился снизу к открытой платформе, конструкция работала по принципу поршня. Кабина была выполнена из красного дерева с медной решеткой, дверью и поручнями. Для удобства царской семьи в кабине лифта находилось кресло из красного дерева, обитое красным сафьяном. Для работы лифта его так же надо было приводить в действие рабочим. Новый лифт связывал уже только два этажа в доме. Предназначался этот лифт в основном для императрицы и других женщин.</p> <p style=\"text-align: justify;\"><br />К 1853 году лифты были установлены уже в трех помещениях Зимнего дворца. В Гатчинском дворце первый лифт появился в 1854 году.</p> <p style=\"text-align: justify;\"><br />Даже в ту пору во дворце своевременно проводили техническое сервисное обслуживание лифтов, регулярно заменяя изношенные запчасти. В 1860 г произвели замену лифта в подъезде министра Императорского двора. В 1861 произошла массовая установка лифтов во всех подъездах дворца.</p> <p style=\"text-align: justify;\"><br />За лифтами внимательно следили и своевременно ремонтировали. В 1861 году механику «за ремонт и управление четырех подъемных машин» платили жалованье в 700 рублей.</p> <p style=\"text-align: justify;\"><br />Ручная схема устройства движения лифтов действовала на протяжении 60 лет, вплоть до середины 1880-х. В документах упоминается, что в ходе работ установлены две «подъемные машины, приводимые в движение рабочими». Для обслуживания лифта «в комнате Ее Величества» работало 6 человек в три смены, в «подъезде Ее Величества» - 4 человека в две смены и в «подъезде министра Императорского двора» - 4 человека, также в две смены.</p> <p style=\"text-align: justify;\"><br /><a href=\"joomplu:958 type=img\"><img src=\"http://platform-master.ru/index.php?option=com_joomgallery&amp;view=image&amp;format=raw&amp;id=958&amp;type=thumb\" class=\"jg_photo\" alt=\"joomplu:958\" width=\"149\" height=\"204\" style=\"float: left;\" /></a>Единственный лифт с подобной схемой подъема сохранился до наших дней в Фермерском дворце в Александровском парке Петергофа. Плетеная подъемная кабина, прикрепленная к «винту подъемной машины» и приводимая в движение рабочим, плавно поднимала императора на второй этаж дворца. В настоящее время в Петергофе ведутся реставрационные работы по восстановлению механических столов-лифтов в павильоне Марли.&nbsp;</p> <p style=\"text-align: justify;\">&nbsp;</p> <p style=\"text-align: justify;\">Наряду с вместительными «подъемными машинами» использовались и более компактные «подъемные стулья», приводимые в действие уже гидроприводом. Для этого механизма в 1862 г специально проложили особый водопровод – «для подъемного стула Государя императора». При подъеме в них требовалась известная осторожность, поскольку «подъемный стул» не был защищен от направляющих, по которым он поднимался. Поэтому можно было наблюдать, как «люлька» поднимала вверх своих пассажиров. Одна из воспитанниц Смольного института, вспоминая свой визит в Зимний дворец, оставила описание такого «вознесения»: «Великие княжны предупредительно посадили ее в кресло императрицы, поднимающееся посредством машины на самый верх. Наследник стал позади нее.</p> <p style=\"text-align: justify;\"><br />«Бабушка» казалась восходящею на небеса, а наследник был как бы ее ангелом-хранителем. Мы бежали по лестнице, и я старалась идти наравне с «восходящими», – нам так весело было на них смотреть».</p> <p style=\"text-align: justify;\"><br />Иногда такая «открытая» конструкция становилась причиной несчастных случаев. В феврале 1904г в Зимнем дворце подъемною машиною был задавлен до смерти «несчастный машинист по собственной неосторожности!».</p> <p style=\"text-align: justify;\"><br />Случались и тригикокомические эпизоды. Когда в феврале 1880 г. народоволец Степан Халтурин взорвал фугас в подвале Зимнего дворца, то комендант дворца генерал-майор Дельсаль застрял в лифте, поскольку во время паники, вызванной взрывом, одного служителя, который его поднимал, контузило, а другой с испугу убежал.</p> <p style=\"text-align: justify;\">Несчастные случаи, связанные с лифтами, затрагивали даже царственных персон. 13 апреля 1895 г. вдовствующая императрица Мария Федоровна, поднимаясь «на машине» в Аничковом дворце, попала каблуком в зазор стены и порвала связки сустава. Нога немедленно отекла. Врачи прописали императрице постельный режим и массаж ступни и подъема ноги.</p> <p style=\"text-align: justify;\"><br />В середине 1880-х гг. «подъемные машины» на ручном приводе начали заменяться на лифты, оснащенные гидравлическим приводом. Весной 1886 г. такую машину установили «на лестнице Его Величества». В скупом описании конструкции указывалось, что «верхняя часть цилиндра машины укреплена на паре железных рельс». В «подъезде Ее Величества» цилиндр машины углубили в грунт и «перестановки его не было делано за последние 20 лет… для более правильного движения люльки и переделан пол люльки из деревянного в металлический»105. Внутри подъемной люльки установили откидную скамейку красного дерева, на бронзовых петлях и кронштейнах. Двери подъемной машины изготовили из двух позолоченных бронзовых решеток. Изнутри люлька подъемной машины была затянута чехлом из небеленого холста. Снаружи рама люльки покрывал чехол из клеенки.</p> <p style=\"text-align: justify;\"><br />В конце XIX в. лифты стали привычной частью повседневного быта не только обитателей дворцов, но и зажиточной буржуазии Петербурга.<br />В 1904 г. тягу лифтов на гидравлическом приводе в подъездах императрицы и Малого Эрмитажа пытались увеличить за счет устройства добавочной напорной трубы к водяному баку подъемной машины в «подъезде Ее Величества». Но работы в связи с войной перенесли на 1905 г.</p> <p style=\"text-align: justify;\"><br />Во время коронации Николая II в Москве в мае 1896 г. фирма Сан-Галли занималась установкой лифта в Большом Кремлевском дворце. В качестве привода подъемника использовался электромотор. Работы в соответствии с контрактом выполнялись с 8 февраля по 15 апреля 1896 г. и обошлись казне в 4840 руб.</p> <p style=\"text-align: justify;\"><br />После Русско-японской войны и первой русской революции 1905–1907 гг. началось постепенно обновление лифтового хозяйства Зимнего дворца. Гидравлические лифты начали заменять лифтами на электрической тяге от аккумуляторных батарей. В 1913 г. по проекту инженера А. Штиглера (техническая контора инженера Р.Э. Эриксона) на Советском подъезде Эрмитажа сооружен лифт с электроподъемной машиной, установленной на чердаке дворца. Лифтовая шахта проходила через три этажа, высота подъема составляла 16 м.</p> <p style=\"text-align: justify;\"><br />Пожалуй, самым большим технологическим прорывом в уровне комфорта императорских резиденций стало строительство Ливадийского дворца в Крыму. Новый дворец в Ливадии заложили 23 апреля 1910 г., а закончил его строительство 14 сентября 1911 г. архитектор Н.П. Краснов. Дворец построили с невероятной скоростью за полтора года. При этом архитектору предоставили полную самостоятельность в ведении хозяйственной деятельности. Десятки столичных фирм работали по заказам архитектора. Если говорить только о технических приспособлениях, то они оказались беспрецедентны даже для уровня императорских резиденций. Сделали подводку не только горячей и холодной воды, но и морской. Во дворце устроили несколько лифтов: кроме обычных внутридомовых лифтов, в кухонном корпусе дворца оборудовали три лифта. Лифт-транспортер для подачи блюд в саму резиденцию, лифты для дров и для угля. Ежегодно выделялись значительные ассигнования на освещение (23 135 руб.), на выделку льда (5250 руб.), на отопление (38 374 руб.).<br />Когда в 1905 г. Николай II переехал из Зимнего дворца в Александровский дворец Царского Села на постоянное жительство, там уже установили один лифт. Поскольку у императрицы Александры Федоровны были больные ноги, то для нее еще в ходе ремонта Александровского дворца в 1895–1896 гг. на Собственной половине был сооружен гидравлический лифт, который связывал апартаменты императорской четы на первом этаже с комнатами дочерей на втором этаже. После окончательного переезда в 1905 г. императорской семьи во дворец на Свитской половине сделали электрический лифт. Оба лифта связывали только первый и второй этажи дворца. Лифты во дворце, как и все электричество и воду, отключили 13 марта 1917 г.</p> <p><span style=\"color: #000000; font-family: tahoma, arial, verdana, sans-serif, \'Lucida Sans\'; font-size: 15px; line-height: 16.5px;\">&nbsp;</span></p>','2016-08-30','Лифты в Зимнем дворце.',1,'<p>&nbsp;</p> <p style=\"text-align: justify;\"><br />Большая значимость в Зимнем дворце придавалась красоте убранства и удобства предметов повседневного обихода. Иорданская (Посольская) парадная лестница была спутницей великолепных торжеств и дворцовых приемов.</p> ','lifty-v-zimnem-dvortse'),(144,'','','',' <h4 style=\"text-align: center;\">Основные преимущества замены лифтов:</h4> <p><img style=\"margin-right: 10px; margin-bottom: 10px; float: left;\" src=\"images/Сервисное_техническое_обслуживание_лифтов.jpg\" alt=\"Сервисное техническое обслуживание лифтов\" width=\"300\" height=\"200\" />1) Это экономически выгодно.</p> <p>Новое оборудование долгое время проработает без поломок, отказов и сбоев.<br /> Старое и постоянно ломающееся оборудование в ежегодном обслуживании способно нанести существенный урон вашему бюджету. В стоимость обслуживания добавьте постоянную покупку и замену запасных частей, работу лифтера, аварийную службу, сервисное обслуживание.</p> <p>2) Статус здания. <br />Лифты – это своего рода, визитная карточка здания. Чем лучше оборудование, тем выше статус вашего торгового центра, офисного или любого другого здания. Ничто так не портит общего впечатления, как старый, изношенный, постоянно ломающийся лифт.</p> <p>3) Безопасность</p> <p>Даже при условии проведения регулярного ТО лифтов, по прошествии срока службы лифта, рекомендованного производителем, невозможно на 100% гарантировать безопасность пользования лифтов для пассажиров.</p> <p>4) Экологическая ответственность.<br />Современные лифты отличаются использованием экологически безопасных материалов и технологий, подтвержденных сертификатами соответствия.</p> <p><br /><strong>Вывод – замена лифтов является наиболее оптимальной и выгодной альтернативой ежедневному техническому обслуживанию лифтов. Если у вас остались вопросы, мы обязательно ответим на них!</strong></p>','2016-09-02','Преимущества замены лифтового оборудования. Менять или не менять?',1,'<p>Лифты, как и любой другой механизм, с течением времени стареет и выходит из строя. Даже выполняя своевременное и качественное техническое обслуживание лифтов, оборудование имеет срок службы, гарантированный заводом, после которого, как правило, необходимо заменить оборудование.</p> ','preimushchestva-zameny-liftovogo-oborudovaniya-menyat-ili-ne-menyat'),(145,'','','',' <p><a href=\"joomplu:961 type=img\"><img src=\"http://platform-master.ru/index.php?option=com_joomgallery&amp;view=image&amp;format=raw&amp;id=961&amp;type=thumb\" class=\"jg_photo\" alt=\"joomplu:961\" style=\"margin-right: 10px; margin-bottom: 10px; float: left;\" width=\"375\" height=\"500\" /></a>Лифты обладают меньшей пропускной способностью, ограничиваясь размерами кабины и грузоподъемностью. На ступенях эскалатора способно разместиться гораздо большее количество людей, а с учетом непрерывности работы оборудования, пассажиропоток движется без остановок.</p> <p style=\"text-align: justify;\">Эскалаторы в торговом центре не являются альтернативой лифта. Это два вида оборудования, которые должны функционировать параллельно.&nbsp; Лифты помогут в подъеме мамам с колясками, инвалидам-колясочникам, пассажирам с детьми.</p> <p style=\"text-align: justify;\"><strong>На что обратить внимание при выборе эскалатора?</strong></p> <p style=\"text-align: justify;\">Угол наклона эскалатора к горизонту должен составлять 30 градусов. Ширина ступени эскалатора должна составлять не менее 0,6м., а этажная площадка не менее 400 мм. Скорость движения ступеней&nbsp; должна быть 0,72, 0,94 и 1 м/с.</p> <p style=\"text-align: justify;\">В начальный момент движения ускорение не должно превышать 0,6 м/с, в процессе пуска — 0,75 м/с. Скорость торможения при спуске не более 0,6 м/с и не более 1 м/с при подъёме. При аварийном торможении скорость замедления не должна превышать 2 м/с. При максимальной скорости движения эскалатора в 0,9 м/с, шаге ступени в 4 м и 2 пассажирах на одной ступени, а также учитывая неравномерность заполнения ступеней, эскалатор может перевозить 8100 пассажиров в час.</p> <p style=\"text-align: justify;\">Поэтажные эскалаторы имеют высоту подъема от 5 до 7 м, ширину ступеней от 500 до 750 мм и скоростью от 0,4 до 0,5 м/с.</p> <p style=\"text-align: justify;\">Звоните и задавайте ваши вопросы. Мы обязательно поможем вам с выбором лучшей модели и производителя, исходя из особенностей вашего проекта.</p> <p style=\"text-align: justify;\">Установка эскалатора гарантирует увеличение пропускной способности и покупательской активности на 30%. Это действительно выгодное вложение!</p>','2016-09-12','Выбор эскалатора в торговый центр',1,'<p style=\"text-align: justify;\">Эскалаторы являются просто незаменимым &nbsp;оборудованием в торговом центре.</p> ','vybor-eskalatora-v-torgovyj-tsentr'),(146,'','','',' <h3><a href=\"joomplu:971 type=img\"><img src=\"http://platform-master.ru/index.php?option=com_joomgallery&amp;view=image&amp;format=raw&amp;id=971&amp;type=thumb\" class=\"jg_photo\" alt=\"joomplu:971\" width=\"150\" height=\"146\" style=\"margin-right: 10px; margin-bottom: 10px; float: left;\" /></a>Как выбрать промышленный подъемник, который подойдет для вашего предприятия?</h3> <p>Прежде всего, необходимо определиться с типом оборудования – мачтовый или шахтный подъемник вам необходим.</p> <p><a href=\"machtovye-podemniki\">Мачтовый подъемник</a> имеет достаточную грузоподъемность (в среднем 2 тонны), и стоит несколько дешевле, в сравнении с шахтным подъемником или полноценным грузовым лифтом. У мачтовых подъемников как правило высокая скорость движения, что значительно сокращает затраты времени на подъем грузов).</p> <p><br />Шахтный подъемник обладает увеличенной грузоподъемностью (5 и более тонн*). Выдерживает максимальную нагрузку и устанавливается в металлической каркасной шахте. Используется для подъема крупногабаритных грузов.</p> <h3>Сколько подъемников устанавливать и как разместить?</h3> <p><br />Количество и мощность устанавливаемых грузовых подъемников зависит от ваших производственных мощностей и потребностей. Иногда лучше установить 2-3 подъемника с небольшой грузоподъемностью в разных помещениях склада. Это будет удобно, если в разные цеха требуется поднимать груз, или разгружать в несколько рук одновременно.<br />Если все грузы большие, но их не так много, то будет достаточно одного подъемника с увеличенной грузоподъемностью.<br />Безопасно ли использование мачтовых и шахтных подъемников?<br />Каждый грузовой подъемник проходит обязательные испытания на производстве и полностью отвечает всем требованиям безопасности. Производитель подъемников производит добровольную и обязательную сертификацию продукции, и такие сертификаты выдаются только в том случае, если подъемники полностью безопасны.<br />Грузовые и промышленные подъемники отлично переносят низкую и высокую температуру, обладают высокой устойчивостью к внешним факторам воздействия. По запросу каждый подъемник может быть дополнительно укомплектован дополнительными элементами, защитой грузов.</p> <h3><br />Нужен ли на производстве подъемник и зачем?</h3> <p><br />Автоматизация производственных процессов значительно экономит силы людей, а также снижает потребность в увеличении количества рабочих мест. Изначально может казаться, что приобретение промышленного грузового подъемника — это затратное мероприятие, которое окупится очень нескоро. Но это только на первый взгляд. <br />Окупаемость подъемника очень высока. Уже в первую неделю после установки и запуска грузовой мачтовой или шахтной платформы вы сможете разгрузить рабочий персонал на значительно более важные процессы и оптимизировать процессы как минимум в 2 раза.</p> <p><br />Более подробную консультацию вы можете получить у менеджеров, позвонив по телефону 8 800 333-70-76, 8 499 647-41-40.</p>','2016-10-04','Как выбрать промышленный грузовой подъемник на склад?',1,'<p>Если вам необходимо оптимизировать работу, время и трудозатраты на производственном предприятии, то промышленные мачтовые подъемники — это как раз то, что вам нужно для погрузочно-разгрузочных работ. Скорость работы по вертикальному перемещению грузов увеличивается как минимум вдвое.</p> ','kak-vybrat-promyshlennyj-gruzovoj-pod-emnik-na-sklad'),(147,'','','',' <p style=\"text-align: justify;\"><br /><a href=\"joomplu:972 type=img\"><img src=\"http://platform-master.ru/index.php?option=com_joomgallery&amp;view=image&amp;format=raw&amp;id=972&amp;type=thumb\" class=\"jg_photo\" alt=\"joomplu:972\" width=\"141\" height=\"189\" style=\"margin-right: 10px; margin-bottom: 10px; float: left;\" /></a>Подъёмник прост в эксплуатации. Управлять им может либо сам пассажир - с помощью специальной панели, либо сотрудник администрации - при помощи пульта дистанционного управления. Максимальный вес, на который он рассчитан — 250 кг. <br />«Оборудование итальянское, предполагаемый срок службы составляет 15 лет» - рассказал Николай Палагутин, представитель ООО \"КРЕАТИВ-МАСТЕР\". <br />Первым протестировал устройство Александр Казаков - член Общественный палаты городского округа, инструктор по адаптивному спорту в СК «ОРИОН». <br />«Подъёмник достойный, сделан очень хорошо. Для маломобильных групп населения это большой плюс, они всегда могут попасть на приём и ни от кого не зависеть. Общественной палатой проводятся постоянные мониторинги на предмет обеспечения доступной среды в нашем городе. Мы видим, что ситуация в последнее время улучшается», - сказал Александр Казаков. <br />В следующем году подобные подъёмники появятся и в других зданиях администрации, которые подлежат косметическому ремонту, а также в МФЦ.</p> <p style=\"text-align: justify;\"><a href=\"joomplu:973 type=img\"><img src=\"http://platform-master.ru/index.php?option=com_joomgallery&amp;view=image&amp;format=raw&amp;id=973&amp;type=thumb\" class=\"jg_photo\" alt=\"joomplu:973\" width=\"249\" height=\"333\" /></a>&nbsp; &nbsp; &nbsp;&nbsp;<a href=\"joomplu:974 type=img\"><img src=\"http://platform-master.ru/index.php?option=com_joomgallery&amp;view=image&amp;format=raw&amp;id=974&amp;type=thumb\" class=\"jg_photo\" alt=\"joomplu:974\" width=\"443\" height=\"332\" /></a></p>','2016-11-07','Инвалидный подъемник в Администрации г.Балашиха',1,'<p style=\"text-align: left;\">В администрации Балашихи установлен инвалидный подъемник Vimec V65.</p> ','invalidnyj-pod-emnik-v-administratsii-g-balashikha'),(148,'','','',' <p>Дворец Культуры города Владимир посещают люди разного возраста- среди них и дети, и взрослые, и пожилые люди, и инвалиды. Последним двум категориям особенно трудно дается посещение ДК, так как подниматься по лестницам зачастую самостоятельно они не могут.</p> <p>Руководство ДК решили сделать подарок всем посетителям, установив пассажирский подъемник (лифт для инвалидов) E10 EcoVimec возле лестницы, тем самым обеспечив одинаково комфортный и беспрепятственный доступ на любой этаж для всех категорий граждан.</p> <p>На монтаж оборудования во Владимир ездила непосредственно наша бригада, и в день официального запуска лифта, а так же во время концерта мы осуществляли перевозку пассажиров на Е10.</p> <p>Итальянский подъемник для инвалидов прошел испытание на 5 с плюсом, приходите и убедитесь сами!</p> <p>&nbsp;</p> <p><iframe width=\"487\" height=\"274\" src=\"https://www.youtube.com/embed/66i7PI0TPwQ?rel=0\" frameborder=\"0\" allowfullscreen=\"true\" style=\"display: block; margin-left: auto; margin-right: auto;\"></iframe></p>','2016-12-14','Лифт для инвалидов в Дворце Культуры г.Владимир',1,'<p>Репортаж телеканала Губерния 33 про лифт для инвалидов E10 EcoVimec.&nbsp;</p> ','lift-dlya-invalidov-v-dvortse-kultury-g-vladimir'),(149,'','','',' <p style=\"text-align: justify;\">Ответ состоит в том, что выбор в большей степени зависит от объекта, места установки подъемника и назначения.</p> <p style=\"text-align: justify;\"><br /><a href=\"joomplu:939 type=img\"><img src=\"http://platform-master.ru/index.php?option=com_joomgallery&amp;view=image&amp;format=raw&amp;id=939&amp;type=thumb\" class=\"jg_photo\" alt=\"joomplu:939\" width=\"291\" height=\"194\" style=\"margin-right: 10px; margin-bottom: 10px; float: left;\" /></a>Мобильный вертикальный подъемник Q-lift лучше всего подойдет для объектов транспортной инфраструктуры, для посадки пассажиров на коляске в электрички, поезда, автобусы, самолеты. Удобство обеспечивается подвижностью подъемника и возможностью использования одной единицы для разных подвижных средств транспорта, вне зависимости от места установки.</p> <p style=\"text-align: justify;\">&nbsp;</p> <p style=\"text-align: justify;\">&nbsp;</p> <p style=\"text-align: justify;\">&nbsp;</p> <p style=\"text-align: justify;\">&nbsp;</p> <p style=\"text-align: justify;\">&nbsp;</p> <p style=\"text-align: justify;\"><br /><a href=\"joomplu:183 type=img\"><img src=\"http://platform-master.ru/index.php?option=com_joomgallery&amp;view=image&amp;format=raw&amp;id=183&amp;type=thumb\" class=\"jg_photo\" alt=\"joomplu:183\" width=\"287\" height=\"287\" style=\"margin-right: 10px; margin-bottom: 10px; float: left;\" /></a>Мобильный гусеничный подъемник Roby T09 Vimec - подходит более всего для частного использования, для подъема на один – два лестничных пролета. Обязательно должен присутствовать сопровождающий пассажира человек. Может быть так же применим в любом общественном здании и месте, где присутствует штатная единица, для того чтобы обеспечивать подъем и спуск маломобильных граждан и убирать подъемник после использования в подсобное помещение.<br /><br /></p> <p style=\"text-align: justify;\">&nbsp;</p> <p style=\"text-align: justify;\">&nbsp;</p> <p style=\"text-align: justify;\">&nbsp;</p> <p style=\"text-align: justify;\">&nbsp;</p> <p style=\"text-align: justify;\">&nbsp;</p> <p style=\"text-align: justify;\">&nbsp;</p> <p style=\"text-align: justify;\">&nbsp;</p> <p style=\"text-align: justify;\">&nbsp;</p> <p style=\"text-align: justify;\">&nbsp;</p> <p style=\"text-align: justify;\"><span style=\"font-size: 12.16px; text-align: justify;\"><img src=\"images/Q-lift.JPG\" width=\"248\" height=\"165\" alt=\"Q-lift\" style=\"margin-right: 10px; margin-bottom: 10px; float: left;\" />Стационарный вертикальный подъемник Q-lift – идеально подходит для общественных зданий, многоквартирных домов, медицинских и образовательных учреждений, объектов транспортной инфраструктуры. Удобен в случае многократного и постоянного использования инвалидами-колясочниками, мамами с колясками. Подъемник в качестве опции имеет крышу, что защищает подъемник и пассажира от неблагоприятных погодных явлений.</span></p>','2016-11-08','Какой подъемник для инвалидов лучше выбрать – мобильный или стационарный?',1,'<p style=\"text-align: justify;\">При выборе вертикального инвалидного подъемника для инвалидов у многих часто встает вопрос какой подъемник лучше выбрать – мобильный или стационарный.&nbsp;</p> ','kakoj-pod-emnik-dlya-invalidov-luchshe-vybrat-mobilnyj-ili-statsionarnyj'),(150,'','','',' <p style=\"text-align: justify;\"><br /><a href=\"joomplu:975 type=img\"><img src=\"http://platform-master.ru/index.php?option=com_joomgallery&amp;view=image&amp;format=raw&amp;id=975&amp;type=thumb\" class=\"jg_photo\" alt=\"joomplu:975\" width=\"159\" height=\"119\" style=\"margin-right: 10px; margin-bottom: 10px; float: left;\" /></a>В рамках конференции и пленариума, прошло открытое заседание рабочей группы Минпромторга России по вопросам расширения производства продукции для инвалидов и граждан пожилого возраста. <br />Целью мероприятия является подготовка и разработка долгосрочной стратегии развития отрасли.<br />Мы принимали активное участие в качестве спикеров и выступили с докладом на 3-м дне мероприятия с темой «Особенности производства и эксплуатации инвалидных подъемников в России». Мероприятие нужное и полезное во всех отношениях, открывающее понимание куда и как двигаться, как сделать оборудование еще более удобным и универсальным. Главная задача на сегодняшний день – создание универсального дизайна, универсальной среды, одинаково удобной всем – не только инвалидам, но и здоровым людям.<span style=\"font-size: 12.16px; text-align: justify;\">В рамках конференции и проведенного заседания намечены дальнейшие план развития и мероприятия на следующий год.</span></p> <p>&nbsp;</p> <p><iframe width=\"560\" height=\"315\" src=\"https://www.youtube.com/embed/sZO0SI_NanE?rel=0\" frameborder=\"0\" allowfullscreen=\"true\"></iframe></p>','2016-12-04','Национальный форум реабилитационной индустрии и универсального дизайна «Надежда на технологии» в Сколково',1,'<p style=\"text-align: left;\">В период с 30 ноября по 2 декабря 2016 года проходил Национальный форум &nbsp;«Надежда на технологии».</p> ','natsionalnyj-forum-reabilitatsionnoj-industrii-i-universalnogo-dizajna-nadezhda-na-tekhnologii'),(151,'','','',' <p><a href=\"joomplu:976 type=img\"><img src=\"images/Q-lift.JPG\" class=\"jg_photo\" alt=\"Q-lift\" style=\"margin-right: 10px; margin-bottom: 10px; float: left;\" width=\"321\" height=\"214\" /></a>Высокие витые лестницы способны внести сложности в жизнь даже абсолютно здорового человека, повышая риск падения и получения травм. При создании новых проектов архитекторы стараются учесть потребности всех возможных пользователей. <br />Универсальная архитектурная среда сочетает в себе элементы таким образом, что находиться в этой среде одинаково удобно всем – человеку любого возраста и положения.<br />Оборудование для людей с инвалидностью, относится скорее к элементам адаптивного дизайна, так как устанавливается в основном в проекты реконструкции. Но даже в таких объектах мы стараемся сделать оборудование более универсальным, чтобы оно помогало перемещаться людям на колясках, но при этом не мешало и не ограничивало людей, не нуждающихся в нем. Когда это условие выполняется, то среда становится действительно универсальной и равной для всех.<br />Универсальный вертикальный подъемник Q-lift является как раз примером такого оборудования. Он может с одинаковым удобством использоваться не только как подъемник для инвалидов, но и как мини-лифт для мам с колясками. Подъемник устанавливается с боку от лестницы и не мешает проходу людей. Более подробно с подъемником можно познакомиться <a href=\"podemniki-dlya-invalidov/vertikalnaya-platforma-q-lift\" target=\"_blank\">здесь.</a></p>','2016-12-06','В чем отличие адаптивного дизайна от универсального?',1,'<p style=\"text-align: justify;\">Современная архитектура зданий это намного более универсальное и дружественное к человеку явление, нежели более ранние постройки, которые могли быть красивые, но абсолютно неудобные для жизни людей.&nbsp;</p> ','v-chem-otlichie-adaptivnogo-dizajna-ot-universalnogo'),(152,'','','',' <p><span style=\"color: #000080;\"><em> Спасибо что были с нами и ждем вас в новом 2017 году! Пусть удача сопутствует вам во всем! &nbsp;<img src=\"images/16456160.png\" width=\"95\" height=\"95\" alt=\"16456160\" style=\"float: right;\" /></em></span></p> <p><span style=\"color: #000080;\"><em><img src=\"images/С_Новым_Годом_и_Рождеством_2017.jpg\" width=\"600\" height=\"852\" alt=\"С Новым Годом и Рождеством 2017\" /></em></span></p> <p><span style=\"color: #000080;\"><em>&nbsp;</em></span></p> <p><span style=\"color: #000080;\"><em>С уважением,&nbsp;</em></span></p> <p><span style=\"color: #000080;\"><em>Коллектив \"КРЕАТИВ-МАСТЕР\"</em></span></p>','2016-12-28','С Наступающим Новым годом и Рождеством!',1,'<p><span style=\"color: #ff0000;\"><em>Дорогие друзья!</em></span></p> <p><span style=\"color: #ff0000;\"><em>Поздравляем вас с наступающими праздниками!</em></span></p> ','s-nastupayushchim-novym-godom-i-rozhdestvom'),(153,'','','',' <p><span style=\"font-size: 12pt;\">&nbsp;От лица нашего коллектива мы обещаем делать вашу жизнь комфортнее и безопаснее! Мы поднимем вас на любую высоту!</span></p> <p><a href=\"joomplu:977 type=img\"><img src=\"http://platform-master.ru/index.php?option=com_joomgallery&amp;view=image&amp;format=raw&amp;id=977&amp;type=thumb\" class=\"jg_photo\" alt=\"joomplu:977\" /></a></p>','2017-03-07','C 8 Марта, милые женщины!',1,'<p>Милые женщины, поздравляем вас с международным женским днем!</p> ','c-8-marta-milye-zhenshchiny'),(154,'','','','<p style=\"text-align: left;\"><span style=\"font-size: 12.16px;\">Новация в трудоустройстве инвалидов: службы занятости обяжут связываться с ними и предлагать работу.</span></p>  <p style=\"text-align: justify;\">Минтруд РФ подготовил государственный план, согласно которому службы занятости обяжут связываться с людьми с инвалидностью и предлагать им рабочие места, сообщают &laquo;Известия&raquo;. Соответствующие изменения будут внесены в закон &laquo;О занятости населения в Российской Федерации&raquo;.</p>  <p style=\"text-align: justify;\">В настоящее время люди с инвалидностью в поисках работы вынуждены сами связываться со службами занятости. Новый механизм трудоустройства изменит эту систему. При освидетельствовании в бюро МСЭ и оформлении ИПР у человека с инвалидностью поинтересуются, хочет ли он работать. Если он скажет, что хочет найти работу, службы занятости сами будут выходить на него с предложениями по трудоустройству.</p>  <p style=\"text-align: justify;\">Минтруд РФ также планирует принципиально изменить механизм квотирования рабочих мест для людей с инвалидностью. Министр труда и социальной защиты РФ Максим Топилин считает, что в стране должно быть около 800 тысяч рабочих мест для людей с инвалидностью.</p>  <p style=\"text-align: justify;\">Глава Минтруда также заявил, что работодателей необходимо обязать выплачивать компенсации, если они не трудоустраивают людей с инвалидностью по квотам. По его мнению, действующий в настоящее время механизм квотирования реализуется формально. &laquo;На местах не следят за тем, как формируются квоты. Мы проанализировали эту ситуацию: формально квоты выделяются, но связи между тем, какая потребность в рабочих местах и как выделяются квоты работодателями, практически нет. Поэтому мы планируем подготовить изменения в законодательство, чтобы сделать этот механизм более гибким для работодателей&raquo;, - сказал Топилин.</p>  <p style=\"text-align: justify;\">Председатель ВОИ Михаил Терентьев указал на то, что проблему трудоустройства людей с инвалидностью невозможно решить без создания доступной среды для таких людей. &laquo;У человека может быть желание работать, но для этого он должен выйти из дома и добраться до работы. Это уже вопрос реализации программы &laquo;Доступная среда&raquo;. Эта тема должна всегда быть в поле зрения законодательной и исполнительной власти на всех уровнях&raquo;, - говорит Терентьев.</p>  <p style=\"text-align: justify;\">Премьер-министр РФ Дмитрий Медведев считает, что людям с инвалидностью требуется помощь в трудоустройстве, для этого им необходимы помощники и наставники. По его мнению, вопрос о таком сопровождении должен быть отрегулирован на законодательном уровне. &laquo;Многие хотели бы работать, необходимо стремиться к тому, чтобы к 2020 году создать условия, при которых подходящую работу могли найти не меньше половины лиц с инвалидностью&raquo;, - отметил Медведев.</p>  <p style=\"text-align: justify;\">По данным Минтруда, по состоянию на 1 января 2017 года в России насчитывалось более 12 млн. людей с инвалидностью, из них - 3,7 млн. человек трудоспособного возраста. При этом работает из них лишь около 1 млн. человек.</p>  <p style=\"text-align: justify;\">Ранее мы писали о том, что 69% москвичей, которые относятся к квотируемых категориям граждан, предпочитают искать работу самостоятельно. При этом 89% респондентов сообщили, что они знают о существовании государственных центров занятости населения, а 57% опрошенных известно о работе департамента труда и занятости населения города Москвы.</p> ','2017-03-14','Службы занятости сами придут к инвалидам',1,'<p style=\"text-align: left;\">Службы занятости сами придут к инвалидам.</p> ','sluzhby-zanyatosti-sami-pridut-k-invalidam');

/*Table structure for table `brands` */

DROP TABLE IF EXISTS `brands`;

CREATE TABLE `brands` (
  `id` int(11) NOT NULL AUTO_INCREMENT,
  `meta_title` varchar(255) DEFAULT NULL COMMENT 'meta_title',
  `meta_keywords` varchar(255) DEFAULT NULL COMMENT 'meta_keywords',
  `meta_description` varchar(255) DEFAULT NULL COMMENT 'meta_description',
  `data` text COMMENT 'Содержимое',
  `preview_img` varchar(255) DEFAULT NULL COMMENT 'Изображение',
  `title` varchar(255) DEFAULT NULL COMMENT 'Заголовок',
  `slug_id` int(11) DEFAULT NULL COMMENT 'Адрес',
  `status` tinyint(1) DEFAULT NULL COMMENT 'Статус',
  PRIMARY KEY (`id`)
) ENGINE=InnoDB DEFAULT CHARSET=utf8;

/*Data for the table `brands` */

/*Table structure for table `carousel` */

DROP TABLE IF EXISTS `carousel`;

CREATE TABLE `carousel` (
  `id` int(11) NOT NULL AUTO_INCREMENT,
  `title` varchar(255) DEFAULT NULL COMMENT 'Название',
  `image` varchar(255) DEFAULT NULL COMMENT 'Изображение',
  `status_id` tinyint(4) DEFAULT NULL COMMENT 'Статус',
  `sort` int(11) DEFAULT NULL COMMENT 'Сортировка',
  PRIMARY KEY (`id`),
  KEY `status_id` (`status_id`),
  CONSTRAINT `carousel_ibfk_1` FOREIGN KEY (`status_id`) REFERENCES `status` (`id`)
) ENGINE=InnoDB AUTO_INCREMENT=15 DEFAULT CHARSET=utf8;

/*Data for the table `carousel` */

insert  into `carousel`(`id`,`title`,`image`,`status_id`,`sort`) values (1,'','5963526181164.jpg',1,NULL),(6,'','59635283e9d0e.jpg',1,NULL),(11,'Серфинг','59821b975c883.jpg',1,NULL),(13,'','59821bb5f0e8b.jpg',1,NULL),(14,'','59821c24b4fea.jpg',1,NULL);

/*Table structure for table `category` */

DROP TABLE IF EXISTS `category`;

CREATE TABLE `category` (
  `id` int(11) NOT NULL AUTO_INCREMENT,
  `root` int(11) DEFAULT NULL,
  `lft` int(11) NOT NULL,
  `rgt` int(11) NOT NULL,
  `lvl` smallint(5) NOT NULL,
  `name` varchar(60) NOT NULL,
  `icon` varchar(255) DEFAULT NULL,
  `icon_type` tinyint(1) NOT NULL DEFAULT '1',
  `active` tinyint(1) NOT NULL DEFAULT '1',
  `selected` tinyint(1) NOT NULL DEFAULT '0',
  `disabled` tinyint(1) NOT NULL DEFAULT '0',
  `readonly` tinyint(1) NOT NULL DEFAULT '0',
  `visible` tinyint(1) NOT NULL DEFAULT '1',
  `collapsed` tinyint(1) NOT NULL DEFAULT '0',
  `movable_u` tinyint(1) NOT NULL DEFAULT '1',
  `movable_d` tinyint(1) NOT NULL DEFAULT '1',
  `movable_l` tinyint(1) NOT NULL DEFAULT '1',
  `movable_r` tinyint(1) NOT NULL DEFAULT '1',
  `removable` tinyint(1) NOT NULL DEFAULT '1',
  `removable_all` tinyint(1) NOT NULL DEFAULT '0',
  `meta_description` varchar(255) NOT NULL,
  `meta_keywords` varchar(255) NOT NULL,
  `description` text,
  `page_id` int(11) DEFAULT NULL,
  PRIMARY KEY (`id`),
  KEY `tbl_product_NK1` (`root`),
  KEY `tbl_product_NK2` (`lft`),
  KEY `tbl_product_NK3` (`rgt`),
  KEY `tbl_product_NK4` (`lvl`),
  KEY `tbl_product_NK5` (`active`)
) ENGINE=InnoDB AUTO_INCREMENT=41 DEFAULT CHARSET=utf8;

/*Data for the table `category` */

insert  into `category`(`id`,`root`,`lft`,`rgt`,`lvl`,`name`,`icon`,`icon_type`,`active`,`selected`,`disabled`,`readonly`,`visible`,`collapsed`,`movable_u`,`movable_d`,`movable_l`,`movable_r`,`removable`,`removable_all`,`meta_description`,`meta_keywords`,`description`,`page_id`) values (1,1,1,20,0,'Лифты','',1,1,0,0,0,1,0,1,1,1,1,1,0,'','','',22),(2,2,1,20,0,'Инвалидные подъемники','',1,1,0,0,0,1,0,1,1,1,1,1,0,'','',NULL,NULL),(3,3,1,6,0,'Кресельные подъемники','',1,1,0,0,0,1,0,1,1,1,1,1,0,'','',NULL,NULL),(4,4,1,8,0,'Грузовые подъемники','',1,1,0,0,0,1,0,1,1,1,1,1,0,'','',NULL,NULL),(5,5,1,6,0,'Сервисные лифты','',1,1,0,0,0,1,0,1,1,1,1,1,0,'','','',22),(6,6,1,6,0,'Эскалаторы и Траволаторы','',1,1,0,0,0,1,0,1,1,1,1,1,0,'','',NULL,NULL),(7,7,1,2,0,'Подъемники для транспорта','',1,1,0,0,0,1,0,1,1,1,1,1,0,'','',NULL,NULL),(8,8,1,6,0,'Пандусы и нестандартные проектные решения','',1,1,0,0,0,1,0,1,1,1,1,1,0,'','',NULL,NULL),(9,9,1,6,0,'Мобильные подъемники','',1,1,0,0,0,1,0,1,1,1,1,1,0,'','',NULL,NULL),(10,1,2,7,1,'Лифты для общественных и жилых зданий','',1,1,0,0,0,1,0,1,1,1,1,1,0,'','','',22),(11,1,8,13,1,'Лифты для коттеджей','',1,1,0,0,0,1,0,1,1,1,1,1,0,'','',NULL,NULL),(12,1,14,15,1,'Панорамные лифты','',1,1,0,0,0,1,0,1,1,1,1,1,0,'','',NULL,NULL),(13,1,16,17,1,'Грузовые лифты','',1,1,0,0,0,1,0,1,1,1,1,1,0,'','',NULL,NULL),(14,1,18,19,1,'Больничные лифты','',1,1,0,0,0,1,0,1,1,1,1,1,0,'','',NULL,NULL),(15,1,3,4,2,'Гидравлические','',1,1,0,0,0,1,0,1,1,1,1,1,0,'','','123123Описание гиddдравлические222<br />\r\ns<br />\r\ndf<br />\r\nasdf<br />\r\nasd<br />\r\nfas<br />\r\ndf<br />\r\nasd<br />\r\nfas<br />\r\ndf\r\n',22),(16,1,5,6,2,'Электрические','',1,1,0,0,0,1,0,1,1,1,1,1,0,'','','Jgbcfybt er234',NULL),(17,1,9,10,2,'Гидравлические','',1,1,0,0,0,1,0,1,1,1,1,1,0,'','',NULL,NULL),(18,1,11,12,2,'Электрические','',1,1,0,0,0,1,0,1,1,1,1,1,0,'','',NULL,NULL),(19,2,2,7,1,'Вертикальные','',1,1,0,0,0,1,0,1,1,1,1,1,0,'','',NULL,NULL),(20,2,8,13,1,'Наклонные','',1,1,0,0,0,1,0,1,1,1,1,1,0,'','',NULL,NULL),(21,2,14,19,1,'Мобильные подъемники','',1,1,0,0,0,1,0,1,1,1,1,1,0,'','',NULL,NULL),(22,2,3,4,2,'До 2 м','',1,1,0,0,0,1,0,1,1,1,1,1,0,'','','Design is the creation of a plan or convention for the construction of an object, system or measurable human interaction (as in architectural blueprints, engineering drawings, business processes, circuit diagrams, and sewing patterns).[1] Design has different connotations in different fields (see design disciplines below). In some cases, the direct construction of an object (as in pottery, engineering, management, coding,\r\n',NULL),(23,2,5,6,2,'Более 2 м','',1,1,0,0,0,1,0,1,1,1,1,1,0,'','',NULL,NULL),(24,2,9,10,2,'Для лестницы без поворотов','',1,1,0,0,0,1,0,1,1,1,1,1,0,'','',NULL,NULL),(25,2,11,12,2,'Для лестниц с поворотом','',1,1,0,0,0,1,0,1,1,1,1,1,0,'','',NULL,NULL),(26,2,15,16,2,'Вертикальные','',1,1,0,0,0,1,0,1,1,1,1,1,0,'','',NULL,NULL),(27,2,17,18,2,'Ступенькоходы','',1,1,0,0,0,1,0,1,1,1,1,1,0,'','',NULL,NULL),(28,3,2,3,1,'Для прямых лестниц','',1,1,0,0,0,1,0,1,1,1,1,1,0,'','',NULL,NULL),(29,3,4,5,1,'Для лестниц c поворотом','',1,1,0,0,0,1,0,1,1,1,1,1,0,'','',NULL,NULL),(30,4,2,3,1,'Подъемные столы ','',1,1,0,0,0,1,0,1,1,1,1,1,0,'','',NULL,NULL),(31,4,4,5,1,'Мачтовые подъемники','',1,1,0,0,0,1,0,1,1,1,1,1,0,'','',NULL,NULL),(32,4,6,7,1,'Автомобильные подъемники ','',1,1,0,0,0,1,0,1,1,1,1,1,0,'','',NULL,NULL),(33,5,2,3,1,'Загрузка с сервисной высоты ','',1,1,0,0,0,1,0,1,1,1,1,1,0,'','',NULL,NULL),(34,5,4,5,1,'Загрузка на уровне пола','',1,1,0,0,0,1,0,1,1,1,1,1,0,'','',NULL,NULL),(35,6,2,3,1,'Эскалаторы','',1,1,0,0,0,1,0,1,1,1,1,1,0,'','',NULL,NULL),(36,6,4,5,1,'Траволаторы','',1,1,0,0,0,1,0,1,1,1,1,1,0,'','',NULL,NULL),(37,8,2,3,1,'Пандусы','',1,1,0,0,0,1,0,1,1,1,1,1,0,'','',NULL,NULL),(38,8,4,5,1,'Нестандартные проектные решения','',1,1,0,0,0,1,0,1,1,1,1,1,0,'','',NULL,NULL),(39,9,2,3,1,'Вертикальные','',1,1,0,0,0,1,0,1,1,1,1,1,0,'','',NULL,NULL),(40,9,4,5,1,'Ступенькоходы','',1,1,0,0,0,1,0,1,1,1,1,1,0,'','',NULL,NULL);

/*Table structure for table `destination` */

DROP TABLE IF EXISTS `destination`;

CREATE TABLE `destination` (
  `id` int(11) NOT NULL AUTO_INCREMENT,
  `title` varchar(255) DEFAULT NULL COMMENT 'Название',
  PRIMARY KEY (`id`)
) ENGINE=InnoDB AUTO_INCREMENT=5 DEFAULT CHARSET=utf8;

/*Data for the table `destination` */

insert  into `destination`(`id`,`title`) values (1,'Новый'),(4,'Бали');

/*Table structure for table `feedback` */

DROP TABLE IF EXISTS `feedback`;

CREATE TABLE `feedback` (
  `id` int(11) NOT NULL AUTO_INCREMENT,
  `city` varchar(255) DEFAULT NULL COMMENT 'Город',
  `phone` varchar(255) DEFAULT NULL COMMENT 'Телефон',
  `email` varchar(255) DEFAULT NULL COMMENT 'E-mail',
  `name` varchar(255) DEFAULT NULL COMMENT 'ФИО',
  `text` text COMMENT 'Текст сообщения',
  `type` int(16) DEFAULT NULL COMMENT 'Тип',
  `subject` varchar(255) DEFAULT NULL COMMENT 'Объект запроса',
  `status` int(11) DEFAULT '1' COMMENT 'Статус',
  `date` timestamp NULL DEFAULT CURRENT_TIMESTAMP COMMENT 'Дата',
  PRIMARY KEY (`id`)
) ENGINE=InnoDB AUTO_INCREMENT=28 DEFAULT CHARSET=utf8;

/*Data for the table `feedback` */

insert  into `feedback`(`id`,`city`,`phone`,`email`,`name`,`text`,`type`,`subject`,`status`,`date`) values (24,'','','fijj606@gmail.com','Александр','',5,'Стать партнером',1,'2017-02-28 17:51:10'),(26,NULL,'9999-999-999','123@yandex.ru','Александр','Текст',3,'Аварийная служба',1,'2017-02-28 18:06:44'),(27,'','wer','123','21','',4,'Москва',1,'2017-04-24 15:47:41');

/*Table structure for table `floors_type` */

DROP TABLE IF EXISTS `floors_type`;

CREATE TABLE `floors_type` (
  `id` int(11) NOT NULL AUTO_INCREMENT,
  `title` varchar(255) DEFAULT NULL COMMENT 'Количество этажей',
  `sort` int(11) DEFAULT NULL COMMENT 'Сортировка',
  PRIMARY KEY (`id`)
) ENGINE=InnoDB AUTO_INCREMENT=7 DEFAULT CHARSET=utf8;

/*Data for the table `floors_type` */

insert  into `floors_type`(`id`,`title`,`sort`) values (1,'1-2',1),(2,'2-4',2),(3,'4-6',3),(4,'6-10',4),(5,'10-25',5),(6,'25 и более',6);

/*Table structure for table `map` */

DROP TABLE IF EXISTS `map`;

CREATE TABLE `map` (
  `id` int(11) NOT NULL AUTO_INCREMENT,
  `city` varchar(255) NOT NULL COMMENT 'Город',
  `x` float NOT NULL COMMENT 'Положение по оси X в процентах',
  `y` float NOT NULL COMMENT 'Положение по оси Y в процентах',
  `lat` float NOT NULL COMMENT 'Широта',
  `lng` float NOT NULL COMMENT 'Долгота',
  `text` varchar(255) DEFAULT NULL COMMENT 'Текст балуна',
  `status_id` tinyint(1) DEFAULT NULL COMMENT 'Статус',
  `zoom` int(11) NOT NULL COMMENT 'Увеличение',
  PRIMARY KEY (`id`),
  KEY `status_id` (`status_id`),
  CONSTRAINT `map_ibfk_1` FOREIGN KEY (`status_id`) REFERENCES `status` (`id`)
) ENGINE=InnoDB AUTO_INCREMENT=2 DEFAULT CHARSET=utf8;

/*Data for the table `map` */

insert  into `map`(`id`,`city`,`x`,`y`,`lat`,`lng`,`text`,`status_id`,`zoom`) values (1,'Москва',31.6,42.9,55.7448,37.6181,'Адрес',1,10);

/*Table structure for table `news` */

DROP TABLE IF EXISTS `news`;

CREATE TABLE `news` (
  `id` int(11) NOT NULL AUTO_INCREMENT,
  `meta_title` varchar(255) DEFAULT NULL COMMENT 'meta_title',
  `meta_keywords` varchar(255) DEFAULT NULL COMMENT 'meta_keywords',
  `meta_description` varchar(255) DEFAULT NULL COMMENT 'meta_description',
  `data` text COMMENT 'Содержимое',
  `preview_img` varchar(255) DEFAULT NULL COMMENT 'Изображение',
  `date` date DEFAULT NULL COMMENT 'Дата',
  `title` varchar(255) DEFAULT NULL COMMENT 'Заголовок',
  `status_id` tinyint(1) DEFAULT NULL COMMENT 'Статус',
  `prev_text` text COMMENT 'Текст предпросмотра',
  `slug` varchar(255) DEFAULT NULL COMMENT 'Адрес',
  PRIMARY KEY (`id`),
  KEY `status_id` (`status_id`),
  CONSTRAINT `news_ibfk_2` FOREIGN KEY (`status_id`) REFERENCES `status` (`id`)
) ENGINE=InnoDB AUTO_INCREMENT=54 DEFAULT CHARSET=utf8;

/*Data for the table `news` */

insert  into `news`(`id`,`meta_title`,`meta_keywords`,`meta_description`,`data`,`preview_img`,`date`,`title`,`status_id`,`prev_text`,`slug`) values (53,'','','','131 1 1313 123 g g asdrtre 243 234 1234 124 12reqafsdafsd fasd 45r q345345 wertqw 131 1 1313 123 g g asdrtre 243 234 1234 124 12reqafsdafsd fasd 45r q345345 wertqw 131 1 1313 123 g g asdrtre 243 234 1234 124 12reqafsdafsd fasd 45r q345345 wertqw 131 1 1313 123 g g asdrtre 243 234 1234 124 12reqafsdafsd fasd 45r q345345 wertqw 131 1 1313 123 g g asdrtre 243 234 1234 124 12reqafsdafsd fasd 45r q345345 wertqw 131 1 1313 123 g g asdrtre 243 234 1234 124 12reqafsdafsd fasd 45r q345345 wertqw 131 1 1313 123 g g asdrtre 243 234 1234 124 12reqafsdafsd fasd 45r q345345 wertqw 131 1 1313 123 g g asdrtre 243 234 1234 124 12reqafsdafsd fasd 45r q345345 wertqw 131 1 1313 123 g g asdrtre 243 2\n<div>&nbsp;</div>\n34 1234 124 12reqafsdafsd fasd 45r q345345 wertqw 131 1 1313 123 g g asdrtre 243 234 1234 124 12reqafsdafsd fasd 45r q345345 wertqw 131 1 1313 123 g g asdrtre 243 234 1234 124 12reqafsdafsd fasd 45r q345345 wertqw 131 1 1313 123 g g asdrtre 243 234 1234 124 12reqafsdafsd fasd 45r q345345 wertqw 131 1 1313 123 g g asdrtre 243 234 1234 124 12reqafsdafsd fasd 45r q345345 wertqw 131 1 1313 123 g g asdrtre 243 234 1234 124 12reqafsdafsd fasd 45r q345345 wertqw 131 1 1313 123 g g asdrtre 243 234 1234 124 12reqafsdafsd fasd 45r q345345 wertqw 131 1 1313 123 g g asdrtre 243 234 1234 124 12reqafsdafsd fasd 45r q345345 wertqw 131 1 1313 123 g g asdrtre 243 234 1234 124 12reqafsdafsd fasd 45r q345345 wertqw 131 1 1313 123 g g asdrtre 243 234 1234 124 12reqafsdafsd fasd 45r q345345 wertqw 131 1 1313 123 g g asdrtre 243 234 1234 124 12reqafsdafsd fasd 45r q345345 wertqw 131 1 1313 123 g g asdrtre 243 234 1234 124 12reqafsdafsd fasd 45r q345345 wertqw 131 1 1313 123 g g asdrtre 243 234 1234 124 12reqafsdafsd fasd 45r q345345 wertqw 131 1 1313 123 g g asdrtre 243 234 1234 124 12reqafsdafsd fasd 45r q345345 wertqw 131 1 1313 123 g g asdrtre 243 234 1234 124 12reqafsdafsd fasd 45r q345345 wertqw 131 1 1313 123 g g asdrtre 243 234 1234 124 12reqafsdafsd fasd 45r q345345 wertqw 131 1 1313 123 g g asdrtre 243 234 1234 124 12reqafsdafsd fasd 45r q345345 wertqw 131 1 1313 123 g g asdrtre 243 234 1234 124 12reqafsdafsd fasd 45r q345345 wertqw 131 1 1313 123 g g asdrtre 243 234 1234 124 12reqafsdafsd fasd 45r q345345 wertqw 131 1 1313 123 g g asdrtre 243 234 1234 124 12reqafsdafsd fasd 45r q345345 wertqw 131 1 1313 123 g g asdrtre 243 234 1234 124 12reqafsdafsd fasd 45r q345345 wertqw 131 1 1313 123 g g asdrtre 243 234 1234 124 12reqafsdafsd fasd 45r q345345 wertqw 131 1 1313 123 g g asdrtre 243 234 1234 124 12reqafsdafsd fasd 45r q345345 wertqw 131 1 1313 123 g g asdrtre 243 234 1234 124 12reqafsdafsd fasd 45r q345345 wertqw 131 1 1313 123 g g asdrtre 243 234 1234 124 12reqafsdafsd fasd 45r q345345 wertqw 131 1 1313 123 g g asdrtre 243 234 1234 124 12reqafsdafsd fasd 45r q345345 wertqw 131 1 1313 123 g g asdrtre 243 234 1234 124 12reqafsdafsd fasd 45r q345345 wertqw 131 1 1313 123 g g asdrtre 243 234 1234 124 12reqafsdafsd fasd 45r q345345 wertqw 131 1 1313 123 g g asdrtre 243 234 1234 124 12reqafsdafsd fasd 45r q345345 wertqw 131 1 1313 123 g g asdrtre 243 234 1234 124 12reqafsdafsd fasd 45r q345345 wertqw 131 1 1313 123 g g asdrtre 243 234 1234 124 12reqafsdafsd fasd 45r q345345 wertqw 131 1 1313 123 g g asdrtre 243 234 1234 124 12reqafsdafsd fasd 45r q345345 wertqw 131 1 1313 123 g g asdrtre 243 234 1234 124 12reqafsdafsd fasd 45r q345345 wertqw 131 1 1313 123 g g asdrtre 243 234 1234 124 12reqafsdafsd fasd 45r q345345 wertqw 131 1 1313 123 g g asdrtre 243 234 1234 124 12reqafsdafsd fasd 45r q345345 wertqw 131 1 1313 123 g g asdrtre 243 234 1234 124 12reqafsdafsd fasd 45r q345345 wertqw 131 1 1313 123 g g asdrtre 243 234 1234 124 12reqafsdafsd fasd 45r q345345 wertqw 131 1 1313 123 g g asdrtre 243 234 1234 124 12reqafsdafsd fasd 45r q345345 wertqw 131 1 1313 123 g g asdrtre 243 234 1234 124 12reqafsdafsd fasd 45r q345345 wertqw 131 1 1313 123 g g asdrtre 243 234 1234 124 12reqafsdafsd fasd 45r q345345 wertqw 131 1 1313 123 g g asdrtre 243 234 1234 124 12reqafsdafsd fasd 45r q345345 wertqw 131 1 1313 123 g g asdrtre 243 234 1234 124 12reqafsdafsd fasd 45r q345345 wertqw 131 1 1313 123 g g asdrtre 243 234 1234 124 12reqafsdafsd fasd 45r q345345 wertqw 131 1 1313 123 g g asdrtre 243 234 1234 124 12reqafsdafsd fasd 45r q345345 wertqw 131 1 1313 123 g g asdrtre 243 234 1234 124 12reqafsdafsd fasd 45r q345345 wertqw 131 1 1313 123 g g asdrtre 243 234 1234 124 12reqafsdafsd fasd 45r q345345 wertqw 131 1 1313 123 g g asdrtre 243 234 1234 124 12reqafsdafsd fasd 45r q345345 wertqw 131 1 1313 123 g g asdrtre 243 234 1234 124 12reqafsdafsd fasd 45r q345345 wertqw 131 1 1313 123 g g asdrtre 243 234 1234 124 12reqafsdafsd fasd 45r q345345 wertqw 131 1 1313 123 g g asdrtre 243 234 1234 124 12reqafsdafsd fasd 45r q345345 wertqw 131 1 1313 123 g g asdrtre 243 234 1234 124 12reqafsdafsd fasd 45r q345345 wertqw 131 1 1313 123 g g asdrtre 243 234 1234 124 12reqafsdafsd fasd 45r q345345 wertqw 131 1 1313 123 g g asdrtre 243 234 1234 124 12reqafsdafsd fasd 45r q345345 wertqw 131 1 1313 123 g g asdrtre 243 234 1234 124 12reqafsdafsd fasd 45r q345345 wertqw 131 1 1313 123 g g asdrtre 243 234 1234 124 12reqafsdafsd fasd 45r q345345 wertqw 131 1 1313 123 g g asdrtre 243 234 1234 124 12reqafsdafsd fasd 45r q345345 wertqw 131 1 1313 123 g g asdrtre 243 234 1234 124 12reqafsdafsd fasd 45r q345345 wertqw 131 1 1313 123 g g asdrtre 243 234 1234 124 12reqafsdafsd fasd 45r q345345 wertqw 131 1 1313 123 g g asdrtre 243 234 1234 124 12reqafsdafsd fasd 45r q345345 wertqw 131 1 1313 123 g g asdrtre 243 234 1234 124 12reqafsdafsd fasd 45r q345345 wertqw 131 1 1313 123 g g asdrtre 243 234 1234 124 12reqafsdafsd fasd 45r q345345 wertqw 131 1 1313 123 g g asdrtre 243 234 1234 124 12reqafsdafsd fasd 45r q345345 wertqw 131 1 1313 123 g g asdrtre 243 234 1234 124 12reqafsdafsd fasd 45r q345345 wertqw 131 1 1313 123 g g asdrtre 243 234 1234 124 12reqafsdafsd fasd 45r q345345 wertqw 131 1 1313 123 g g asdrtre 243 234 1234 124 12reqafsdafsd fasd 45r q345345 wertqw 131 1 1313 123 g g asdrtre 243 234 1234 124 12reqafsdafsd fasd 45r q345345 wertqw 131 1 1313 123 g g asdrtre 243 234 1234 124 12reqafsdafsd fasd 45r q345345 wertqw 131 1 1313 123 g g asdrtre 243 234 1234 124 12reqafsdafsd fasd 45r q345345 wertqw','599307033d2a0.jpg','2017-01-01','Еще один тест новости',1,'Текст новости, привью','русская-ссылка');

/*Table structure for table `object_type` */

DROP TABLE IF EXISTS `object_type`;

CREATE TABLE `object_type` (
  `id` int(11) NOT NULL AUTO_INCREMENT,
  `title` varchar(255) DEFAULT NULL COMMENT 'Название объекта',
  `sort` int(11) DEFAULT NULL COMMENT 'Сортировка',
  PRIMARY KEY (`id`)
) ENGINE=InnoDB AUTO_INCREMENT=3 DEFAULT CHARSET=utf8;

/*Data for the table `object_type` */

insert  into `object_type`(`id`,`title`,`sort`) values (1,'Жилой дом',1),(2,'Общественное здание',2);

/*Table structure for table `page_parts` */

DROP TABLE IF EXISTS `page_parts`;

CREATE TABLE `page_parts` (
  `id` int(11) NOT NULL AUTO_INCREMENT,
  `page_id` int(11) DEFAULT NULL,
  `data` text,
  PRIMARY KEY (`id`),
  KEY `page_id` (`page_id`),
  CONSTRAINT `page_parts_ibfk_1` FOREIGN KEY (`page_id`) REFERENCES `pages` (`id`) ON DELETE CASCADE
) ENGINE=InnoDB AUTO_INCREMENT=46 DEFAULT CHARSET=utf8;

/*Data for the table `page_parts` */

insert  into `page_parts`(`id`,`page_id`,`data`) values (1,1,'<h3 class=\"text-white\">Почему мы?</h3>'),(2,1,'<p class=\"text-small text-gray-base text-uppercase text-ubold\">The Best Service</p>'),(3,1,'<p class=\"text-small text-silver-chalice\">Our aim is to provide you with the tour service of the top quality</p>'),(4,1,'<p class=\"text-small text-gray-base text-uppercase text-ubold\">The Best Service</p>'),(5,1,'<p class=\"text-small text-silver-chalice\">Our aim is to provide you with the tour service of the top quality</p>'),(6,1,'<p class=\"text-small text-gray-base text-uppercase text-ubold\">The Best Service</p>'),(7,1,'<p class=\"text-small text-silver-chalice\">Our aim is to provide you with the tour service of the top quality</p>'),(8,1,'<p class=\"text-small text-gray-base text-uppercase text-ubold\">The Best Service</p>'),(9,1,'<p class=\"text-small text-silver-chalice\">Our aim is to provide you with the tour service of the top quality</p>'),(10,1,'<p class=\"text-small text-gray-base text-uppercase text-ubold\">The Best Service</p>\n'),(11,1,'<p class=\"text-small text-silver-chalice\">Our aim is to provide you with the tour service of the top quality</p>'),(12,1,'<p class=\"text-small text-gray-base text-uppercase text-ubold\">The Best Service</p>'),(13,1,'<p class=\"text-small text-silver-chalice\">Our aim is to provide you with the tour service of the top quality</p>'),(14,1,'<h2>Explore the Distant Corners of the World</h2>'),(15,1,'Fastest Way to Compare and Book over 450 Cheap Flights'),(16,2,'Все туры от нашей компании'),(17,5,'Наши контакты'),(18,5,'Свяжитесь с нами, если у вас остались вопросы'),(19,5,'Contact Our Agency'),(20,5,'You can contact us any way that is convenient for you. We are available 24/7 via fax, email or telephone. You can also use a quick contact form on the right or visit our office personally. Email us with any questions or inquiries or use our contact data. We would be happy to answer your questions. '),(21,5,'Our Contacts'),(22,5,'Задать вопрос?'),(23,5,'Тел: +87 (433) 399-99-22<br />\nWhatsUp: +87 (433) 399-99-22<br />\nViber:&nbsp;+87 (433) 399-99-22<br />\nSkype: amazingbali<br />\nMail: info@amazingbali.ru'),(24,8,'<strong><span style=\"font-size:22px;\">Маршрут тура</span></strong>'),(25,8,'Текст'),(26,8,'Текст'),(27,8,'Текст'),(28,8,'Текс1т'),(29,8,'Текст'),(30,4,'Новости'),(31,4,'Новости'),(32,9,'8 (800) 999 77 333'),(33,9,'For over 30 years we have been creating inspirational tailor-made holidays and are proud of our reputation'),(34,9,'Our Contacts'),(35,9,'1730 M Str., Suite 501, NW. Washington DC. 20036 U.S.A'),(36,9,'19008721'),(37,9,'19008197'),(38,9,'philip@gmail.com'),(39,9,'TravelTourism.org'),(40,9,'Follow Us'),(41,9,'Copyright © 2017 Travel & Tourism. All Rights Reserved.'),(43,3,'О нас'),(44,3,'Текст'),(45,3,'Текст');

/*Table structure for table `pages` */

DROP TABLE IF EXISTS `pages`;

CREATE TABLE `pages` (
  `id` int(11) NOT NULL AUTO_INCREMENT,
  `title` varchar(255) DEFAULT NULL COMMENT 'Заголовок',
  `meta_keywords` varchar(255) DEFAULT NULL COMMENT 'meta_keywords',
  `meta_description` varchar(255) DEFAULT NULL COMMENT 'meta_description',
  `slug` int(11) DEFAULT NULL COMMENT 'Адрес',
  `data` text COMMENT 'Содержимое',
  `status_id` tinyint(1) DEFAULT NULL COMMENT 'Статус',
  `lock` tinyint(1) DEFAULT NULL COMMENT 'Блокировка',
  `template` varchar(255) DEFAULT NULL COMMENT 'Шаблон',
  `image` varchar(255) DEFAULT NULL COMMENT 'Изображение',
  PRIMARY KEY (`id`),
  KEY `slug_id` (`slug`),
  KEY `status_id` (`status_id`),
  CONSTRAINT `pages_ibfk_2` FOREIGN KEY (`status_id`) REFERENCES `status` (`id`)
) ENGINE=InnoDB AUTO_INCREMENT=10 DEFAULT CHARSET=utf8;

/*Data for the table `pages` */

insert  into `pages`(`id`,`title`,`meta_keywords`,`meta_description`,`slug`,`data`,`status_id`,`lock`,`template`,`image`) values (1,'Главная',NULL,NULL,NULL,NULL,1,1,'homepage',''),(2,'Туры','','',NULL,NULL,1,1,'blank','5968dc416a673.jpg'),(3,'О нас',NULL,NULL,NULL,NULL,1,1,NULL,''),(4,'Блог',NULL,NULL,NULL,NULL,1,1,NULL,''),(5,'Контакты','','',NULL,NULL,1,1,'blank','596538c9750cf.jpg'),(6,'404','','',NULL,NULL,1,1,'blank','596532930fe1e.jpg'),(7,'Отзывы',NULL,NULL,NULL,NULL,1,1,NULL,NULL),(8,'Страница тура',NULL,NULL,NULL,'',1,1,NULL,NULL),(9,'Layout',NULL,NULL,NULL,NULL,1,1,NULL,NULL);

/*Table structure for table `partners` */

DROP TABLE IF EXISTS `partners`;

CREATE TABLE `partners` (
  `id` int(11) NOT NULL AUTO_INCREMENT,
  `title` varchar(255) NOT NULL COMMENT 'Название',
  `imageFile` varchar(255) NOT NULL COMMENT 'Изображение',
  `status_id` tinyint(1) DEFAULT '1' COMMENT 'Статус',
  `sortOrder` int(11) DEFAULT NULL COMMENT 'Сортировка',
  `url` varchar(255) DEFAULT NULL COMMENT 'Ссылка',
  PRIMARY KEY (`id`),
  KEY `status_id` (`status_id`),
  CONSTRAINT `partners_ibfk_1` FOREIGN KEY (`status_id`) REFERENCES `status` (`id`)
) ENGINE=InnoDB AUTO_INCREMENT=15 DEFAULT CHARSET=utf8;

/*Data for the table `partners` */

insert  into `partners`(`id`,`title`,`imageFile`,`status_id`,`sortOrder`,`url`) values (9,'Фабрика меха2','589335ef716f5.jpg',1,1,'http://yandex.ru'),(10,'12321','5893362768b1e.jpg',1,NULL,NULL),(11,'Новый дом','58933d28748cb.jpg',1,NULL,NULL),(12,'Фабрика меха2','589335ef716f5.jpg',1,1,'http://yandex.ru'),(13,'12321','5893362768b1e.jpg',1,NULL,NULL),(14,'Новый дом','58933d28748cb.jpg',1,NULL,NULL);

/*Table structure for table `projects` */

DROP TABLE IF EXISTS `projects`;

CREATE TABLE `projects` (
  `id` int(11) NOT NULL AUTO_INCREMENT,
  `meta_title` varchar(255) DEFAULT NULL COMMENT 'meta_title',
  `meta_keywords` varchar(255) DEFAULT NULL COMMENT 'meta_keywords',
  `meta_description` varchar(255) DEFAULT NULL COMMENT 'meta_description',
  `data` text COMMENT 'Описание',
  `preview_img` varchar(255) DEFAULT NULL COMMENT 'Изображение',
  `title` varchar(255) DEFAULT NULL COMMENT 'Заголовок',
  `slug_id` int(11) DEFAULT NULL COMMENT 'Адрес',
  `photo_1` varchar(255) DEFAULT NULL COMMENT 'Фотография №1',
  `photo_2` varchar(255) DEFAULT NULL COMMENT 'Фотография №2',
  `photo_3` varchar(255) DEFAULT NULL COMMENT 'Фотография №3',
  `photo_4` varchar(255) DEFAULT NULL COMMENT 'Фотография №4',
  `status_id` tinyint(1) DEFAULT NULL COMMENT 'Статус',
  `type_id` int(11) DEFAULT NULL COMMENT 'Тип проекта',
  PRIMARY KEY (`id`),
  KEY `slug_id` (`slug_id`),
  KEY `status_id` (`status_id`),
  KEY `type_id` (`type_id`),
  CONSTRAINT `projects_ibfk_1` FOREIGN KEY (`slug_id`) REFERENCES `slugs` (`id`) ON DELETE CASCADE,
  CONSTRAINT `projects_ibfk_2` FOREIGN KEY (`status_id`) REFERENCES `status` (`id`),
  CONSTRAINT `projects_ibfk_3` FOREIGN KEY (`type_id`) REFERENCES `projects_type` (`id`)
) ENGINE=InnoDB AUTO_INCREMENT=9 DEFAULT CHARSET=utf8;

/*Data for the table `projects` */

insert  into `projects`(`id`,`meta_title`,`meta_keywords`,`meta_description`,`data`,`preview_img`,`title`,`slug_id`,`photo_1`,`photo_2`,`photo_3`,`photo_4`,`status_id`,`type_id`) values (5,'','','','Описание','58b353db238ed.jpg','Новый проект',NULL,'58b352ab056ea.jpg','59009c8b5a366.jpg','','',1,1),(8,'','','','Описание','58b35439d5267.jpg','Новый проект 2',NULL,'58b35439dac40.jpg','58b3543a04e68.jpg','58b3543a36b53.jpg','58b3543a5384a.jpg',1,2);

/*Table structure for table `projects_type` */

DROP TABLE IF EXISTS `projects_type`;

CREATE TABLE `projects_type` (
  `id` int(11) NOT NULL AUTO_INCREMENT,
  `title` varchar(255) NOT NULL COMMENT 'Название категории',
  PRIMARY KEY (`id`)
) ENGINE=InnoDB AUTO_INCREMENT=4 DEFAULT CHARSET=utf8;

/*Data for the table `projects_type` */

insert  into `projects_type`(`id`,`title`) values (1,'Тип-1'),(2,'Тип-2'),(3,'Тип-3');

/*Table structure for table `repair_brands` */

DROP TABLE IF EXISTS `repair_brands`;

CREATE TABLE `repair_brands` (
  `id` int(11) NOT NULL AUTO_INCREMENT,
  `brand_name` varchar(255) DEFAULT NULL COMMENT 'Название',
  `image` varchar(255) DEFAULT NULL COMMENT 'Изображение',
  `description` text COMMENT 'Описание',
  `status_id` tinyint(1) DEFAULT NULL COMMENT 'Статус',
  PRIMARY KEY (`id`),
  KEY `status_id` (`status_id`),
  CONSTRAINT `repair_brands_ibfk_1` FOREIGN KEY (`status_id`) REFERENCES `status` (`id`)
) ENGINE=InnoDB AUTO_INCREMENT=4 DEFAULT CHARSET=utf8;

/*Data for the table `repair_brands` */

insert  into `repair_brands`(`id`,`brand_name`,`image`,`description`,`status_id`) values (1,'Vimec','','',1),(2,'Hidral',NULL,NULL,1),(3,'SKG',NULL,NULL,1);

/*Table structure for table `repair_parts` */

DROP TABLE IF EXISTS `repair_parts`;

CREATE TABLE `repair_parts` (
  `id` int(11) NOT NULL AUTO_INCREMENT,
  `title` varchar(255) DEFAULT NULL COMMENT 'Название',
  `brand_id` int(11) DEFAULT NULL COMMENT 'Бренд',
  `article` varchar(255) DEFAULT NULL COMMENT 'Артикул',
  `photo` varchar(255) DEFAULT NULL COMMENT 'Фотография',
  `status_id` tinyint(1) DEFAULT NULL COMMENT 'Статус',
  PRIMARY KEY (`id`),
  KEY `brand_id` (`brand_id`),
  KEY `status_id` (`status_id`),
  CONSTRAINT `repair_parts_ibfk_1` FOREIGN KEY (`brand_id`) REFERENCES `repair_brands` (`id`) ON DELETE CASCADE,
  CONSTRAINT `repair_parts_ibfk_2` FOREIGN KEY (`status_id`) REFERENCES `status` (`id`)
) ENGINE=InnoDB AUTO_INCREMENT=174 DEFAULT CHARSET=utf8;

/*Data for the table `repair_parts` */

insert  into `repair_parts`(`id`,`title`,`brand_id`,`article`,`photo`,`status_id`) values (1,'Безопасность баре ISO',3,'CMS','1.png',1),(2,'Башмак противовеса в сборе',3,'CMS','2.png',1),(3,'Вкладыш кабины 5,2 мм',3,'CMS','3.png',1),(4,'ВКЛАДЫШ БАШМАКА\nдля кабины 14,5 мм\n(старый стандарт)',3,'CMS','4.png',1),(5,'ВКЛАДЫШ БАШМАКА\n100 мм для\nНаправляющая 5 мм',3,'CMS','5.png',1),(6,'ВКЛАДЫШ БАШМАКА\n140 мм для\nНаправляющая 5 мм',3,'CMS','6.png',1),(7,'ВКЛАДЫШ БАШМАКА\n140 мм для\nНаправляющая 9 мм',3,'CMS','7.png',1),(8,' башмак в сборе для\ngoodslifts\nи ISO-MAX',3,'CMS','8.png',1),(9,' башмак в сборе для для\nпассажирских лифтов\nISO-PA и PM',3,'CMS','9.png',1),(10,'ролик ловителей',3,'CMS','14.png',1),(11,'Привод Дверей. Электромагнитная отводка',3,'CMS','15.png',1),(12,'Привод Дверей. Электромагнитная отводка',3,'CMS','17.png',1),(13,NULL,3,'CMS','18.png',1),(14,'Замок дверей шахты (правый)',3,'CMS','19.png',1),(15,'Замок дверей шахты (правый)',3,'CMS','20.png',1),(16,'Замок дверей шахты (Левый)',3,'CMS','21.png',1),(17,'Замок дверей шахты (Левый)',3,'CMS','22.png',1),(18,'Роликовый рычаг стандартный',3,'CMS','23.png',1),(19,'Роликовый рычаг ISO MAX\naxis 52 mm',3,'CMS','23-1.png',1),(20,'Счетчик  для\nблокировка двери\nс контактными\nмост RZ',3,'CMS','24.png',1),(21,'дверного контакта',3,'CMS','25.png',1),(22,'дверного контакта',3,'CMS','26.png',1),(23,'Портальный ключ',3,'CMS','27.png',1),(24,'декоративная заглушка',3,'CMS','28.png',1),(25,'декоративная заглушка',3,'CMS','29.png',1),(26,'тормоз (SKG 50кг.)',3,'CMS','30.png',1),(27,'тормоз (SKG 100-200кг.)',3,'CMS','30-1.png',1),(28,'тормоз (SKG 300-400кг.)',3,'CMS','30-2.png',1),(29,'шкив (два ручья, для тросов Æ 5,0)',3,'CMS','31.png',1),(30,'шкив (четыре ручья, для тросов Æ 5,0)',3,'CMS','31-1.png',1),(31,'шкив (два ручья, для тросов Æ 6,0)',3,'CMS','31-2.png',1),(32,'шкив (четыре ручья, для тросов Æ 6,0)',3,'CMS','31-3.png',1),(33,'трос (0,5; 0,6; 6,5)',3,'CMS','32.png',1),(34,'Зажим',3,'CMS','33.png',1),(35,'Зажим для тросов (5,0; 6,0; 6,5мм)',3,'CMS','34.png',1),(36,'зажимная пластина',3,'CMS','35.png',1),(37,'зажимная пластина',3,'CMS','36.png',1),(38,NULL,3,'CMS','37.png',1),(39,NULL,3,'CMS','37_1.png',1),(40,'Портальный трос  (3мм)',3,'CMS','38.png',1),(41,'Зажим для троса Æ    3мм',3,'CMS','39.png',1),(42,'Трос портальный в сборе',3,'CMS','40.png',1),(43,'Контакт дверей',3,'CMS','41.png',1),(44,'Контакт дверей',3,'CMS','42.png',1),(45,'Концевой выкл.',3,'CMS','43.png',1),(46,'Концевой выкл.',3,'CMS','44.png',1),(47,'Магнитный этажный датчик.',3,'CMS','45.png',1),(48,'Магниты с\nКронштейн',3,'CMS','46.png',1),(49,'Кабель- шина',3,'CMS','47.png',1),(50,'Плата PL 102',3,'CMS','48.png',1),(51,'Плата PL 10а',3,'CMS','49.png',1),(52,'Плата PL11-6H',3,'CMS','50.png',1),(53,'Плата PL11-4H',3,'CMS','50-1.png',1),(54,'Плата поста вызова-приказа',3,'CMS','51.png',1),(55,'Плата кнопки ',3,'CMS','52.png',1),(56,'Плата управления',3,'CMS','53.png',1),(57,'Дистанционный пульт управления V64\\V65 ',1,'CMS','DSC_3489.png',1),(58,'Плата PCB',1,'CMS','DSC_3481.png',1),(59,'Кнопка вызова  для  электрического пассажирского подъемника Е07 Easy Move',1,'CMS','DSC_3454.png',1),(60,'Плата кнопки вызова гидравлического пассажирского подъемника Е07 Easy Move',1,'CMS','DSC_3456.png',1),(61,'Программатор электрического пассажирского подъемника Е10 EcoVimec',1,'CMS','DSC_3457.png',1),(62,'Кнопка стоп (в кабине) для Е07 гидравлического пассажирского подъемника Е07 Easy Move',1,'CMS','DSC_3460.png',1),(63,'Электромагнитный клапан для гидравлического пассажирского подъемника Е07 Easy Move',1,'CMS','DSC_3462.png',1),(64,'Датчик давления гидравлического пассажирского подъемника Е07 Easy Move',1,'CMS','DSC_3463.png',1),(65,'Катушка для гидравлического пассажирского подъемника Е07 Easy Move',1,'CMS','DSC_3465.png',1),(66,'Масляный фильтр для гидравлического пассажирского подъемника Е07 Easy Move',1,'CMS','DSC_3467.png',1),(67,'Шунт датчика точной остановки (установленный в шахте) для гидравлического пассажирского подъемника Е07 Easy Move',1,'CMS','DSC_3468.png',1),(68,'Доводчик дверей для гидравлического пассажирского подъемника Е07 Easy Move',1,'CMS','DSC_3471.png',1),(69,'Ролик для  наклонного инвалидного подъемника V64\\V65',1,'CMS','DSC_3475.png',1),(70,'Вкладыш для наклонного инвалидного подъемника V64\\V65',1,'CMS','DSC_3479.png',1),(71,'Ролик наклонного инвалидного подъемника V64\\V65',1,'CMS','DSC_3480.png',1),(72,'Плата PCP наклонного инвалидного подъемника V65',1,'CMS','DSC_3483.png',1),(73,'Штурвал наклонного инвалидного подъемника V64\\V65',1,'CMS','DSC_3491.png',1),(74,'Двигатель для поднятия пола инвалидной платформы V65',1,'CMS','DSC_3493.png',1),(75,'Зарядное устройство наклонного инвалидного подъемника V65',1,'CMS','DSC_3495.png',1),(76,'Пульт управления кресельным подъемником Vimec',1,'CMS','DSC_3497.png',1),(77,'Программатор наклонного инвалидного подъемника V65',1,'CMS','DSC_3498.png',1),(78,'Главная плата управления наклонного инвалидного подъемника V65',1,'CMS','DSC_3501.png',1),(79,'Главная плата управления наклонного инвалидного подъемника V65',1,'CMS','DSC_3503.png',1),(80,'Замок двери шахты  гидравлического пассажирского подъемника Е07 Easy Move',1,'CMS','DSC_3504.png',1),(81,'Переходник для фотоэлементов гидравлического пассажирского подъемника  Е07 Easy Move',1,'CMS','DSC_3461.png',1),(82,'Датчик точной остановки для гидравлического пассажирского подъемника Е07 Easy Move',1,'CMS','DSC_3470.png',1),(83,'Контакт зарядки подъемной платформы для инвалидов V65 ',1,'CMS','DSC_3484.png',1),(84,'Палец/ось',2,'CMS','311X300 (1).png',1),(85,'Оголовок штока',2,'CMS','351_000.png',1),(86,'Палец/ось',2,'CMS','351X400.png',1),(87,'Плата NEH2',2,'CMS','651X300.png',1),(88,'Шкаф управления',2,'CMS','651XX00.png',1),(89,'Элемент крепления канатов',2,'CMS','2540XXX.png',1),(90,'Звездочка цепная',2,'CMS','3011X00 cod mal Z22.png',1),(91,'Звездочка цепная',2,'CMS','3112200.png',1),(92,'Звездочка цепная',2,'CMS','3511200.png',1),(93,'шкив (Два ручья)',2,'CMS','3111200.png',1),(94,'шкив(один ручей)',2,'CMS','3112300.png',1),(95,'шкив',2,'CMS','3416100.png',1),(96,'шкив',2,'CMS','3512200.png',1),(97,'Звездочка',2,'CMS','3011200.png',1),(98,'боковой ролик (тип EH)',2,'CMS','3406X00.png',1),(99,'Тепловое реле',2,'CMS','20110XX.png',1),(100,'Контактор',2,'CMS','20121XX.png',1),(101,'Автоматический выключатель',2,'CMS','20141AA.png',1),(102,'Автоматический выключатель',2,'CMS','20141XX.png',1),(103,'Трансформатор',2,'CMS','20528XX.png',1),(104,'Соединительная муфта',2,'CMS','21302XX.png',1),(105,'Соединительная муфта для труб компенсации разрывных клапанов',2,'CMS','21303XX.png',1),(106,'Т-образная соединительная муфта',2,'CMS','21307XX.png',1),(107,'Штуцер',2,'CMS','21311XX.png',1),(108,'Штуцер',2,'CMS','21312XX.png',1),(109,'Штуцер',2,'CMS','21313XX.png',1),(110,'Штуцер',2,'CMS','21315XX.png',1),(111,'Датчик давления 2-10 бар',2,'CMS','21940XX.png',1),(112,'Датчик давления 10-20 бар',2,'CMS','21940XX_2.png',1),(113,'Шпилька',2,'CMS','23111XX.png',1),(114,'цепь',2,'CMS','25100XX.png',1),(115,'цепной замок',2,'CMS','25101XX.png',1),(116,'Пистон клапана спуска',2,'CMS','61124XX.png',1),(117,'Стакан',2,'CMS','631030X.png',1),(118,'Комплект манжет гидроцилиндра',2,'CMS','631039X.png',1),(119,'Канат',2,'CMS','1431062.png',1),(120,'Реле платы MEH3\\AD',2,'CMS','2010226.png',1),(121,'Микровыключатель',2,'CMS','2031104.png',1),(122,'Магнитный датчик гидравлического упора',2,'CMS','2032501.png',1),(123,'Трансформатор',2,'CMS','2052025.png',1),(124,'Диодный мост',2,'CMS','2056435.png',1),(125,'Зеленая кнопка',2,'CMS','2071301.png',1),(126,'Кнопка стоп',2,'CMS','2071302.png',1),(127,'Индикатор зеленый',2,'CMS','2076301.png',1),(128,'Индикатор красный',2,'CMS','2076302.png',1),(129,'Зуммер',2,'CMS','2076754.png',1),(130,'Электромагнитный клапан',2,'CMS','2123014.png',1),(131,'Катушка для гидравлических упоров???',2,'CMS','2127033.png',1),(132,'Т-образная соединительная муфта',2,'CMS','2130731.png',1),(133,'Соединительная муфта',2,'CMS','2131617.png',1),(134,'Монометр',2,'CMS','2193625.png',1),(135,'Электромеханический замок Prudhomme',2,'CMS','2255314.png',1),(136,'Электромеханический замок Gervalle',2,'CMS','2255323.png',1),(137,'Кнопка \"СТОП\"',2,'CMS','2270410.png',1),(138,'Отводка',2,'CMS','2271121.png',1),(139,'Гайка стопорная',2,'CMS','2332008.png',1),(140,'Ось',2,'CMS','2511205.png',1),(141,'Оголовок штока',2,'CMS','3011000.png',1),(142,'Ролик ø100/160',2,'CMS','3109000.png',1),(143,'???',2,'CMS','3222100.png',1),(144,'Боковой ролик тип EH\\4C1',2,'CMS','3506400.png',1),(145,'Боковой ролик тип EH\\4C2',2,'CMS','3506500.png',1),(146,'Оголовок штока',2,'CMS','3511000.png',1),(147,'Палец мертвяка цепи',2,'CMS','3522100.png',1),(148,'набор уплотнителей для блока клапанов',2,'CMS','6112050.png',1),(149,'Пистон для клапана',2,'CMS','6112201.png',1),(150,'Кольцо уплотнительное',2,'CMS','6112202.png',1),(151,'Шестигранник',2,'CMS','6122002.png',1),(152,'Клапан ручного спуска',2,'CMS','6122810.png',1),(153,'Гидроагрегат',2,'CMS','6220033.png',1),(154,'Гидроагрегат с двумя двигателями',2,'CMS','6220036.png',1),(155,'Блок клапанов',2,'CMS','6232000.png',1),(156,'Заглушка',2,'CMS','6310001.png',1),(157,'Разрывной клапан',2,'CMS','6311110.png',1),(158,'NEH 2 PCB',2,'CMS','6511100.png',1),(159,'Плата MEH3 PCB',2,'CMS','6515010.png',1),(160,'Плата MEH3\\AD PCB',2,'CMS','6516010.png',1),(161,'?',2,'CMS','6518830.png',1),(162,'Пост вызова\\приказа с блокировкой',2,'CMS','6605330.png',1),(163,'Пост вызова\\приказа',2,'CMS','6605600.png',1),(164,'Кронштейн в сборе с микровыключателями',2,'CMS','6621300.png',1),(165,'Лыжа',2,'CMS','6641201.png',1),(166,'Соединительная коробка',2,'CMS','6644100.png',1),(167,'Соединительная плата',2,'CMS','6645210.png',1),(168,'Пульт\\пост ревизии',2,'CMS','6646410.png',1),(169,'Упор электрический',2,'CMS','6701000.png',1),(170,'Направляющий винт для электрических упоров',2,'CMS','6701006.png',1),(171,'Катушка электромагнита электрического упора Hidral',2,'CMS','6701200.png',1),(172,'упор гидравлический',2,'CMS','6702000.png',1),(173,'Вкладыш',2,'CMS','20102264.png',1);

/*Table structure for table `reviews` */

DROP TABLE IF EXISTS `reviews`;

CREATE TABLE `reviews` (
  `id` int(11) NOT NULL AUTO_INCREMENT,
  `title` varchar(255) DEFAULT NULL COMMENT 'Заголовок',
  `meta_keyword` varchar(255) NOT NULL COMMENT 'meta_keyword',
  `meta_description` varchar(255) NOT NULL COMMENT 'meta_description',
  `description` varchar(255) NOT NULL COMMENT 'Описание',
  `short_text` text NOT NULL COMMENT 'Текст отзыва короткий',
  `long_text` text NOT NULL COMMENT 'Текст отзыва полный',
  `tour_img` varchar(255) DEFAULT NULL COMMENT 'Изображение тура',
  `client_img` varchar(255) DEFAULT NULL COMMENT 'Фотография клиента',
  `name` varchar(255) DEFAULT NULL COMMENT 'Имя',
  `position` varchar(255) DEFAULT NULL COMMENT 'Должность',
  `status_id` tinyint(1) DEFAULT NULL COMMENT 'Статус',
  `tour_name` varchar(255) NOT NULL COMMENT 'Название тура',
  `cost` varchar(255) NOT NULL COMMENT 'Стоимость',
  `tour_id` int(11) DEFAULT NULL COMMENT 'Тур',
  `sort` int(11) DEFAULT NULL COMMENT 'Сортировка',
  PRIMARY KEY (`id`),
  KEY `status_id` (`status_id`),
  KEY `tour_id` (`tour_id`),
  CONSTRAINT `reviews_ibfk_1` FOREIGN KEY (`status_id`) REFERENCES `status` (`id`),
  CONSTRAINT `reviews_ibfk_2` FOREIGN KEY (`tour_id`) REFERENCES `tours` (`id`) ON DELETE CASCADE
) ENGINE=InnoDB AUTO_INCREMENT=5 DEFAULT CHARSET=utf8;

/*Data for the table `reviews` */

insert  into `reviews`(`id`,`title`,`meta_keyword`,`meta_description`,`description`,`short_text`,`long_text`,`tour_img`,`client_img`,`name`,`position`,`status_id`,`tour_name`,`cost`,`tour_id`,`sort`) values (1,'Отзыв о бали','','','тут какое то описание!!','Текст отзыва короткий<br />\r\nlkhuyfu','&quot;Текст отзыва полный 123&quot;','596a57959e29a.jpg','596a57dcf0ed7.jpg','Олег','Менджер',1,'На бали','2000 бачинских!!!',3,0),(2,NULL,'','','','','','596a5832e954c.jpg',NULL,'sdf','pdf',1,'ed','sdf',3,0),(4,NULL,'','','','Очень благодарны судьбе за то, что познакомились с лучшим, по нашему мнению, гидом!','Очень благодарны судьбе за то, что познакомились с лучшим, по нашему мнению, гидом! Ваян покорил своей честностью, пунктуальностью, отличным юмором и владением не просто хорошим русским, а еще и популярным русским сленгом Во время экскурсий постоянно хохотали \r\n Путешествовали впервые на Бали, но за три экскурсии, сумели охватить главные и самые популярные места острова! Мы очень довольны! Столько красоты увидеть за небольшой промежуток времени! Столько интересного узнать из жизни балийцев. Ваян Гриа большой молодец! \r\n Он для нас не только замечательный гид на Бали, но теперь и хороший друг!\r\nЖдем его с ответным визитом в нашу страну','596e122426f69.jpg','596e12243d594.jpg','Олег и Женя','Беларусь',1,'Танах Лот','50$',3,0);

/*Table structure for table `slugs` */

DROP TABLE IF EXISTS `slugs`;

CREATE TABLE `slugs` (
  `id` int(11) NOT NULL AUTO_INCREMENT,
  `alias` varchar(190) NOT NULL,
  `route` varchar(255) NOT NULL,
  PRIMARY KEY (`id`),
  UNIQUE KEY `alias` (`alias`)
) ENGINE=InnoDB AUTO_INCREMENT=57 DEFAULT CHARSET=utf8;

/*Data for the table `slugs` */

insert  into `slugs`(`id`,`alias`,`route`) values (3,'hophop','/site/about'),(8,'vap','rt'),(9,'privet-sranaya-khernya-gavno222-oppa','trew'),(10,'avpaprprv123','wertwertw'),(11,'123123privet','/news/view/18'),(12,'ppvapyvpv','/news/view/19'),(13,'ppvapyvpv-2','/news/view/20'),(14,'privet-sranaya-khernya-gavno222-oppa12312123','/news/view/21'),(15,'2ef','/news/view/22'),(16,'kf-kf','/projects/view/46'),(17,'pochemu-tak-sluchilos123','/projects/view/47'),(18,'123','/projects/view/48'),(19,'123-2','/projects/view/49'),(20,'123-3','/projects/view/50'),(21,'123-4','/projects/view/51'),(22,'123-5','/projects/view/52'),(23,'123-6','/projects/view/53'),(24,'123-7','/projects/view/54'),(25,'vyva','/projects/view/55'),(26,'vyva-2','/projects/view/56'),(27,'vyva-3','/projects/view/57'),(28,'123-8','/projects/view/58'),(29,'123-9','/projects/view/59'),(30,'yva','/projects/view/60'),(31,'123-10','/projects/view/1'),(32,'123-11','/news/view/23'),(33,'123-12','/news/view/24'),(34,'dfdf','/news/view/25'),(35,'123-13','/news/view/26'),(36,'123-14','/news/view/1'),(37,'123-15','/news/view/2'),(38,'123-16','/news/view/3'),(39,'privet-sranaya-khernya-gavno222-oppa12312','/news/view/4'),(40,'123-17','/news/view/5'),(41,'123-18','/news/view/6'),(42,'123-19','/news/view/1'),(43,'123-20','/news/view/2'),(44,'111','/projects/view/1'),(45,'123-211231','/news/view/3'),(46,'13','/news/view/4'),(47,'123-21','/news/view/5'),(48,'privetprivetkhakhakhakh','/news/view/6'),(49,'123-22','/news/view/7'),(50,'123123privet-2','/news/view/8'),(51,'123-23','/news/view/9'),(52,'132','/news/view/10'),(53,'123-24','/news/view/11'),(54,'123-25','/news/view/12'),(55,'newst','/news/view?id=13'),(56,'12','/projects/view/2');

/*Table structure for table `social` */

DROP TABLE IF EXISTS `social`;

CREATE TABLE `social` (
  `id` int(11) NOT NULL AUTO_INCREMENT,
  `title` varchar(255) DEFAULT NULL COMMENT 'Название',
  `url` varchar(255) DEFAULT NULL COMMENT 'Адрес',
  `status_id` tinyint(1) DEFAULT '1' COMMENT 'Статус',
  PRIMARY KEY (`id`),
  KEY `status_id` (`status_id`),
  CONSTRAINT `social_ibfk_1` FOREIGN KEY (`status_id`) REFERENCES `status` (`id`)
) ENGINE=InnoDB AUTO_INCREMENT=7 DEFAULT CHARSET=utf8;

/*Data for the table `social` */

insert  into `social`(`id`,`title`,`url`,`status_id`) values (1,'vkontakte','http://vk.com',1),(2,'facebook','http://facebook.com',1),(3,'odnoklassniki',NULL,1),(4,'youtube',NULL,1),(5,'instagram',NULL,1),(6,'twitter',NULL,1);

/*Table structure for table `status` */

DROP TABLE IF EXISTS `status`;

CREATE TABLE `status` (
  `id` tinyint(1) NOT NULL,
  `label` varchar(255) NOT NULL COMMENT 'Статус',
  `sort` tinyint(1) DEFAULT NULL,
  PRIMARY KEY (`id`)
) ENGINE=InnoDB DEFAULT CHARSET=utf8;

/*Data for the table `status` */

insert  into `status`(`id`,`label`,`sort`) values (0,'Не активно',2),(1,'Активно',1);

/*Table structure for table `task_type` */

DROP TABLE IF EXISTS `task_type`;

CREATE TABLE `task_type` (
  `id` int(11) NOT NULL AUTO_INCREMENT,
  `title` varchar(255) DEFAULT NULL COMMENT 'Название объекта',
  `sort` int(11) DEFAULT NULL COMMENT 'Сортировка',
  PRIMARY KEY (`id`)
) ENGINE=InnoDB AUTO_INCREMENT=3 DEFAULT CHARSET=utf8;

/*Data for the table `task_type` */

insert  into `task_type`(`id`,`title`,`sort`) values (1,'Для инвалидов',1),(2,'Для пожилых',NULL);

/*Table structure for table `tour_program` */

DROP TABLE IF EXISTS `tour_program`;

CREATE TABLE `tour_program` (
  `id` int(11) NOT NULL AUTO_INCREMENT,
  `tour_id` int(11) DEFAULT NULL COMMENT 'Тур',
  `days` varchar(255) NOT NULL COMMENT 'Дни',
  `location` varchar(255) NOT NULL COMMENT 'Места',
  `description` text NOT NULL COMMENT 'Описание',
  `status_id` tinyint(1) DEFAULT NULL COMMENT 'Статус',
  `sort` int(16) DEFAULT NULL COMMENT 'Сортировка',
  `day_hour` varchar(255) DEFAULT NULL COMMENT 'Дни - часы',
  PRIMARY KEY (`id`),
  KEY `tour_id` (`tour_id`),
  CONSTRAINT `tour_program_ibfk_1` FOREIGN KEY (`tour_id`) REFERENCES `tours` (`id`) ON DELETE CASCADE
) ENGINE=InnoDB AUTO_INCREMENT=55 DEFAULT CHARSET=utf8;

/*Data for the table `tour_program` */

insert  into `tour_program`(`id`,`tour_id`,`days`,`location`,`description`,`status_id`,`sort`,`day_hour`) values (1,3,'0:00','Трансфер из Вашего отеля','Трансфер из вашего отеля до подножья горы Агунг',1,1,'часов'),(3,3,'2:00','Подножие горы Агунг','Прибытие к подножью горы Агунг',1,2,'часов'),(4,3,'4:30','Вершина священной горы острова Бали - Агунг','Прибытие на вершину Агунга',1,3,'часов'),(7,4,'16:00 ','Посещения пляжа Пандава и Дримленд','Первая остановка – пляж Пандава, где находятся вырезанные в скале статуи индуистских божеств. \r\nЗатем Вы посетите знаменитый пляж Дримлэнд.',1,2,'часов'),(8,9,'9:00','Встреча в отеле и дорога в храм Танах Лот','В 9:00 утра вас будет ждать около вашего отеля водитель, который отвезет вас на первое место нашей экскурсионной программы - к храму Танах Лот, который является одним из 9-ти священных балийских храмов. Примечателен он тем, что находится в море, на куске скалы, и приблизится к нему можно только во время отлива\r\n\r\n',1,1,'утра'),(9,10,'2:00','Встречаемся в лобби вашего отеля и отправляемся к подножию г. Батур','<div style=\"text-align: justify;\">Рускоговорящий водитель заберет вас из отеля и под покровом ночи вы отправитесь к подножию вулкана.&nbsp;</div>\n\n<div style=\"text-align: justify;\">Туристов, которые живут в районе <strong>Нуса Дум, Кута, Семиньяк, Чангу</strong> - мы забираем в 1:30 утра. <strong>Улувату и Букит </strong>- 1:00. В районе <strong>Санур</strong> - 2:00. Туристов живущих в <strong>Убуде</strong> в 2:30 утра.</div>\n\n<div style=\"text-align: justify;\">Перед восхождением гид проведёт брифинг и инструктаж, выдаст фонарики. Одевайтесь потеплее: на вершине довольно прохладно и ветер. Ваше восхождение начинается! Трасса не сложная, доступна человеку с минимальной физической подготовкой, однако мы просим вас прислушиваться к рекомендациям гида, чтобы не заблудиться в темноте или не пораниться.</div>\n',1,NULL,'часа утра'),(10,10,'4:00','Подножие вулкана, начинаем подъем','К вершине вы доберётесь как раз к началу рассвета. Если вы хотите поснимать, у вас будет время установить оборудование и выбрать лучшие ракурсы. Завораживающий, восхитительный рассвет стоит любых усилий. Если вам повезёт, то поднимется туман и волшебство этого места превзойдёт все ожидания. Вы окажетесь нигде посреди ничего — это непередаваемое ощущение.',1,NULL,'часов'),(11,10,'6:00','Встречаем рассвет на вершине вулкана Батур','Встречаем рассвет. Гид приготовит необычный завтрак на вершине вулкана: яйца на горячем водяном пару, горячий чай или кофе. После завтрака медленно спустимся, любуясь окрестностями. По желанию, у подножия вулкана вы можете искупаться в горячих источниках, выпить свежевыжатого сока и насладиться вкусным обедом с видом на Батур.',1,NULL,'часов'),(13,4,'18:00 ','Посещения храма Улувату','Его еще называют \"храмом на краю земли\", так как он возвышается на 100-метровой скале. На территории храма Улувату находится Лес обезьян, где Вы также сможете прогуляться и покормить их фруктами. \r\nИз храма открывается невероятный вид на скалы и океан.  Здесь же во время заката Вы посмотрите знаменитый огненный танец Кечак. Это один из древнейших балийских ритуальных танцев. \r\n\r\n',1,3,'часов'),(14,4,'15:00','Встреча с гидом в лобби вашего отеля','Экскурсия начинается с того, что в холле вашего отеля после обеда, в районе 15:00 часов, вас будет ждать русскоговорящий гид, с которым вы отправитесь на пляж Пандва, о котором экскурсовод расскажет вам много интересных фактов. ',1,1,'часов'),(15,5,'9:00','Встреча с гидом в лобби Вашего отеля','Утром, в холле вашего отеля, вас будет ждать ваш гид, который проведет вас по самым таинственным уголочкам восточной части Острова Богов. ',1,1,'часов'),(16,5,'11:00','Храм Гоа Лавах или Дворец Летучей Мыши','Первым местом для посещения станет  храм летучих мышей Гоа Лавах, где вы увидите как с визгом и хлопаньем крыльев на закате в небо вырываются тысячи летучих мышей. ',1,2,'часов'),(17,5,'13:00','Шоколадная фабрика','После Дворца Летучей Мыши вы отправитесь прямиком на шоколадную фабрику Чарли. Здесь повсюду вкуснейший шоколад и сладости,  сказочные декорации среди тропических лесов и праздничная атмосфера',1,3,'часов'),(18,5,'14:30 ','Водный дворец Тигра Гангга','Далее вы посетите Водный дворец Тирта Ганга, который представляет собой прекрасный парк с большим количеством фонтанов и купален. Здесь вы в полной мере прочувствуете тонкости культуры Хинду',1,4,'часов'),(19,5,'17:00','Водный дворец Таман Уджунг','Второй дворец, который вы посетите в рамках этой экскурсии,  был так же построен королём Анак Агунг Англурах Кетут и называется Tаман Уджунг. По преданию король лично принимал участие в строительстве этого дворца наряду с простыми рабочими, строительство и проектировка было его хобби. ',1,5,'часов'),(20,20,'9:00','Встреча с гидом в лобби Вашего отеля','В 9:00 утра вас встретит экскурсовод в лобби вашей гостиницы, с которым вы направитесь к первому месту в вашей экскурсионной программы - Водному дворцу Тирта Ганга.\r\n',1,1,'часов'),(21,20,'11:00','Дворец Тирта Ганга','Посетить дворец Тирта Ганга состоит каждому: этот монументальный дворец состоит из 3-х небольших комплексов, десятка статуй, мостиков \r\n',1,2,'часов'),(22,20,'13:00','Посещение храма Пура Лямпуянг','Этот храм вляется одним из самых древних комплексов на Бали. Он включает в себя 10 храмов, которые находятся в восточной части Бали на склоне Лямпуянг. Как и Бесаких, Лемпуянг состоит их семи уровней и главный храм (Luhur Lempuyang) возвышается над остальными. Чтобы к нему подняться, необходимо будет миновать 1700 ступенек.',1,3,'часов'),(23,20,'14:00','Дворец Таман Уджунг','В центр нашего путешествия мы поставили превосходный дворец на воде - Таман Уджунг Парк Уджунг изобилует великолепной флорой и фауной, он достаточно красивый и живописный.  ',1,4,'часов'),(24,20,'15:00 ','Храм Летучей Мыши или Гоа Лавах','Следующим местом для посещения станет  Храм Летучей Мыши или  Гоа Лавах, где вы увидите как с визгом и хлопаньем крыльев в небо вырываются тысячи летучих мышей. ',1,5,'часов'),(25,20,'17:00','Шоколадная фабрика Чарли','После Дворца Летучей Мыши вы отправитесь прямиком на шоколадную фабрику Чарли. Здесь повсюду вкуснейший шоколад и сладости,  сказочные декорации среди тропических лесов и праздничная атмосфера',1,5,'часов'),(27,7,'9:00','Трансфер из отеля до пляжа Ловина','В 9:00 утра вас будет ждать около вашего отеля водитель, который отвезет вас на первое место нашей экскурсионной программы - на пляж Ловина с черным вулканическим песком. Вдоль линии берега расположено шесть деревень, в каждой из которых много ферм и различных плантаций. \r\n',1,1,'утра'),(28,7,'11:00','Катание на традиционной балийской лодке','В лучах утреннего солнца капитан небольшого балийского рыбацкого судна “джукунг” отправится вместе с вами прямо в Тихий океан, по маршруту следования дельфинов. Так что вполне вероятно, что вы встретите этих удивительных морских обитателей \r\n',1,2,'часов'),(29,7,'13:00','Водопад Секумкул','Следующим пунктом нашей программы будет комплекс из 7 водопадов - Секумпул, священное место для каждого жителя Бали. Высота самого крупного водопада составляет 80 метров. Покидая это природное чудо, вы проездом сможете полюбоваться на горные озера Буян и Тамблинган. \r\n',1,3,'часов'),(30,7,'15:00','Едем в Храм Улан Дану','В середине вашего пути вам представится возможность посетить храм  Пура Улун Дану, который находится на священном озере Бератан в окружении густых тропических зарослей.',1,4,'часов'),(31,7,'16:30','Заброшенный отель','После небольшого обеденного перерыва вы направитесь в таинственное и даже мистическое место - заброшенный отель P. I. Bedugul Taman Rekreasi Hotel & Resort. Это огромное здание отличается изяществом архитектуры, роскошью и великолепием внешнего и внутреннего оформления, а с террасы открывается великолепный вид на горы. \r\n',1,5,'часов'),(32,7,'19:00','Возвращаемся в отель','К 18:00 часам вечера, как раз на заходе солнца, наша экскурсия подойдет к концу. Вы можете полюбоваться невероятно красивым закатом, после чего водитель отвезет вас обратно в гостиницу. ',1,6,'часов'),(33,8,'9:00','Дорога из отеля до водопада Гит-Гит','Посещение водопада Гит-Гит, который находится в живописном месте между плантациями гвоздики и рисовыми террасами неподалеку от города Сингараджа. Высотой более 40 метров, состоящий из нескольких уровней, водопад Гит-Гит считается одним из самых высоких на острове.\r\n',1,NULL,'утра '),(34,8,'14:00','Посещение водопада Мундук','Последний водопад в нашей экскурсионной программе - Мундук, высота которого достигает 26 метров. Расположен он, как и большинство других водопадов, в самом сердце джунглей, и чтобы добраться до него, вам нужно будет взобраться на высоту 300 метров, к тому же в нем вы можете искупаться. После посещения последнего водопада гид отвезет Вас назад в отель.',1,NULL,'часов'),(35,9,'12:00','Водопад Гит-Гит','После этого удивительного храма вы отправитесь к водопаду Гит-Гит. Пожалуй, это один из самых красивых водопадов на острове. Свое название он получил благодаря своему внешнему виду: он имеет два струи, которые каскадом спускаются со скалы. \r\n',1,2,'часов'),(36,9,'14:00','Дорога в храм Улан Дану','В середине пути вам представится возможность посетить храм Пура Улун Дану, который находится на священном озере Бератан в окружении густых тропических зарослей. ',1,3,'часов'),(37,9,'16:00','Заброшенный отель','После небольшого обеденного перерыва вы направитесь в таинственное и даже мистическое место - заброшенный отель P. I. Bedugul Taman Rekreasi Hotel & Resort. Это огромное здание отличается изяществом архитектуры, роскошью и великолепием внешнего и внутреннего оформления, а с террасы открывается великолепный вид \r\n',1,4,'часов'),(38,9,'18:00','Возвращаемся в отель','Полюбовавшись закатом солнца с террасы заброшенного отеля, вас отвезут в вашу гостиницу, где вы можете отдохнуть после насыщенного экскурсионного дня по северо-западной части острова Бали\r\n',1,5,'часов'),(39,12,'1','Лабуанбаджо,  остров Ринча и Комодо','7:30 вылет с бали \r\n9:00 Лабуанбаджо\r\nПервый день посмотри остров ринча, комодо и ночуем на корабле',1,NULL,'День'),(40,12,'2','Розовый пляж, Снорклинг, Манты, Остров Бидадари','Второй ден посомтрим пляж с розовым песком там покупаемся и по снорклим, потом поедем на манта поинт -купаться с мантами, после остров Бидадари и домой в порт\r\nв 16:00 летим на бали',1,NULL,'День '),(41,17,'9:00','Встеча в лобби отеля и дорога в Туламбен','Встреча в отеле + Помимо дайвинга вас ожидает увлекательное путешествие на восток острова. Вы увидите живописные рисовые террасы, пляж с чёрным песком, смену климатических поясов. Персональное внимание к вам и отличное настроение, много фотографий, захватывающих видов, красоты и первобытность востока Бали не оставят вас равнодушным!',1,NULL,'часов'),(42,17,'11:00','Подготовка к погружению и дайвинг в Туламбене','Погружение. Возвращение в отель.',1,NULL,'часов'),(43,8,'16:00','Водопад Алинг-Алинг','Последний пункт в нашей экскурсии - водопад Алинг-Алинг, высота которого составляет 35 метров. Знаменит он тем, что вокруг него находится много других маленьких водопадов. Здесь можно искупаться в лагуне, съехать вниз по водопаду и, для самых смелых, - прыгнуть со скалы в лагуну!\r\n',1,NULL,'часов'),(44,21,'1','Нуса Пенида','<br />\n<span style=\"font-size:20px;\">​​​​<strong>&mdash;&nbsp;6:30</strong></span> Трансфер&nbsp;заберёт&nbsp;вас из отеля на Бали и доставит в порт;<br />\n<strong><span style=\"font-size:20px;\">&mdash;&nbsp;9:15</span><span style=\"font-size:18px;\"> </span></strong>Прибытие в порт&nbsp;острова Нуса Пенида. Заселение в отель и завтрак;<br />\n<span style=\"font-size:20px;\"><strong>&mdash;&nbsp;11:00</strong></span> Отправление из отеля на экскурсию: восточные пляжи Нуса Пенида, лучшие панорамные виды острова с прибрежных скал, восхождение в горы и спуск по скалистой тропе к белоснежному&nbsp;пустынному&nbsp;пляжу Atuh;<br />\n<span style=\"font-size:20px;\"><strong>&mdash;&nbsp;16:00-17:00</strong> </span>Возвращение в отель, ужин, отдых и расслабление после насыщенного дня. в отель и завтрак; отправление из отеля на экскурсию: восточные пляжи Нуса Пенида, лучшие панорамные виды острова с прибрежных скал, восхождение в горы и спуск по скалистой тропе к белоснежному пустынному пляжу Atuh; возвращение в отель, ужин, отдых и расслабление после насыщенного дня.',1,NULL,'День'),(45,21,'2','Нуса Пенида','<br />\n<strong><span style=\"font-size:20px;\">&mdash;&nbsp;07:00</span></strong> Ура, день снорклинга!&nbsp;Вы прослушаете&nbsp;брифинг для комфортного нахождения в океане и вперед: нырять!&nbsp;Целый день вы ездите&nbsp;по самым красивым бухтам острова и плаваете на лучших спотах;<br />\n<span style=\"font-size:20px;\"><strong>&mdash;&nbsp;13:30</strong></span> Обед и посещение природного&nbsp;бассейна на пляже Angel&#39;s Billabong Beach и Broken Beach.<br />\n<strong><span style=\"font-size:20px;\">&mdash;&nbsp;15:30</span></strong> Отправление из порта острова Нуса Пенида;<br />\n<span style=\"font-size:20px;\"><strong>&mdash;&nbsp;17:00</strong></span> Прибытие на остров Бали, трансфер в отель.',1,NULL,'день'),(46,14,'1 ','Трансфер из отеля в порт Гилиманук','Вечером, в 19:00 часов, когда день будет приближаться к концу и солнце прятаться за горизонт, за вами заедет гид и отвезет вас в порт Гилиманук,  откуда отплывает паром на остров Ява. ',1,1,'день'),(47,14,'1','Переправа к подножью вулкана','Уже через час, в 20:00 вы будете на пароме в порту Гилиманук, который переправит вас из острова Бали к восточному побережью острова Ява, где находится вулкан.',1,2,'день'),(49,8,'18:00 ','Трансфер до вашего отеля','После завершения экскурсии, в конце насыщенного дня, трансфер доставит вас по месту жительства в ваш отель., где вы сможете расслабиться и проводить сансет, вспоминая этот яркий день!',1,NULL,'часов'),(50,4,'20:00','Ужин на пляже Джимбаран и трансфер в отель','В конце путешествия гид может отвезти Вас, если вы проголодаетесь и захотите поужинать на берегу океана, на пляж Джимбаран, где находятся знаменитые рыбные рестораны прямо на берегу океана.  После этого Вас отвезут домой.',1,4,'часов'),(51,14,'1','Стоянка и отдых перед подъемом','В 22:00 вы уже будете в базовом лагере, где все желающие смогут передохнуть после дороги, подкрепиться и набраться сил перед предстоящим подъемом на вершину вулкана \r\n',1,3,'день'),(52,14,'2','Начало восхождения','В 2:00 ночи гид поведет вас прямо к вершине вулкана, откуда открывается фантастически-прекрасная картина! В 6:00 утра вы уже будете на вершине созерцать восход солнца, любуясь местными пейзажами. ',1,4,'день'),(53,14,'2','Спуск к базовому лагерю','В 8:00 утра, встретив рассвет и вдоволь налюбовавшись \"марсианскими\" пейзажами,  вам предстоит спуск обратно. По желанию, у подножия вулкана вы можете искупаться в горячих источниках, выпить стаканчик сока и пообедать с видом на Батур',1,5,'день'),(54,14,'2','Трансфер на Бали и в отель','В 15:00 вас будет ожить паром, который доставит вас на остров Бали, к тому самому порту, откуда вы приплыли днем ранее - Гилиманук. Там вас будет ожидать машина с водителем, который доставит вас в ваш отель',1,6,'день');

/*Table structure for table `tours` */

DROP TABLE IF EXISTS `tours`;

CREATE TABLE `tours` (
  `id` int(11) NOT NULL AUTO_INCREMENT,
  `meta_title` varchar(255) NOT NULL,
  `meta_keywords` varchar(255) NOT NULL,
  `meta_description` varchar(255) NOT NULL,
  `title` varchar(255) NOT NULL COMMENT 'Название',
  `status_id` tinyint(1) DEFAULT NULL COMMENT 'Статус',
  `type_id` int(11) DEFAULT NULL COMMENT 'Категория',
  `sort` int(10) DEFAULT NULL COMMENT 'Сортировка',
  `stars` int(1) DEFAULT NULL COMMENT 'Звезды',
  `duration` varchar(255) NOT NULL COMMENT 'Продолжительность',
  `short_description` varchar(255) NOT NULL COMMENT 'Короткое описание',
  `long_description` text NOT NULL COMMENT 'Полное описание',
  `places` varchar(255) NOT NULL COMMENT 'Мест доступно',
  `destination_id` int(11) DEFAULT NULL COMMENT 'Пункт назначения',
  `new_price` decimal(10,0) DEFAULT NULL COMMENT 'Новая цена',
  `old_price` decimal(10,0) DEFAULT NULL COMMENT 'Старая цена',
  `tour_img` varchar(255) DEFAULT NULL COMMENT 'Изображение тура',
  `short_program` varchar(255) NOT NULL COMMENT 'Программа',
  `slug` varchar(255) DEFAULT NULL COMMENT 'Ссылка',
  `popular` tinyint(1) DEFAULT NULL COMMENT 'Популярный',
  `hit` tinyint(1) NOT NULL COMMENT 'Хит',
  `sale` tinyint(1) NOT NULL COMMENT 'Распродажа',
  `duration_type` int(1) NOT NULL COMMENT 'Тип продолжительности',
  `duration_time` int(11) NOT NULL COMMENT 'Продолжительность',
  `program_description` text NOT NULL COMMENT 'Описание программы',
  PRIMARY KEY (`id`),
  KEY `status_id` (`status_id`),
  KEY `tours_ibfk_2` (`type_id`),
  KEY `destination_id` (`destination_id`),
  CONSTRAINT `tours_ibfk_1` FOREIGN KEY (`status_id`) REFERENCES `status` (`id`),
  CONSTRAINT `tours_ibfk_2` FOREIGN KEY (`type_id`) REFERENCES `tours_type` (`id`),
  CONSTRAINT `tours_ibfk_3` FOREIGN KEY (`destination_id`) REFERENCES `destination` (`id`)
) ENGINE=InnoDB AUTO_INCREMENT=27 DEFAULT CHARSET=utf8;

/*Data for the table `tours` */

insert  into `tours`(`id`,`meta_title`,`meta_keywords`,`meta_description`,`title`,`status_id`,`type_id`,`sort`,`stars`,`duration`,`short_description`,`long_description`,`places`,`destination_id`,`new_price`,`old_price`,`tour_img`,`short_program`,`slug`,`popular`,`hit`,`sale`,`duration_type`,`duration_time`,`program_description`) values (3,'Восхождение на вулкан Агунг - самую высокую гору на острове Бали. Описание, фото, цены','Восхождение на Агунг, туры на Агунг, трекинг агунг, подъем на агунг бали','Восхождение на священную гору Бали - Агунг, посещение храма Бесаких. Экскурсия на Бали гидом для взрослых и детей. Трансфер от отеля до места сбора ','Восхождение на Агунг',1,1,2,5,'6 часов','Не каждому под силу совершить восхождение на вершину самой священной горы Бали - Агунг','Полное описание','до 5 чел.',4,40,1900,'596b914fc3bb4.jpg','Подъем, рассвет, спуск','zagolovok-2',1,0,0,1,6,'<h2 style=\"text-align: center;\">Восхождение на священную гору Бали - вулкан Агунг&nbsp;</h2>\r\n\r\n<p style=\"text-align: justify;\">Гора Агунг, расположенная в восточной части острова, не только самая высокая гора на индонезийском острове Бали (высота ее составляет 3142 м), но и самая почитаемая и даже священная среди местного населения. Не каждый осмелится совершить восхождение на вершину этого вулкана, но тот, кто все-таки решится на этот подвиг, в конце пути сможет созерцать фантастический панорамный вид на Бали и близлежащие острова (Ява, Нуса Пенида и Лембоган). На самой вершине Агунга вы почувствуете себя птицей, парящей в облаках.&nbsp;</p>\r\n\r\n<p style=\"text-align: justify;\">Перед восхождением на вершину горы вас ждет молитвенный обряд, который пройдет в храме Бесаких, который балийцы особо почитают. По поверью, обряд совершается для того, чтобы духи не мешали всем желающим посетить гору. Восхождение на Агунг - достаточно серьезное испытание, потому требуется хорошая физическая подготовка. Около полуночи вас из отеля заберет гид, сам поход начинается около часу-двух ночи и продолится 3-3,5 часа. Добравшись на вершину Агунга вы встретите на пике горы первые лучи восходящего солнца!&nbsp;</p>\r\n'),(4,'Экскурсии с гидом в храм Улувату на острове Бали, танец Кечак и пляжи с белым песком','Храм Улувату, танец Кечак, Улувату Бали, религия Бали,  достопримечательности Бали, ','Предлагаем недорого туры в храм Улувату (Индонезия), где вам покажут танец Кечак, после чего вы отправитесь на чистейшие пляжи Бали с белым песком. Описание, фото, цены туров на остров Бали. ','Улувату и танец Кечак',1,4,2,5,'6','Окунись в амтосферу Балиских духов в Храме Улувату','','1900',1,60,1900,'596ba36241b0e.jpg','Пандава, Дримленд, Улувату','tur2',1,0,0,0,0,'<h2 style=\"text-align: center;\">Прогулка по пляжам Бали и знакомство с храмом Улувату</h2>\r\n\r\n<p style=\"text-align: justify;\">Эта увлекательная экскурсия по южному&nbsp;Бали познакомит вас с самыми красивыми пляжами южной части острова, а также с важнейшим храмовым комплексом - Улувату, где вы увидите национальный танец, который больше похож на таинственное представление - танец Кечак.&nbsp;</p>\r\n\r\n<p style=\"text-align: justify;\">Начинается экскурсия после обеда: в 15:00 вы с гидом посетите знаменитый пляж Паданг-Паданг, где проходили съемки фильма &ldquo;Ешь, молись, люби&rdquo; в главных ролях с голливудской актрисой Джулией Робертс. После того, как вы вдоволь поплаваете и позагораете, вы отправитесь на другой пляж, не менее красивый, чем предыдущий - Сулубан, где открывается красивый вид на скалы Бали.</p>\r\n\r\n<p style=\"text-align: justify;\">После посещения пляжей вы направитесь в храмовый комплекс Улувату, который находится на самой дальней точке полуострова. Здесь перед вами откроется фантастическая панорама побережья Индийского океана и тропических лесов. На заходе солнца вам покажут необычное зрелище: балийский танец Кечак, который больше напоминает спектакль или музыкальную драму. Если вы проголодаетесь, в конце экскурсионного дня вас ждет ужин из&nbsp;морепродуктов в ресторане на пляже Джимбаран.&nbsp; &nbsp;</p>\r\n'),(5,'Экскурсии по Востоку Бали. Архитектурные достопримечательности, быт и культура. Описание туров, фото, цены','экскурсии на бали, восток бали, восточный бали, бали экскурсии, экскурсии бали, экскурсии на бали цены, стоимость экскурсий на бали, остров бали экскурсии, экскурсии бали индонезия, экскурсии на острове бали, экскурсии по индонезии, отдых на бали экскурси','Экскурсии по восточному Бали с русскоязычным гидом: архитектурные памятники, религия и культура балийцев. Выбрать экскурсионный тур на Бали по низкой цене! Описание экскурсий, фото, стоимость.','Водные дворцы востока',1,4,2,5,'60','Если вы хотите почувствовать магию Бали, познакомиться с основами культуры Хинду, тогда добро пожаловать на восток Бали!','Полное описание','1900',1,70,1900,'5968cdd609397.jpg','Гоа Лавах, Тигра Гарга, ТАман Уджун','zagolovok-4',1,0,0,0,0,'<p>Восток Бали достаточно необычен и разнообразен даже для Индонезии, и все красоты этой местности вряд ли можно объехать за один день. Но мы составили для вас несколько экскурсионных программ, одну из которых хотим предложить: исследование княжества Карангасем.&nbsp;</p>\r\n\r\n<p>Первый пункт вашего маршрута - храм летучих мышей Гоа Лавах. Эта пещера стала пристанищем сотен, а то и тысяч фруктовых летучих мышей, и, как гласят легенды, исполинских размеров дракона-змея Басуки.&nbsp;</p>\r\n\r\n<p style=\"text-align: justify;\">Следующее место, которое вы посетите в рамках нашего тура - шоколадная фабрика Чарли. В этом месте все напоминает сказочный мир фэнтези: в кукольных домиках могли бы жить эльфы, на качелях между пальмами могли бы резвиться гномы, а из-за ярких декораций то и кажется вынырнут миниатюрные пони. Конечно же, здесь много, очень много вкусного шоколада!&nbsp;</p>\r\n\r\n<p style=\"text-align: justify;\">Побывав в гостях у сказки, вы вместе с гидом направитесь к Водному дворцу Тирта Ганга (в переводе означает &ldquo;священная река Ганг&rdquo;), возведенный в 1946 году королем Анак Агунг Англурах Кетут. В этом месте сосредоточено большое количество фонтанов, купален и и других природных и искусственных водоемов разной величины. Неподалеку от Тирта Ганга находится другой, не менее изящный дворец с множеством фонтанов, озер с золотыми карпами, утопающий&nbsp;в яркой зелени джунглей - Таман Уджунг. Согласно преданиям&nbsp;сам король, очарованный роскошью Версаля, принимал участие в возведении этого дворца, которое велось до 1948 года. Находясь на территории дворца Таман Уджунг вы с головой окунетесь в атмосферу древнего Королевства Маджапахит.</p>\r\n\r\n<p style=\"text-align: justify;\">В конце насыщенного экскурсионного дня вас ждет отдых на знаменитом пляже с белым песком - White Sand Beach. Купайтесь, загорайте, отдыхайте и наслаждайтесь романтическими вечерними пейзажами побережья Индийского океана. Проголодались? Тогда предлагаем вам полакомиться морепродуктами в одном из пляжных кафе.&nbsp;</p>\r\n'),(6,'Meta Title','Meta Keywords','Meta Description','Центр о. Бали ',1,3,2,5,'60','Короткое описание','Полное описание','1900',1,800,1900,'5968e718dc60d.jpg','Программа','zagolovok-5',1,0,0,0,0,'00:00:00'),(7,'Тур на север Бали: дельфины, водопад Секумпул, храм Улан Дану, заброшенный отель','север бали, пляжи севера бали, север острова бали, тур на Север Бали, тур на Север Бали цена, экскурсия на Север Бали, Север Бали описание, дельфины на Бали, тур к дельфинам Бали, что посмотреть на Севере Бали, Север Бали достопримечательности, водопад Се','Предлагаем для взрослых и детей увлекательный тур на север Бали по доступным ценам. Вы увидите настоящих дельфинов, водопад Секумпул, храм Улан Дану, заброшенный отель. Подробное описание тура, красочные фото, бронь тура прямо у нас на сайте!  ','Север острова Бали',1,1,2,5,'12','Непроходимые тропики, пляжи с вулканическим песком, редкие животные, храмы, таинственные места и многое другое вас ждет на севере Бали','Полное описание','5',1,800,1900,'59663a6a8a829.jpg','Дельфины, храмы, водопад','zagolovok-6',1,1,0,1,12,'<h2 style=\"text-align: center;\">Приглашаем вас насладиться поразительным и разнообразным миром северного Бали</h2>\r\n\r\n<p style=\"text-align: justify;\">Тур по северу Бали достаточно долгий и насыщенный: за один день вы побываете во всех уголках северной части острова и увидите все достопримечательности, которыми гордится северный Бали. Для вас эта экскурсия станет настоящим приключением!&nbsp;</p>\r\n\r\n<p style=\"text-align: justify;\">Прямо из отеля вас привезут на пляж Ловина, который знаменит своим черным вулканическим песком. Это относительно малолюдный тихий пляж, из-за отсутствия волн здесь достаточно хорошо развит снорклинг и дайвинг. Вдоль береговой линии расположились 6 небольших деревушек с множеством ферм и плантаций. Фауна и флора здешних мест отличается от других районов острова благодаря плодородной вулканической почве.</p>\r\n\r\n<p style=\"text-align: justify;\">После небольшого экскурса вас ждет морская прогулка с дельфинами. На небольшой балийской национальной рыбацкой лодке, которая называется &ldquo;джукунг&rdquo; вас провезут по местам, где водятся дельфины. Если вам повезет, то вы можете не только увидеть этих умных и дружелюбных животных, а и сделать несколько снимков на память.&nbsp;</p>\r\n\r\n<p style=\"text-align: justify;\">Затем, минуя ущелья по узким горным тропам, вы воочию увидите настоящее чудо - водопад Секумпул. В этом комплексе 7 водопадов, самый высокий - 80-метровый водопад . Еще совсем недавно это место было закрыто для посещения и только в 2010 году его открыли для туристических экскурсий. По дороге к следующей &ldquo;северной гордости&rdquo; вы будете проезжать озера Буян и Тамблинган, которые раскинулись прямо в кратере потухшего вулкана Батур.</p>\r\n\r\n<p style=\"text-align: justify;\">Природные красоты острова Бали - это далеко не все, что мы для вас приготовили. После обеда вы попадете в храм Пура Улун Дану, находящийся рядом со священным озером Бератан и окруженный тропическими лесами. Этот храм был построен в 1663 году королем Менгви и посвящен богини воды - Деви Дану, которая, по преданиям балийцев, дарует благополучие и процветание.&nbsp;</p>\r\n\r\n<p style=\"text-align: justify;\">Любителям острых ощущений, загадок и тайн, в конце нашего тура предоставляется возможность &ldquo;пощекотать&rdquo; нервы, осторожно поднимаясь по истертым временем ступеням заброшенного отеля P. I. Bedugul Taman Rekreasi Hotel &amp; Resort. Помимо своих впечатляющих размеров, этот отель поразит вас своим изяществом и роскошью, а какие только великолепные виды открываются с его террасы! Кстати, заканчивая наше путешествие, с этой террасы вы можете насладиться заходящим в горы красным диском солнца. После этого вас ждет обратный трансфер в гостиницу и уже к 20:00 часам вы будете у себя в номере.&nbsp;</p>\r\n'),(8,'Самые красивые водопады Бали: Гит-Гит, Мундук, Алинг-Алинг','водопады Бали, экскурсии на Бали, экскурсии на бали цены, экскурсии бали индонезия, экскурсии на острове бали,  отдых на бали, ','Экскурсии на Бали по низким ценам. Широкий выбор увлекательных экскурсий на острове Бали по водопадам, джунглям и другим природным достопримечательностям. Цены, описание, фото','Водопады острова Бали',1,1,2,5,'12','Самые красивые водопады Индонезии на Острое Богов! ','Полное описание','5',1,800,1900,'598c6fb7dbf74.jpg','Программа','zagolovok-3',1,0,0,1,12,'<h2 style=\"text-align: center;\">Экскурсии по невероятным водопадам острова Бали</h2>\r\n\r\n<p style=\"text-align: justify;\">Красоты 40-метрового водопада Гит-Гит не оставят вас равнодушными, как и окружающая его флора и фауна: склоны гор, рисовые поля с дымкой на склонах, стаи птиц дивной красоты. Станет жарко - спуститесь 350 ступеней вниз и окунитесь в прохладную воду Индийского океана&hellip;</p>\r\n\r\n<p>После этой прогулки вы отправитесь к неизвестному, но очень красивому водопаду Мундук, который срывается бурлящим потоком с высоты 15 метров. Здесь вы сможете побыть наедине с собой и с природой.</p>\r\n\r\n<p>Последним в списке, но не менее интересным и захватывающим дух, будет для вас посещение водопада Алинг-Алинг, высота которого составляет целых 35 метров! Вокруг этого &ldquo;чуда природы&rdquo; находятся с десяток мелких водопадов, в которых можно приятно провести время, искупаться, заняться слайдингом и даже&nbsp;прыгнуть со скалы в лагуну!&nbsp;</p>\r\n\r\n<p>Для тех, кто жаждет приключений, советуем еще посетить рисовые террасы Джатилувих площадью 300 га, расположенные на высоте 805 м над уровнем моря на горе Батукару, &nbsp;где вы можете увидеть систему ирригации полей Субак. В 2012 году эта местность была была признана Всемирным наследием ЮНЕСКО.</p>\r\n'),(9,'Тур по острову Бали: храм Танах Лот, священный водопад Гит-Гит, озеро Бератан, храм Улун Дану, клубничные плантации и заброшенный отель.','север бали, северо-запад Бали, тур на северо-запад Бали, север острова бали, тур на север Бали, тур на север Бали цена, экскурсия на север Бали, север Бали описание,  что посмотреть на севере Бали, север Бали достопримечательности, водопад Гит-Гит, храм У','Предлагаем для взрослых и детей увлекательный тур по северной части острова Бали по доступным ценам. Вы увидите священный водопад Гит-Гит, озеро Бератан, храм Улан Дану, заброшенный отель, клубничные плантации. Подробное описание тура, фото, бронь прямо у','Северо-запад о. Бали',1,4,2,5,'10','На северо-западной части острова Бали вас ждут священные водопады и храмы, горные озера и фруктовые плантации и другие, не менее интересные места','Полное описание','5',1,60,1900,'5977c1f6442d6.jpg','Танах Лот, Гит-Гит, Улан Дану','zagolovok-8',0,0,0,1,0,'<h2 style=\"text-align: center;\">Экскурсия по северо-западной части острова Бали&nbsp;</h2>\r\n\r\n<p style=\"text-align: justify;\">Экскурсионная программа по северо-западной части Бали яркая и многогранная: за один день вы побываете во всех уголках северо-запада острова и увидите самые интересные его достопримечательности. Для вас этот тур станет незабываемым! &nbsp;</p>\r\n\r\n<p style=\"text-align: justify;\">Прямо из отеля вас доставят к индуистскому храму Танах Лот, который является одним из 9-ти священных храмов на Острове Богов. Среди туристов он получил свою известность благодаря своему необычному расположению: находится он прямо в море, на куске скалы, и приблизится к нему можно только во время отлива. Это &ldquo;балийское чудо&rdquo; находится под охраной ЮНЕСКО. Сам храмовый комплекс встречает гостей монументальными воротами, ведущих к храмам и морю. Внутрь разрешается заходить только индуистам. Вас могут заинтересовать 2 смотровые площадки, которые находится неподалеку от Танах Лот. С них открывается великолепная панорама, которую вы просто обязаны увидеть и запечатлеть на фото.&nbsp;</p>\r\n\r\n<p style=\"text-align: justify;\">После храмового комплекса Танах Лот вы отправитесь к водопаду Гит-Гит - одному из самых высоких (более 40 метров) и полноводных водопадов на Бали. Такое название он получил благодаря своему внешнему виду: он имеет две&nbsp;струи, которые каскадом спускаются со скалы. У подножья водопада находится небольшое озеро, в котором можно искупаться (если вы не боитесь холодной воды).<br />\r\nСледующим обязательным пунктом для посещения является храм Пура Улун Дану, находящийся рядом со священным озером Бератан и окруженный тропическими лесами.</p>\r\n\r\n<p style=\"text-align: justify;\">И напоследок вас ждет немного жутковатое, на первый взгляд, место - заброшенный отель &nbsp;P. I. Bedugul Taman Rekreasi Hotel &amp; Resort. Помимо своих впечатляющих размеров, это здание поражает своим изяществом и роскошью, а какие только великолепные виды открываются с его террасы! Кстати с этой террасы вы можете насладиться заходящим в горы красным диском солнца. Ваше путешествие закончится около 18:00 вечера, в гостиницу вы вернетесь приблизительно к 19:00 часам.</p>\r\n'),(10,'Meta Title','Meta Keywords','Meta Description','Восхождение на Батур',1,1,2,5,'6 часов','Выбрав этот тур вы увидите один из самых красивых видов на горы на острове Бали.','','до 10 человек',4,50,60,'5977c1b30b8f5.jpg','Подъем на вулкан','zagolovok-7',0,0,0,0,6,''),(11,'Meta Title','Meta Keywords','Meta Description','Центра о. Бали',1,4,2,5,'60','Короткое описание','Полное описание','1900',1,800,1900,'596ba683e6790.jpg','Программа','zagolovok-9',0,0,0,0,0,'00:00:00'),(12,'Meta Title','Meta Keywords','Meta Description','Острова Комодо',1,1,2,5,'2','Острова Комодо','Полное описание','1900',1,800,1900,'59821ddc2045d.jpg','Программа','zagolovok-10',0,0,0,0,48,'00:00:00'),(13,'Meta Title','Meta Keywords','Meta Description','Папуа Раджа',1,1,2,5,'60','Короткое описание','Полное описание','1900',1,800,1900,'5977c28aced55.jpg','Программа','zagolovok-11',0,0,0,0,0,'00:00:00'),(14,'Восхождение на вулкан Инджен, экскурсии на острове Ява, Индонезия','туры на Инджен, восхождение на Инджен, тур на Инджен цена, экскурсия на вулкан Инджен, туры на Яву, экскурсия на остров Ява','Экскурсия на действующий вулкан Инджин на острове Ява - захватывающее дух приключение, в которое вы можете отправиться вместе с нами! Увидьте уникальные природные явления - кислотное озеро, действующий вулкан и сияние над разломом своими глазами! ','Восхождение на Инджен',1,1,2,5,'1 сутки','Фантастические пейзажи острова Ява: разлом действующего вулкана, кислотное озеро и “северное сияние” прямо на экваторе планеты!','Полное описание','от 2 человек',1,120,1900,'5968ecd38029e.jpg','Остров Ява, Иджен','zagolovok-12',0,0,0,1,24,'<p style=\"text-align: justify;\">Вы получите незабываемые впечатления, побывав около действующего вулкана Инджен, который расположен в восточной части острова Ява. Спустившись на 200 метров по ярко-красным скалам прямо в кратер вулкана, вы сможете увидеть уникальные природные явления: геологический разлом, из которого извергается горящая сера, кислотное озеро и знаменитое &ldquo;северное сияние&rdquo; - свечение тысяч огоньков бирюзового цвета.</p>\r\n\r\n<p>Спуск прямо в кратер действующего вулкана многим может показаться экстремальной и даже опасной затеей, но будьте уверены: это приключение абсолютно безопасно и совершить восхождение может каждый человек с любым уровнем физической подготовки.&nbsp;</p>\r\n\r\n<h2 style=\"text-align: center;\">Восхождение на вулкан: как это будет</h2>\r\n\r\n<p style=\"text-align: justify;\">Попасть на остров Ява можно на пароме, который отходит с Бали в 19:00 часов с порта Гилиманук. Трансфер доставит вас с Семиньяка к порту. Через несколько часов путешествия на пароме, переплыв переправу, все желающие могут отдохнуть и набраться сил для дальнейшего путешествия. Само восхождение начинается в 2:00 ночи. Освещая фонарями широкую дорогу, покрытую толстым слоем вулканической пыли, вы вместе с гидом подниметесь к кратеру вулкана, откуда вам откроется уникальное невероятно красивое зрелище: небо, усыпанное мириадами звезд, яркая луна, мелькающие фонари рабочих, носящих мешки с серой, синие всполохи, образующиеся от реакции серы с кислородом - такое волшебство может подарить только Индонезия!&nbsp;</p>\r\n\r\n<p style=\"text-align: justify;\">В 5:00 утра, когда взойдет солнце, вашему взору откроется сюрреалистическая картина: самое большое кислотное озеро в мире, окруженное ярко-желтыми окаменелостями природной серы, глина, песок, разломы скал, облака ядовитого газа&hellip; Это поистине фантастическая картина! Заключительный этап путешествия - спуск в лагерь, завтрак и возвращение на пароме на Бали и к &ldquo;точке сбора&rdquo; - Семиньяк.&nbsp;</p>\r\n'),(15,'Снорклинг на Бали в бухте Туламбен в Голубой лагуне - поплавайте вместе с гигантскими скатами! ','снорклинг на Бали, сноклинг на Бали, подводное плавание на Бали, дайвинг на Бали цены, дайвинг на Бали с инструктором','Погружение с инструктором на Бали в живописной бухте Туламбен на затонувший корабль Либерти. Цены на дайвинг на Бали и лучшие места для дайвинга!','Снорклинг с Мантами',1,2,2,5,'60','Предлагаем вам исследовать увлекательный подводный мир Бали и своими глазами увидеть гигантских скатов!','Полное описание','1900',1,800,1900,'5968f53fa6414.jpg','Программа','zagolovok-13',0,0,0,0,0,'<h2 style=\"text-align: center;\">Снорклинг в голубой лагуне: удивительно путешествие в подводный мир Бали</h2>\r\n\r\n<p style=\"text-align: justify;\">Совершить первое погружение в голубой лагуне на Бали может как новичок, так и опытный дайвер. Голубая лагуна, находящаяся в заливе Туламбен, - одно из самых красивых местностей для погружения - недалеко от берега находится затонувший корабль Либерти, &ldquo;обросший&rdquo; коралловыми рифами и кишащий&nbsp;разнообразными формами жизни. Здесь вы можете поплавать с огромными морскими черепахами и крошечными пестрыми рыбками, понаблюдать за многочисленными косяками рыб и скатами-мантами. Здесь нет течения и волн, вода очень теплая - около +30С и прозрачная (видимость от 10 до 20 метров).</p>\r\n\r\n<p style=\"text-align: justify;\">Перед погружением вас ждет подготовительный курс и подробный инструктаж, который поможет вам преодолеть все страхи и сомнения, а также обеспечит вам максимальную безопасность во время погружения. После инструктажа, легкого завтрака и пробного погружения в бассейн вас ждет погружение в океан. Каждый новичок погружается вместе с персональным инструктором. Погружение, как и инструктаж и занятие, проводится небольшими группами (вы и ваши друзья). Благодаря индивидуальному подходу к каждому студенту обеспечивается безопасность и комфорт по время плавания.&nbsp;</p>\r\n\r\n<p style=\"text-align: justify;\">Насладиться красотами подводного мира могут все желающие, кто не имеет медицинских противопоказаний. Персональный подход к каждому дайверу, много красочных фотографий, захватывающий и уникальный подводный мир Бали гарантируют вам превосходное настроение!</p>\r\n'),(16,'Морская рыбалка, снорклинг и однодневный круиз на катере к островам Бали. описание, фото, цены туров на остров Бали','рыбалка на бали, рыбалка на бали цены, морской круиз бали, аренда катера на бали, снорклинг бали, ныряние с маской на бали, однодневный круиз бали, однодневный круиз бали цена, морская рыбалка на бали','Морской круиз на катере в акватории Бали подарит вам массу удовольствия. Мы предлагаем вам насыщенную программу, в которую помимо рыбалки входит отдых на белоснежных пляжах, ныряние с маской в безупречно чистой воде и приготовление обеда из вашего улова','Рыбалка на Бали',1,1,2,5,'60','Однодневный круиз в открытом море подарит вам азарт морской рыбалки и чудесный отдых на пляжах Бали!','','1900',1,800,1900,'5968f811da783.jpg','Программа','zagolovok',0,0,0,0,0,'<h2 style=\"text-align: center;\">Морской круиз на Бали: рыбалка, снорклинг и пляжный отдых</h2>\r\n\r\n<p style=\"text-align: justify;\">Для тех, кто желает отвлечься от туристической суеты и провести время в семьи и друзей, мы предлагаем однодневные морские круизы. Вы сможете не только отдохнуть в тесном кругу своих близких людей, вдоволь пообщаться, но и заняться любимым делом - порыбачить! Кроме того, в программу также входит снорклинг (благодаря прозрачной чистой воде ныряние с маской принесет вам море удовольствий!), отдых на белых песках на островах недалеко от Бали и, по желанию, приготовление обеда из вашего же улова.&nbsp;</p>\r\n\r\n<p style=\"text-align: justify;\">В 9:00 утра трансфер из вашего отеля доставит вас в порт Беноа, откуда скоростной катер под управлением опытного капитана быстро доставит вас к живописным спотам для снорклинга и рыбным местам для удачной рыбалки. С океана все красоты Бали и близлежащих островов (ваш путь будет пролегать рядом с островом Нуса Пенида) откроются вам с другой стороны! Пестрые коралловые сады, невероятно красивые бухты с невиданными ранее рыбами, экзотическая морская фауна (морские черепахи, гигантские скаты-манты), кристально-чистая вода вблизи о. Лембонган с его необъятными пляжами с белым песком - все это придется по душе каждому, кто выберет морскую прогулку!&nbsp;</p>\r\n\r\n<p style=\"text-align: justify;\">Организацией процесса рыбалки, снорклинга занимаются гид и капитан судна, они же обеспечат вам комфортное времяпрепровождение, предоставят все необходимое снаряжение и, если вы пожелаете, поделятся с вами секретами удачной морской рыбалки.&nbsp;<br />\r\nНа острове Лембонган, в одном из местных ресторанчиков, повар предложит приготовить на обед ваш улов, а что может быть вкуснее собственноручно пойманной рыбы? К слову, в акватории Нуса Пенида и острова Лембонган водятся тунец, махи-махи, барракуда и даже голубой марлин - мечта всех истинных рыболовов!</p>\r\n\r\n<p style=\"text-align: justify;\">В общей сложности весь морской круиз продлится до обеда, в порт вы вернетесь около 16:00, оттуда вас водитель отвезет обратно в отель (предварительно оговорите это при бронировании тура).&nbsp;</p>\r\n\r\n<p style=\"text-align: justify;\"><strong>Для некоторых отдалённых районов может потребоваться доплата за трансфер.</strong> <strong>Если в одном туре несколько разных адресов, предусмотрите доплату за каждый отдельный адрес или бесплатный трансфер с единого места встречи. Уточните ваш маршрут с менеджером.</strong></p>\r\n'),(17,'','','','Дайвинг в Туламбен',1,2,NULL,5,'6 часов','Побывай в трюме затонувшего корабля США','','нет ограничений ',4,75,90,'598b3ffa402a9.jpg','Затонувший корабль, кораллы','dayving-zatonuvshiy-korabl',1,0,0,1,6,'<p>Совершить первое погружение&nbsp;на Бали&nbsp;может каждый!&nbsp;Одно из самых удивительных&nbsp;мест &mdash; затопленный вблизи&nbsp;берега корабль Либерти. На северо-востоке острова Тихий океан омывает залив&nbsp;Туламбен, где покоится корабль.&nbsp;Это дайв-чек для профессионалов, а для новичков &mdash; комфортные условия, чтобы&nbsp;погружение стало восхитительным и незабываемым!</p>\r\n\r\n<p>Красочный коралловый риф, разросшийся вокруг затонувшего корабля на глубине от 4 до 30 метров на песчаном откосе заворожит бесподобной красотой и разнообразием океанических форм жизни. Вы встретите множество крупных и крошечных рыб, косяки тунца, и, если повезёт, поплаваете с огромными морскими черепахами. В этом месте нет течений и почти нет волн, тёплая вода около 30 градусов &mdash; никто не замёрзнет&nbsp;&mdash;&nbsp;и превосходная видимость на 10&ndash;20 метров.</p>\r\n'),(19,'','','','Параглайдинг',1,1,NULL,NULL,'2 часа','Полет с птицами над красивейшим пляжем Бали','','нет ограничений',4,110,NULL,'5977cb266fce5.jpg','Полет Нуса Дуа, Пандава','paraglayding',0,0,0,0,2,'<p>Параплан это сверхлёгкий планёр-паритель, по конструкции близкий планирующему парашюту. Параплан максимально прост в пилотировании и доступен практически любому&nbsp;здоровому человеку. Подготовка к полёту занимает всего 5 минут!&nbsp;Взлететь на нём можно с любого холма, а сесть на очень небольшие&nbsp;площадки. Парашютом управляет инструктор, поэтому полет для вас будет безопасным и комфортным.</p>\r\n\r\n<p>Полёт на параплане приносит невыразимое чувство вольного&nbsp;полёта&nbsp;без помех в виде кабины. Используя восходящие потоки&nbsp;на параплане можно&nbsp;летать под облаками&nbsp;часами, преодолевая&nbsp;десятки и сотни километров без единой капли горючего. Парапланеризм&nbsp;это возможность увидеть остров с необычного ракурса, вырваться из привычных рамок&nbsp;и&nbsp;открыть&nbsp;мир новых ярких впечатлений, лёгкости, тишины и&nbsp;свободного&nbsp;ветра!</p>\r\n'),(20,'Туры по востоку Бали. Достопримечательности северо-восточной части острова. Описание экскурсий, фото, цена','Ритуалы Бали, культура Бали, балийские храмы, балийские целители, храм в облаках, водный королевский дворец, пещера летучих мышей, шоколадная фабрика, Дворец Тирта Ганга,  храм Пура Лямпуянг, Дворец Таман Уджунг, Храм Летучей Мыши, Гоа Лавах','В ходе этой экскурсии вы узнаете о тысячелетних обычаях северных народов Бали, увидите храм Пура Лямпуянг, водный королевский дворец Тирта Ганга, пещеру летучих мышей Гоа Лавах, шоколадную фабрику и насладитесь яркими красками заката на пляже с черным пес','Северо-восток острова Бали',1,4,NULL,NULL,'','Посети самые необычные храмы северо-восточной части Бали','','5',1,50,NULL,'596e0a6184511.png','Тирта Ганга, Пура Ляпуянг и т.д.','severo-vostok-ostrova-bali',0,0,0,1,10,'<h2 style=\"text-align: center;\">Магия восточного Бали: храмы, дворцы, древние традиции Острова Богов</h2>\r\n\r\n<p style=\"text-align: justify;\">Ровно в 9:00 утра ваш гид заедет за вами в отель, для того чтобы познакомиться и немного рассказать об экскурсии и маршруте, отнеситесь внимательно к его рекомендациям, потому что местная культура имеет свои особенности и вам интересно будет услышать несколько полезных советов до того, как вы отправитесь в путешествие по северо-востоку.</p>\r\n\r\n<p style=\"text-align: justify;\">Приблизительно в 11:00 часов вы попадете в первый храм, который называется Водный Дворец Тирта Ганга. Он был построен по распоряжению раджи Карангасема, который в середине ХХ века был во Франции, где посетил Версальский Дворец, и пораженный красотой увиденного, решил превзойти французов и построить не менее роскошный дворец, утопающий в зелени садов, цветников и скверов, со множеством фонтанов и водоемов.</p>\r\n\r\n<p style=\"text-align: justify;\">В 13:00 вы окажетесь в священном Храме Пура Лямпуянг, красотой построек не уступающему ни одному дворцу на острове. Если вам повезет, вам удастся погрузиться в таинство храмовой священной церемонии сакрального характера, а может быть один из жрецов выполнит ваше заветное желание или даст ответ на вопрос, который вам давно не дает покоя. И если вы преодолеете 1700 ступеней ведущих на храмовую площадку, то вдобавок ко всему перед вами откроется неимоверный вид на горные массивы, острова и Тихий океан.</p>\r\n\r\n<p style=\"text-align: justify;\">В 14:00 вы будете наслаждаться архитектурными изысками и чудесами ландшафтного дизайна другого, не менее великолепного дворца Таман Уджунг. Здесь вы ощутите себя раджой и владыкой Маджапахита, прогуливаясь по тропинкам в садах сказочной красоты Дворца Таман Уджунг.</p>\r\n\r\n<p style=\"text-align: justify;\">К 15:00, после посещения Дворца Таман Уджунг, наш путь приведет вас в Храм Летучей Мыши &nbsp;или Гоа Лавах (на местном диалекте), который на самом деле представляет собой огромную пещеру, населенную летучими мышами, которые на Бали считаются священными животными.&nbsp;</p>\r\n\r\n<p style=\"text-align: justify;\">Закончится наша экскурсия около 17:00 в весьма необычном месте - на Шоколадной Фабрике Чарли, где вас поразят эльфийские постройки, в которых живут местные жители, работающие на производстве, и аромат местного шоколада, который изготавливается из здешнего сырья - какао-бобов, растущих на плантациях в окрестностях чудесной сладкой Фабрики Чарли.</p>\r\n\r\n<p style=\"text-align: justify;\">Если у вас останутся силы и будет желание, гид отвезет вас проводить сансет на пустынный пляж с белоснежным песком, где можно будет в кругу друзей поделиться впечатлениями, искупаться в океане, сделать красочные фото или помедитировать в одиночестве, - кому что больше нравится.</p>\r\n'),(21,'Отдых на Бали: остров Нуса Пенида, достопримечательности, водопады ','нуса пенида, бали, водопады нуса пенида, туры бали, бали недорого,  нуса пенида достопримечательности,  остров бали отдых,  отдых на острове бали цены','Путешествие на Бали невозможен без посещения острова Нуса Пенида с его необыкновенной природой: водопадами, флорой и фауной','Нуса Пенида',1,1,NULL,NULL,'','Волшебный отдых на острове Нуса Пенида','','',1,NULL,NULL,'5977c572a9597.jpg','','vodopady-bali',0,0,0,0,0,'<h2 style=\"text-align: center;\">&nbsp;Нуса Пенида. Отдых на райском острове</h2>\r\n\r\n<p style=\"text-align: justify;\">Путешествие на Бали будет неполным, если вы не посетите крупнейший остров, находящийся на юго-востоке Индонезии - Нуса Пенида. Еще до недавнего времени развитие туризма здесь было строго-настрого запрещено властями страны. Именно поэтому здесь вы можете в полной мере насладиться азиатской экзотикой, изучить местную флору и фауну, принять солнечные ванны на снежно-белых песках в тени отвесных скал, понырять с маской, поплавать с гигантскими скатами&nbsp;и получить незабываемые впечатления!&nbsp;</p>\r\n\r\n<p style=\"text-align: justify;\">Небольшой островок Нуса Пенида находится в 12 км к юго-востоку от Бали, но по своей красоте не уступает &ldquo;старшему брату&rdquo;: первозданная природа не оставит ни одного гостя острова равнодушным. Площадь Нуса Пенида чуть более 200 кв.км., что в 6 раз меньше Бали, проживает здесь около 30 тыс. человек, инфраструктура развита не очень хорошо, но это не является помехой для отдыха.&nbsp;</p>\r\n\r\n<p style=\"text-align: justify;\">Здесь вы можете погрузиться в самобытную культуру, которой практически не коснулась глобализация, насладиться тишиной и красивейшими закатами в уютных бунгало и вкусной местной едой.&nbsp;</p>\r\n\r\n<p style=\"text-align: justify;\">Для любителей дайвинга это райский уголок: сочные краски коралловых рифов и богатая фауна морских глубин поразит ваше воображение! Гигантские черно-синие скаты-манты с размахом крыла 5 метров&nbsp;могут навести страх, но можете не бояться: они питаются только планктоном и всячески стараются избегать контакта с людьми. Если вам повезет, то вы можете увидеть редкую рыбу-луну Мола-Мола, которая с июня по август всплывает на поверхность, чтобы не менее причудливые рыбы-ангелы почистили ее чешую от полипов.&nbsp;</p>\r\n'),(23,' Квадроциклы на Бали: прокатись по джунглям! Поездка для новичков и профессионалов, для любителей скорости и экстремальной езды! Описание, фото, цены на квадроциклы','Квадроциклы Бали, тур на квадроциклах Бали, путешествие по джунглям Бали, поездка на квадроцикле Бали, экстрим на Бали, адреналин на Бали, экстремальные приключения на Бали, экстремальные развлечения Бали','Мечтаете прокатиться по непреодолимым джунглям Индонезии, испытать пьянящий запах скорости по неизведанным тропам? Приключения на квадроциклах по самым сложным и живописным уголкам Бали именно для вас! ','Тур на квадроциклах',1,1,NULL,5,'3','Тур на квадроциклах по тропическим лесам Бали подарит вам адреналин и незабываемые эмоции!','','2',4,85,NULL,'598b8d7a2db71.jpg','обучение, заезд по джунглям','tur-na-kvadrotsiklakh',0,0,0,1,3,'<h2 style=\"text-align: center;\">Скорость, адренали, драйв: все это подарит вам прогулка на квадроцикле по джунглям Бали!</h2>\r\n\r\n<p style=\"text-align: justify;\">Вы не мыслите свою жизнь без острых ощущений? Вас манит все неизведанное, интересное и экстремальное? Тогда поездка на квадроцикле в самом сердце тропических лесов Бали доставит вам настоящее удовольствие!&nbsp;</p>\r\n\r\n<p style=\"text-align: justify;\">Квадроцикл - уникальное транспортное средство, которое предоставит вам возможность побывать в неизведанных уголках Бали в компании друзей. Мы гарантируем вам взрыв эмоций и море впечатлений от пребывания в глубине джунглей наедине с первозданной природой! &nbsp;</p>\r\n\r\n<p style=\"text-align: justify;\">Утром вас будет ждать микроавтобус, который доставит вас из вашего отеля прямиком к месту действия - горному району острова Бали, густо заросшего тропическими лесами. На месте вы пройдете подробный инструктаж, получите квадроцикл (коробка передач - полуавтомат), все необходимое снаряжение и вместе с инструктором отправитесь покорять джунгли Индонезии. Общая продолжительность маршрута составляет 6,5 км. Перед приключениями в настоящих джунглях вам дадут возможность попрактиковаться в кокосовой роще. После поездки вас ждет душ, сытный обед и трансфер обратно в гостиницу.&nbsp;</p>\r\n'),(24,'Велосипедная прогулка по самым красивым регионам Бали. Описание, фото и цены экскурсий по Бали ','велотур Бали, велосипед Бали, велотуры по Бали, трассы Бали, велотуры для новичков Бали, велотуры для профи Бали, сколько стоит велотур Бали, цены на велотур Бали, поездка на велосипеде по джунглям Бали, поездка на велосипеде по горам Бали, аренда велосип','Велотуры по окрестностям Бали с профессиональным гидом. Познакомьтесь поближе с бытом и культурой местных жителей, мы предлагаем широкий выбор экскурсий по живописным уголкам Индонезии: джунглям, горам, пляжам, ручьям, вдоль рисовых террас и балийских дер','Велотур на Бали',1,1,NULL,5,'5','Велотур по Бали для желающих отдохнуть с пользой для здоровья и насладиться местной экзотикой','','',4,40,NULL,'598c70357a790.jpg','2','velotur-na-bali',0,0,0,1,5,'<p><span style=\"text-align: justify;\">Остров Бали - один из самых живописных островов Индонезии и даже мира, и мы предлагаем интересные экскурсии для любителей активного отдыха и красивых мест. Для поклонников велоспорта и просто любителей прокатиться с ветерком на велосипеде&nbsp;мы подготовили два маршрута по Бали - Китамани-Убуд и рисовые террасы Джатилувих. С особенностью этих маршрутов, длительностью и ценой вы можете ознакомиться в нашем путеводителе.&nbsp;&nbsp;</span></p>\r\n\r\n<div style=\"text-align: justify;\">\r\n<h2 style=\"text-align: center;\">Маршрут первый: Кинтамани-Убуд</h2>\r\n\r\n<p>Для всех желающих отдохнуть с пользой для здоровья и насладиться местной экзотикой эта экскурсия будет более, чем интересной. Утром из отеля вас ожидает трансфер в район Кинтамани, где вы, возле красивейших мест у вулкана Батур, сможете позавтракать и выпить чашечку&nbsp;ароматного&nbsp;кофе. После небольшого отдыха начнется ваше велопутешествие к району Убуд. По дороге вы сможете увидеть то, что недоступно путешественникам из салона машины или автобуса: размеренный образ жизни небольших деревушек, где еще царят старинные традиции, обычаи, обряды, вы сможете понаблюдать за процессом уборки риса на плантациях. Приятный бонус - остановка и возможность сделать памятные фото и видео в понравившихся вам местах. Спуск с небольших возвышенностей, приятный воздух с полей и гор привнесут нотки свежести в ваше путешествие!</p>\r\n\r\n<h2 style=\"text-align: center;\">Маршрут второй: рисовые террасы Джатилувих</h2>\r\n\r\n<p>Эта поездка не такая насыщенная, как предыдущая, но такая же прекрасная и живописная: на своем пути вы сможете созерцать красивейшие индонезийские пейзажи, увидите своими глазами знаменитые рисовые террасы Джатилувиха. Вы&nbsp;сможете максимально приблизиться&nbsp;к балийским деревням и местным жителям, к их устоям, традициям и обычаям, к флоре и фауне острова! &nbsp;</p>\r\n</div>\r\n'),(25,'Рафтинг на Бали - это безопасный сплав по горным рекам, живописные пейзажи и захватывающий дух приключения!','рафтинг на Бали, рафтинг по рекам Бали, рафтинг на реке Аюнг, рафтинг на реке Телага, цены на рафтинг Бали, экстремальные развлечения на Бали, сплав по рекам Бали, сплав на лодке Бали','Совместите активный отдых вместе с созерцанием экзотической природы Индонезии - отправляйтесь в сплав по горным рекам Бали! Мы предоставляем подробные описание туров и экскурсий по Бали, яркие фото и цены на каждую экскурсию','Рафтинг на Бали',1,1,NULL,5,'2','Совместите активный отдых вместе с созерцанием экзотической природы - отправляйтесь в сплав по горным рекам Бали','','2',4,50,NULL,'598b8f5d52ab5.jpg','2','rafting-na-bali',0,0,0,0,2,'<h2 style=\"text-align: center;\">Нескучный отдых на Бали: захватывающий сплав по рекам Телага и Аюнг</h2>\r\n\r\n<p style=\"text-align: justify;\">Если спокойный отдых на пляжах Бали вам наскучил и душа жаждет приключений, тогда рафтинг - это то, что вам нужно! Экстремальный спуск по живописным горным рекам острова, захватывающие дух речные пороги, невероятной красоты ущелья и гроты - такое времяпрепровождение принесет массу удовольствия всем - и взрослым, и детям. Каждый поклонник&nbsp;активного отдыха на природе не останется равнодушными к дикой природе Бали: свисающие лианы в густых тропиках, живописные скалы и гроты, необычные представители фауны&hellip; К тому же, каждого участника сплава будет сопровождать профессиональный инструктор, что сделает приключение безопасным и увлекательным.</p>\r\n\r\n<h2 style=\"text-align: center;\">Приглашаем вас осуществить спуск по рекам Телага и Аюнг&nbsp;</h2>\r\n\r\n<p style=\"text-align: justify;\">Протяженность сплава по реке Телага составляет 14 км: на маршруте, проходящий вдоль скалистых берегов и через крупный водопад, вас ждут крупные пороги, крутые повороты, за которыми открываются виды на рисовые террасы и дикие джунгли. Продолжительность путешествия - около 2,5 часов. Маршрут по живописной реке Аюнг, протяженностью 10 км, достаточно несложный и рафтинг по этой горной речке придется по душе как детям, так и их родителям. Продолжительность путешествия - около 2 часов.&nbsp;</p>\r\n\r\n<p style=\"text-align: justify;\">Сплав вы будете совершать вместе с опытными инструкторами и гидами с учетом международных стандартов безопасности. В конце дня вас ждут душ и легкий обед. Советуем взять с собой сменную одежду. Поверьте, эта экскурсия на Бали запомнится вам на всю жизнь!&nbsp;</p>\r\n'),(26,'Катание на слонах на Бали - увлекательная экскурсия по джунглям на самых больших животных в мире!','слоны на бали, парк слонов на бали, катание на слонах, экскурсии на слонах, слона Бали, покататься на слонах бали, катание на слонах цена, стоимость экскурсий на бали, остров бали экскурсия, индонезия стоимость экскурсии ','Прокатиться верхом на слоне по джунглям Бали - это запоминающаяся экскурсия, которая понравится как взрослым, так и детям. На нашем сайте вы можете подробно ознакомиться  с экскурсиями на слонах, фото и стоимостью','Катание на слонах',1,1,NULL,NULL,'2','Не упустите уникальную возможность прокатиться на самых больших животных в мире - индийских слонах!','','',4,60,NULL,'598b8f9f748b0.jpg','1','kataniye-na-slonakh',0,0,0,0,1,'<h2 style=\"text-align: center;\">Прикоснитесь к неизведанному, почувствуйте себя частью природы!</h2>\r\n\r\n<p style=\"text-align: justify;\">Мы предлагаем вам уникальную возможность:&nbsp;прокатиться через джунгли на спине гигантских величественных созданий - индийских слонах! На острове Суматра (шестой по величине остров в мире) находится целый парк слонов, все животные отсюда спасены из лесов, которые подверглись вырубке на Суматре. Сегодня же эти слоны - вымирающий вид.&nbsp;</p>\r\n\r\n<p style=\"text-align: justify;\">На этой экскурсии у вас будет возможность не только приблизиться и погладить этих животных, но и покормить их с рук и сделать несколько снимков на память. После увлекательной поездки вы можете посетить сувенирную лавку, которая предлагает много интересных изделий на тему слонов - поделки из дерева и слоновой кости, сувениры, украшения, картины, одежду.</p>\r\n\r\n<p><strong>Специальная цена для семьи 2 взрослых и 2 детей&nbsp;&nbsp;- 260$</strong></p>\r\n');

/*Table structure for table `tours_photo` */

DROP TABLE IF EXISTS `tours_photo`;

CREATE TABLE `tours_photo` (
  `id` int(11) NOT NULL AUTO_INCREMENT,
  `photo` varchar(255) DEFAULT NULL COMMENT 'Фотография',
  `title` varchar(255) DEFAULT NULL COMMENT 'Название',
  `tour_id` int(11) DEFAULT NULL COMMENT 'Оборудование',
  `status_id` tinyint(1) DEFAULT NULL COMMENT 'Статус',
  `sort` int(16) DEFAULT NULL COMMENT 'Сортировка',
  PRIMARY KEY (`id`),
  KEY `product_id` (`tour_id`),
  KEY `status_id` (`status_id`),
  CONSTRAINT `tours_photo_ibfk_2` FOREIGN KEY (`status_id`) REFERENCES `status` (`id`),
  CONSTRAINT `tours_photo_ibfk_3` FOREIGN KEY (`tour_id`) REFERENCES `tours` (`id`) ON DELETE CASCADE
) ENGINE=InnoDB AUTO_INCREMENT=97 DEFAULT CHARSET=utf8;

/*Data for the table `tours_photo` */

insert  into `tours_photo`(`id`,`photo`,`title`,`tour_id`,`status_id`,`sort`) values (13,'596b88f436a64.jpg','Новая фотография',3,1,NULL),(15,'596b89014ba1f.jpg','123',3,1,NULL),(16,'596b890cab948.jpg','',3,1,NULL),(17,'596b8915ecd24.jpg','',3,1,6),(18,'596b916442480.jpg','',3,1,7),(22,'596b7833b9393.jpg','Рассвет на вершине вулкана',10,1,NULL),(24,'596b78dcd3a9a.jpg','',10,1,7),(25,'596b78e5182f3.jpg','',10,1,NULL),(26,'596b7ecba7cda.jpg','',10,1,NULL),(27,'596b7ed337251.jpg','',10,1,2),(28,'596b7ef01e2f0.jpg','',10,1,1),(29,'596b916fcb36e.jpg','',3,1,1),(30,'596b92933f68c.jpg','',3,1,NULL),(34,'596ba2a1ed8a6.jpg','',4,1,NULL),(35,'596ba2b339413.jpg','',4,1,NULL),(36,'596ba2cde1f0e.png','',4,1,NULL),(37,'596ba2d7120f4.png','',4,1,NULL),(38,'596ba2e586bfd.jpg','',4,1,NULL),(39,'596bb56e4be7b.jpg','',5,1,NULL),(40,'596bb587814d8.jpg','',5,1,NULL),(42,'596bb64fe781a.jpg','',5,1,NULL),(43,'596bb66aa4a23.jpg','',5,1,NULL),(44,'596bb67292a61.jpg','',5,1,NULL),(45,'596bb78912823.jpg','',5,1,NULL),(46,'596bb79a07644.png','',5,1,NULL),(47,'596e0d98c6b6d.jpg','',20,1,NULL),(48,'596e0da0441c4.jpg','',20,1,NULL),(49,'596e0db08abf0.jpg','',20,1,NULL),(50,'596e0dbc2e04c.jpg','',20,1,NULL),(51,'596e0dd7aeb93.jpg','',20,1,NULL),(52,'596e0e1cc7017.jpg','',20,1,NULL),(53,'5981ccbe6ad11.jpg','',12,1,12),(55,'5981cccedadbf.jpg','',12,1,NULL),(56,'5981ccda03356.jpg','',12,1,NULL),(57,'5981ccecae6e6.jpg','',12,1,NULL),(59,'5981cd8619b1d.jpg','',12,1,NULL),(60,'5981cd9152647.jpg','',12,1,NULL),(61,'5981cd9919db5.jpg','',12,1,NULL),(62,'598b1db851da5.jpg','',19,1,NULL),(63,'598b1dc18db0e.jpg','',19,1,NULL),(64,'598b1dca3d795.jpg','',19,1,NULL),(65,'598b1dd28ac8c.jpg','',19,1,NULL),(66,'598b1dde1c080.jpg','',19,1,NULL),(67,'598b438516cc6.jpg','',17,1,NULL),(68,'598b4391ca5d6.jpg','',17,1,NULL),(69,'598b4398ecefe.jpg','',17,1,NULL),(70,'598b43a8f28f3.jpg','',17,1,NULL),(71,'598b43ba77f41.jpg','',17,1,NULL),(73,'598b43d053308.jpg','',17,1,NULL),(74,'598c9998cccdf.png','',8,1,NULL),(75,'598c990abf404.jpg','',8,1,NULL),(76,'598c991440f41.jpg','',8,1,NULL),(77,'598c9934421a5.jpg','',8,1,NULL),(78,'598c99a8cd7cc.jpg','',8,1,NULL),(79,'598cbbb1974a0.jpg','',21,1,8),(80,'598cba21c316c.png','',21,1,NULL),(81,'598cba2c6b681.png','',21,1,NULL),(82,'598cba90ead57.png','',21,1,NULL),(83,'598cbe7aef1b9.png','',21,1,NULL),(84,'598cbc6486ceb.png','',21,1,NULL),(85,'598cbc6f20534.png','',21,1,NULL),(86,'598cbf49a0388.jpg','',21,1,NULL),(87,'598cc233de8eb.jpg','',14,1,NULL),(88,'598cc32cd81cf.jpg','',14,1,NULL),(89,'598cc33bd3ad0.png','',14,1,NULL),(90,'598cc36825740.png','',14,1,NULL),(91,'598cc38537d57.png','',14,1,NULL),(92,'598ccf6c8a9e2.jpg','',15,1,NULL),(93,'598ccfecd4cef.jpg','',15,1,NULL),(94,'598cd01e9e2d1.jpg','',15,1,NULL),(95,'598cd028b28f6.jpg','',15,1,NULL),(96,'598cd05361a53.jpg','',15,1,NULL);

/*Table structure for table `tours_price` */

DROP TABLE IF EXISTS `tours_price`;

CREATE TABLE `tours_price` (
  `id` int(11) NOT NULL AUTO_INCREMENT COMMENT 'ID',
  `tour_id` int(11) DEFAULT NULL COMMENT 'Тур',
  `title` varchar(255) DEFAULT NULL COMMENT 'Название',
  `price` decimal(10,0) DEFAULT NULL COMMENT 'Цена',
  `description` varchar(255) DEFAULT NULL COMMENT 'Описание',
  `top` tinyint(1) DEFAULT NULL COMMENT 'Хит',
  `text` text COMMENT 'Преимущества',
  `status_id` tinyint(1) DEFAULT NULL COMMENT 'Статус',
  `sort` int(10) DEFAULT NULL COMMENT 'Сортировка',
  PRIMARY KEY (`id`),
  KEY `tour_id` (`tour_id`),
  KEY `status_id` (`status_id`),
  CONSTRAINT `tours_price_ibfk_1` FOREIGN KEY (`tour_id`) REFERENCES `tours` (`id`) ON DELETE CASCADE,
  CONSTRAINT `tours_price_ibfk_2` FOREIGN KEY (`status_id`) REFERENCES `status` (`id`)
) ENGINE=InnoDB AUTO_INCREMENT=52 DEFAULT CHARSET=utf8;

/*Data for the table `tours_price` */

insert  into `tours_price`(`id`,`tour_id`,`title`,`price`,`description`,`top`,`text`,`status_id`,`sort`) values (1,3,'Детский',40,'с человека, дети 10-16 лет',1,'<span style=\"font-size:18px;\"><strong>Включено:</strong></span>\r\n<ul>\r\n	<li>трансфер от и до отеля;</li>\r\n	<li>англоговорящий гид-проводник;</li>\r\n	<li>экипировка (фонарики, трекинговые палки);</li>\r\n	<li>ланч-бокс;</li>\r\n	<li>минеральная вода;</li>\r\n        <li>горячий чай;</li>\r\n        <li>страховка.</li>\r\n</ul>\r\n&nbsp;\r\n\r\n<hr /><br />\r\n<span style=\"font-size:18px;\"><strong>Взять с собой:</strong></span>\r\n\r\n<ul>\r\n	<li>головной убор;</li>\r\n	<li>удобная обувь(кроссовки);</li>\r\n	<li>теплую одежду;</li>\r\n	<li>солнцезащитные очки.</li>\r\n</ul>\r\n',1,1),(5,3,'Базовая',80,'с человека, от 2 человек',0,'<span style=\"font-size:18px;\"><strong>Включено:</strong></span>\r\n<ul>\r\n	<li>трансфер от и до отеля;</li>\r\n	<li>англоговорящий гид-проводник;</li>\r\n	<li>экипировка (фонарики, трекинговые палки);</li>\r\n	<li>ланч-бокс;</li>\r\n	<li>минеральная вода;</li>\r\n        <li>горячий чай;</li>\r\n        <li>страховка.</li>\r\n</ul>\r\n&nbsp;\r\n\r\n<hr /><br />\r\n<span style=\"font-size:18px;\"><strong>Взять с собой:</strong></span>\r\n\r\n<ul>\r\n	<li>головной убор;</li>\r\n	<li>удобная обувь(кроссовки);</li>\r\n	<li>теплую одежду;</li>\r\n	<li>солнцезащитные очки.</li>\r\n</ul>',1,2),(7,4,'Детский',25,'с человека, дети 5-12 лет',0,'<span style=\"font-size:18px;\"><strong>Включено:</strong></span>\r\n<ul>\r\n	<li>русскоговорящий гид;</li>\r\n	<li>водитель;</li>\r\n	<li>авто с кондиционером;</li>\r\n	<li>все входные билеты по маршруту;</li>\r\n	<li>парковки;</li>\r\n        <li>пожертвования;</li>\r\n        <li>минеральная вода.</li>\r\n</ul>\r\n',1,1),(8,10,'Базовая',50,'с человека, более 4 человек',0,'<span style=\"font-size:18px;\"><strong>Включено:</strong></span>\r\n<ul>\r\n	<li>англоговорящий проводник</li>\r\n	<li>трансфер туда и обратно</li>\r\n	<li>страховка</li>\r\n	<li>ланч во время подъема</li>\r\n	<li>входные билеты</li>\r\n</ul>\r\n&nbsp;\r\n\r\n<hr /><br />\r\n<span style=\"font-size:18px;\"><strong>Взять с собой:</strong></span>\r\n\r\n<ul>\r\n	<li>головной убор</li>\r\n	<li>удобная обувь(кроссовки)</li>\r\n	<li>теплую одежду</li>\r\n	<li>сменную футболку</li>\r\n	<li>солнцезащитные очки</li>\r\n</ul>\r\n',1,2),(9,10,'Индивидуальный',200,'за группу, от 1 до 5 человек',0,'<span style=\"font-size:18px;\"><strong>Включено:</strong></span>\r\n<ul>\r\n	<li>англоговорящий проводник</li>\r\n	<li>русскоговорящий гид споровождает вас до вершины</li>\r\n	<li>трансфер туда и обратно</li>\r\n	<li>страховка</li>\r\n	<li>ланч во время подъема</li>\r\n	<li>входные билеты</li>\r\n</ul>\r\n&nbsp;\r\n\r\n<hr /><br />\r\n<span style=\"font-size:18px;\"><strong>Взять с собой:</strong></span>\r\n\r\n<ul>\r\n	<li>головной убор</li>\r\n	<li>удобная обувь(кроссовки)</li>\r\n	<li>теплую одежду</li>\r\n	<li>сменную футболку</li>\r\n	<li>солнцезащитные очки</li>\r\n</ul>\r\n',1,5),(10,10,'Групповой 2',60,'с человека, от 2 до 3 человек',0,'<strong><span style=\"font-size:18px;\">Включено:</span></strong>\r\n<ul>\r\n	<li>англоговорящий проводник</li>\r\n	<li>трансфер туда и обратно</li>\r\n	<li>страховка</li>\r\n	<li>ланч во время подъема</li>\r\n	<li>входные билеты</li>\r\n</ul>\r\n\r\n<hr /><br />\r\n<strong><span style=\"font-size:18px;\">Взять с собой:</span></strong>\r\n\r\n<ul>\r\n	<li>головной убор</li>\r\n	<li>удобная обувь(кроссовки)</li>\r\n	<li>теплую одежду</li>\r\n	<li>сменную футболку</li>\r\n	<li>солнцезащитные очки</li>\r\n</ul>\r\n',1,3),(11,10,'Детский',30,'с человека, дети 5-12 лет',0,'<ul><li>Новый элемент</li></ul>',1,1),(12,7,'Стандарт',60,'с человека, от 4 до 5 человек',0,'<span style=\"font-size:18px;\"><strong>Включено:</strong></span>\r\n<ul>\r\n	<li>трансфер из отеля до пляжа Ловина;</li>\r\n	<li>билет на традиционную балийскую лодку;</li>\r\n	<li>гид на водопад Секумпул;</li>\r\n	<li>входной билет в храм Улан Дану;</li>\r\n	<li>заброшенный отель;</li>\r\n<li>трансфер в отель.</li>\r\n</ul>\r\n&nbsp;\r\n<hr /><br />\r\n<span style=\"font-size:18px;\"><strong>Внимание:</strong></span>\r\n\r\n<p>В стоимость билета не включено питание и сувениры</p>',1,1),(13,7,'Стандарт +',75,'с человека, от 2 до 3 человек',1,'<span style=\"font-size:18px;\"><strong>Включено:</strong></span>\r\n<ul>\r\n	<li>трансфер из отеля до пляжа Ловина;</li>\r\n	<li>билет на традиционную балийскую лодку;</li>\r\n	<li>гид на водопад Секумпул;</li>\r\n	<li>входной билет в храм Улан Дану;</li>\r\n	<li>заброшенный отель;</li>\r\n<li>трансфер в отель.</li>\r\n</ul>\r\n&nbsp;\r\n<hr /><br />\r\n<span style=\"font-size:18px;\"><strong>Внимание:</strong></span>\r\n\r\n<p>В стоимость билета не включено питание и сувениры</p>',1,2),(14,7,'Индивидуальный',190,'за группу до 5 человек',0,'<span style=\"font-size:18px;\"><strong>Включено:</strong></span>\r\n<ul>\r\n	<li>трансфер из отеля до пляжа Ловина;</li>\r\n	<li>билет на традиционную балийскую лодку;</li>\r\n	<li>гид на водопад Секумпул;</li>\r\n	<li>входной билет в храм Улан Дану;</li>\r\n	<li>заброшенный отель;</li>\r\n<li>трансфер в отель.</li>\r\n</ul>\r\n&nbsp;\r\n<hr /><br />\r\n<span style=\"font-size:18px;\"><strong>Внимание:</strong></span>\r\n\r\n<p>В стоимость билета не включено питание и сувениры</p>',1,3),(15,19,'Стандарт',110,'с человека ',1,'<span style=\"font-size:18px;\"><strong>Включено:</strong></span>\r\n<ul>\r\n	<li>снаряжение</li>\r\n	<li>брифинг</li>\r\n	<li>полёт&nbsp;20 минут с инструктором в районе Нуса Дуа или Пандава</li>\r\n</ul>\r\n&nbsp;\r\n\r\n<hr /><br />\r\n<span style=\"font-size:18px;\"><strong>Внимание:</strong></span>\r\n\r\n<ul>\r\n	<li>трансфер к базе не включён в стоимость</li>\r\n	<li>ограничение по весу пассажира 100 кг;</li>\r\n	<li>возможность полёта&nbsp;зависит&nbsp;от погодных условий.</li>\r\n</ul>\r\n',1,NULL),(16,17,'Стандарт',75,'с человека ',0,'<span style=\"font-size:18px;\"><strong>Включено:</strong></span>\n<ul>\n	<li>одно погружение 20-40 минут</li>\n	<li>снаряжение</li>\n	<li>брифинг на русском языке</li>\n	<li>персональный подводный инструктор гид</li>\n	<li>трафнсфер из отеля и обратно</li>\n	<li>посещение черного пляжа</li>\n</ul>\n',1,NULL),(17,17,'Стандарт +',140,'с человека',0,'<span style=\"font-size:18px;\"><strong>Включено:</strong></span>\n<ul>\n	<li>первое&nbsp; погружение 20-40 минут,&nbsp;второе 30-50 минут</li>\n	<li>снаряжение</li>\n	<li>брифинг на русском языке</li>\n	<li>персональный подводный инструктор гид</li>\n	<li>трафнсфер из отеля и обратно</li>\n	<li>посещение черного пляжа</li>\n</ul>\n',1,NULL),(18,14,'Групповой',120,'с человека,  до 10 человек',0,'<strong><span style=\"font-size:18px;\">Включено:</span></strong>\r\n<ul>\r\n	<li>трансфер от «точки сбора» и обратно;</li>\r\n	<li>билеты на паром;</li>\r\n	<li>входные билеты на вулкан;</li>\r\n	<li>англоязычный профессиональный вулканолог;</li>\r\n	<li>аренда оборудования (респиратор, фонарь и перчатки);</li>\r\n       <li>завтрак в яванской семье.</li>\r\n</ul>\r\n\r\n<hr /><br />\r\n<strong><span style=\"font-size:18px;\">Взять с собой:</span></strong>\r\n\r\n<ul>\r\n	<li>удобную обувь (кроссовки или трекинговые ботинки);</li>\r\n	<li>теплую одежду (толстовка/куртка/кофта, джинсы/штаны);</li>\r\n	<li>сменную футболку;</li>\r\n	<li>шапку и/или капюшон;</li>\r\n	<li>небольшой рюкзак.</li>\r\n</ul>\r\n<strong><span style=\"font-size:18px;\">Внимание:</span></strong>\r\n<p>Питание, персональные потребности и страховка оплачиваются дополнительно.</p>\r\n',1,1),(19,8,'Детский',25,'с человека, дети 5-12 лет',0,'<span style=\"font-size:18px;\"><strong>Включено:</strong></span>\r\n<ul>\r\n	<li>русскоговорящий гид;</li>\r\n	<li>водитель;</li>\r\n	<li>авто с кондиционером;</li>\r\n	<li>все входные билеты по маршруту;</li>\r\n	<li>парковки;</li>\r\n	<li>пожертвования;</li>\r\n        <li>минеральная вода.</li>\r\n</ul>\r\n&nbsp;\r\n\r\n<hr /><br />\r\n<span style=\"font-size:18px;\"><strong>По желанию:</strong></span>\r\n\r\n<ul>\r\n	<li>посещение рисовых террас Джатилувих, 10$ с человека</li>\r\n</ul>\r\n',1,1),(20,8,'Базовая',45,'с человека, от 4 человек',0,'<span style=\"font-size:18px;\"><strong>Включено:</strong></span>\r\n<ul>\r\n	<li>русскоговорящий гид;</li>\r\n	<li>водитель;</li>\r\n	<li>авто с кондиционером;</li>\r\n	<li>все входные билеты по маршруту;</li>\r\n	<li>парковки;</li>\r\n	<li>пожертвования;</li>\r\n        <li>минеральная вода.</li>\r\n</ul>\r\n&nbsp;\r\n\r\n<hr /><br />\r\n<span style=\"font-size:18px;\"><strong>По желанию:</strong></span>\r\n\r\n<ul>\r\n	<li>посещение рисовых террас Джатилувих, 10$ с человека</li>\r\n</ul>\r\n',1,2),(21,8,'Групповой',55,'с человека, группа 2-3 человека',0,'<span style=\"font-size:18px;\"><strong>Включено:</strong></span>\r\n<ul>\r\n	<li>русскоговорящий гид;</li>\r\n	<li>водитель;</li>\r\n	<li>авто с кондиционером;</li>\r\n	<li>все входные билеты по маршруту;</li>\r\n	<li>парковки;</li>\r\n	<li>пожертвования;</li>\r\n        <li>минеральная вода.</li>\r\n</ul>\r\n&nbsp;\r\n\r\n<hr /><br />\r\n<span style=\"font-size:18px;\"><strong>По желанию:</strong></span>\r\n\r\n<ul>\r\n	<li>посещение рисовых террас Джатилувих, 10$ с человека</li>\r\n</ul>\r\n',1,3),(22,8,'Индивидуальный',90,'с человека, 1 человек',0,'<span style=\"font-size:18px;\"><strong>Включено:</strong></span>\r\n<ul>\r\n	<li>русскоговорящий гид;</li>\r\n	<li>водитель;</li>\r\n	<li>авто с кондиционером;</li>\r\n	<li>все входные билеты по маршруту;</li>\r\n	<li>парковки;</li>\r\n	<li>пожертвования;</li>\r\n        <li>минеральная вода.</li>\r\n</ul>\r\n&nbsp;\r\n\r\n<hr /><br />\r\n<span style=\"font-size:18px;\"><strong>По желанию:</strong></span>\r\n\r\n<ul>\r\n	<li>посещение рисовых террас Джатилувих, 10$ с человека</li>\r\n</ul>\r\n',1,4),(23,21,'Групповой',150,'с человека,  до 10 человек',0,'<span style=\"font-size:18px;\"><strong>Включено:</strong></span>\r\n<ul>\r\n	<li>трансфер из отеля на Бали до порта и обратно;</li>\r\n	<li>поездка на скоростной лодке до острова Нуса Пенида;</li>\r\n	<li>заселение в отель на острове Нуса Пенида;</li>\r\n	<li>все экскурсии на острове;</li>\r\n	<li>снорклинг и аренда всего необходимого снаряжения;</li>\r\n	<li>завтраки, обед и ужин.</li>\r\n</ul>\r\n&nbsp;\r\n\r\n<hr /><br />\r\n<span style=\"font-size:18px;\"><strong>Внимание:</strong></span>\r\n\r\n<p>Тур можно продлить ещё на один день с экскурсиями на запад острова Нуса Пениды. </p>\r\n <p>Стоимость 100$ за двух человек.</p>\r\n',1,1),(24,4,'Базовая',45,'с человека, от 4 человек',0,'<span style=\"font-size:18px;\"><strong>Включено:</strong></span>\r\n<ul>\r\n	<li>русскоговорящий гид;</li>\r\n	<li>водитель;</li>\r\n	<li>авто с кондиционером;</li>\r\n	<li>все входные билеты по маршруту;</li>\r\n	<li>парковки;</li>\r\n        <li>пожертвования;</li>\r\n        <li>минеральная вода.</li>\r\n</ul>\r\n',1,2),(25,4,'Групповой',55,'с человека, группа 2-3 человека',0,'<span style=\"font-size:18px;\"><strong>Включено:</strong></span>\r\n<ul>\r\n	<li>русскоговорящий гид;</li>\r\n	<li>водитель;</li>\r\n	<li>авто с кондиционером;</li>\r\n	<li>все входные билеты по маршруту;</li>\r\n	<li>парковки;</li>\r\n        <li>пожертвования;</li>\r\n        <li>минеральная вода.</li>\r\n</ul>\r\n',1,3),(26,4,'Индивидуальный',85,'с человека, 1 человек',0,'<span style=\"font-size:18px;\"><strong>Включено:</strong></span>\r\n<ul>\r\n	<li>русскоговорящий гид;</li>\r\n	<li>водитель;</li>\r\n	<li>авто с кондиционером;</li>\r\n	<li>все входные билеты по маршруту;</li>\r\n	<li>парковки;</li>\r\n        <li>пожертвования;</li>\r\n        <li>минеральная вода.</li>\r\n</ul>\r\n',1,4),(27,5,'Детский',30,'с человека, дети 5-12 лет',0,'<span style=\"font-size:18px;\"><strong>Включено:</strong></span>\r\n<ul>\r\n	<li>русскоговорящий гид;</li>\r\n	<li>водитель;</li>\r\n	<li>авто с кондиционером;</li>\r\n	<li>все входные билеты по маршруту;</li>\r\n	<li>парковки;</li>\r\n<li>пожертвования;</li>\r\n<li>минеральная вода.</li>\r\n</ul>\r\n&nbsp;\r\n\r\n<hr /><br />\r\n<span style=\"font-size:18px;\"><strong>По желанию вы можете также выбрать:</strong></span>\r\n\r\n<ul>\r\n	<li>храм Бесаких - 10$ c человека;</li>\r\n	<li>храм Лемпуянг - 10$ с человека.</li>\r\n</ul>\r\n',1,1),(28,5,'Базовая',50,'с человека, от 4 человек',0,'<span style=\"font-size:18px;\"><strong>Включено:</strong></span>\r\n<ul>\r\n	<li>русскоговорящий гид;</li>\r\n	<li>водитель;</li>\r\n	<li>авто с кондиционером;</li>\r\n	<li>все входные билеты по маршруту;</li>\r\n	<li>парковки;</li>\r\n<li>пожертвования;</li>\r\n<li>минеральная вода.</li>\r\n</ul>\r\n&nbsp;\r\n\r\n<hr /><br />\r\n<span style=\"font-size:18px;\"><strong>По желанию вы можете также выбрать:</strong></span>\r\n\r\n<ul>\r\n	<li>храм Бесаких - 10$ c человека;</li>\r\n	<li>храм Лемпуянг - 10$ с человека.</li>\r\n</ul>\r\n',1,2),(29,5,'Групповой',60,'с человека, группа 2-3 человека',0,'<span style=\"font-size:18px;\"><strong>Включено:</strong></span>\r\n<ul>\r\n	<li>русскоговорящий гид;</li>\r\n	<li>водитель;</li>\r\n	<li>авто с кондиционером;</li>\r\n	<li>все входные билеты по маршруту;</li>\r\n	<li>парковки;</li>\r\n<li>пожертвования;</li>\r\n<li>минеральная вода.</li>\r\n</ul>\r\n&nbsp;\r\n\r\n<hr /><br />\r\n<span style=\"font-size:18px;\"><strong>По желанию вы можете также выбрать:</strong></span>\r\n\r\n<ul>\r\n	<li>храм Бесаких - 10$ c человека;</li>\r\n	<li>храм Лемпуянг - 10$ с человека.</li>\r\n</ul>\r\n',1,3),(30,5,'Индивидуальный',90,'с человека, 1 человек',0,'<span style=\"font-size:18px;\"><strong>Включено:</strong></span>\r\n<ul>\r\n	<li>русскоговорящий гид;</li>\r\n	<li>водитель;</li>\r\n	<li>авто с кондиционером;</li>\r\n	<li>все входные билеты по маршруту;</li>\r\n	<li>парковки;</li>\r\n<li>пожертвования;</li>\r\n<li>минеральная вода.</li>\r\n</ul>\r\n&nbsp;\r\n\r\n<hr /><br />\r\n<span style=\"font-size:18px;\"><strong>По желанию вы можете также выбрать:</strong></span>\r\n\r\n<ul>\r\n	<li>храм Бесаких - 10$ c человека;</li>\r\n	<li>храм Лемпуянг - 10$ с человека.</li>\r\n</ul>\r\n',1,4),(31,15,'Базовая',110,'с человека,  до 10 человек',0,'<span style=\"font-size:18px;\"><strong>Включено:</strong></span>\r\n<ul>\r\n	<li>брифинг с русскоговорящим инструктором;</li>\r\n	<li>персональный подводный инструктор-гид;</li>\r\n	<li>аренда всего необходимого оборудования;</li>\r\n	<li>два погружения в океан: первое 20-40 минут, второе 30-50 минут​.</li>\r\n</ul>\r\n&nbsp;\r\n\r\n<hr /><br />\r\n<span style=\"font-size:18px;\"><strong>Дополнительно:</strong></span>\r\n\r\n<ul>\r\n	<li>трансфер от отеля и обратно (уточните ваш маршрут с менеджером);</li>\r\n	<li>подводная фото и видео съёмка профессиональным оператором, стоимость - 50$</li>\r\n</ul>\r\n',1,NULL),(32,25,'Детский',40,'с человека, дети 5-12 лет',0,'<span style=\"font-size:18px;\"><strong>Включено:</strong></span>\r\n<ul>\r\n	<li>трансфер из отеля и обратно;</li>\r\n	<li>страховка (50 000$);</li>\r\n	<li>опытный инструктор;</li>\r\n	<li>полная экипировка;</li>\r\n	<li>вкусный обед;</li>\r\n<li>полотенце.</li>\r\n</ul>\r\n&nbsp;\r\n',1,1),(33,25,'Базовая',50,'с человека,  до 10 человек',0,'<span style=\"font-size:18px;\"><strong>Включено:</strong></span>\r\n<ul>\r\n	<li>трансфер из отеля и обратно;</li>\r\n	<li>страховка (50 000$);</li>\r\n	<li>опытный инструктор;</li>\r\n	<li>полная экипировка;</li>\r\n	<li>вкусный обед;</li>\r\n<li>полотенце.</li>\r\n</ul>\r\n&nbsp;\r\n',1,2),(34,26,'Детский',60,'с человека, дети 5-12 лет',0,'<span style=\"font-size:18px;\"><strong>Включено:</strong></span>\r\n<ul>\r\n	<li>трансфер из отеля и обратно;</li>\r\n	<li>входные билеты в парк;</li>\r\n	<li>прогулка на слонах;</li>\r\n	<li>страховка;</li>\r\n	<li>обед.</li>\r\n</ul>\r\n&nbsp;\r\n<span style=\"font-size:18px;\"><strong>Время пик апа:</strong></span>\r\n<ul>\r\n<li>утренний вариант - 07:30-08:30 (в зависимости от района);</li>\r\n<li>дневной вариант - 12:00-14:00 (в зависимости от района).</li>\r\n</ul>\r\n',1,2),(35,26,'Детский',24,'с человека, дети 0-5- лет',0,'<span style=\"font-size:18px;\"><strong>Включено:</strong></span>\r\n<ul>\r\n	<li>трансфер из отеля и обратно;</li>\r\n	<li>входные билеты в парк;</li>\r\n	<li>прогулка на слонах;</li>\r\n	<li>страховка;</li>\r\n	<li>обед.</li>\r\n</ul>\r\n&nbsp;\r\n<span style=\"font-size:18px;\"><strong>Время пик апа:</strong></span>\r\n<ul>\r\n<li>утренний вариант - 07:30-08:30 (в зависимости от района);</li>\r\n<li>дневной вариант - 12:00-14:00 (в зависимости от района).</li>\r\n</ul>\r\n',1,1),(36,26,'Базовая',85,'с человека, 1 человек',0,'<span style=\"font-size:18px;\"><strong>Включено:</strong></span>\r\n<ul>\r\n	<li>трансфер из отеля и обратно;</li>\r\n	<li>входные билеты в парк;</li>\r\n	<li>прогулка на слонах;</li>\r\n	<li>страховка;</li>\r\n	<li>обед.</li>\r\n</ul>\r\n&nbsp;\r\n<span style=\"font-size:18px;\"><strong>Время пик апа:</strong></span>\r\n<ul>\r\n<li>утренний вариант - 07:30-08:30 (в зависимости от района);</li>\r\n<li>дневной вариант - 12:00-14:00 (в зависимости от района).</li>\r\n</ul>',1,3),(37,23,'Базовая',85,'с человека, 1 человек',0,'<span style=\"font-size:18px;\"><strong>Включено:</strong></span>\r\n<ul>\r\n	<li>трансфер из отеля и обратно;</li>\r\n	<li>экипировка;</li>\r\n	<li>инструктор;</li>\r\n	<li>страховка;</li>\r\n<li>минеральная вода;</li>\r\n<li>душ.</li>\r\n</ul>\r\n&nbsp;\r\n<span style=\"font-size:18px;\"><strong>Длительность:</strong></span>\r\n<ul>\r\n<li>1,5-2 часа (6,5 км).</li>\r\n</ul>\r\n<span style=\"font-size:18px;\"><strong>Варианты пик апа:</strong></span>\r\n<ul>\r\n<li>утренний - 07:45-08:00 часов;</li>\r\n<li>дневной - 12:30-12:45 часов</li>\r\n</ul>\r\n\r\n',1,1),(38,23,'Тандем',130,'с 2-х человек',0,'<span style=\"font-size:18px;\"><strong>Включено:</strong></span>\r\n<ul>\r\n	<li>трансфер из отеля и обратно;</li>\r\n	<li>экипировка;</li>\r\n	<li>инструктор;</li>\r\n	<li>страховка;</li>\r\n<li>минеральная вода;</li>\r\n<li>душ.</li>\r\n</ul>\r\n&nbsp;\r\n<span style=\"font-size:18px;\"><strong>Длительность:</strong></span>\r\n<ul>\r\n<li>1,5-2 часа (6,5 км).</li>\r\n</ul>\r\n<span style=\"font-size:18px;\"><strong>Варианты пик апа:</strong></span>\r\n<ul>\r\n<li>утренний - 07:45-08:00 часов;</li>\r\n<li>дневной - 12:30-12:45 часов</li>\r\n</ul>',1,2),(39,24,'Программа №1',80,'с человека (взрослый), 1 человек',0,'<span style=\"font-size:18px;\"><strong>Включено:</strong></span>\r\n<ul>\r\n	<li>трансфер из отеля и обратно;</li>\r\n	<li>ланч;</li>\r\n	<li>минеральная вода;</li>\r\n	<li>профессиональный гид;</li>\r\n	<li>снаряжение;</li>\r\n<li>душ;</li>\r\n<li>страховка.</li>\r\n</ul>',1,2),(40,24,'Программа №1',50,'с человека, дети 5-15 лет',0,'<span style=\"font-size:18px;\"><strong>Включено:</strong></span>\r\n<ul>\r\n	<li>трансфер из отеля и обратно;</li>\r\n	<li>ланч;</li>\r\n	<li>минеральная вода;</li>\r\n	<li>профессиональный гид;</li>\r\n	<li>снаряжение;</li>\r\n<li>душ;</li>\r\n<li>страховка.</li>\r\n</ul>',1,1),(41,24,'Программа №2',60,'с человека (взрослый), 1 человек',0,'<span style=\"font-size:18px;\"><strong>Включено:</strong></span>\r\n<ul>\r\n	<li>трансфер из отеля и обратно;</li>\r\n	<li>ланч;</li>\r\n	<li>минеральная вода;</li>\r\n	<li>профессиональный гид;</li>\r\n	<li>снаряжение;</li>\r\n<li>душ;</li>\r\n<li>страховка.</li>\r\n</ul>',1,4),(42,24,'Программа №2',40,'с человека, дети 5-12 лет',0,'<span style=\"font-size:18px;\"><strong>Включено:</strong></span>\r\n<ul>\r\n	<li>трансфер из отеля и обратно;</li>\r\n	<li>ланч;</li>\r\n	<li>минеральная вода;</li>\r\n	<li>профессиональный гид;</li>\r\n	<li>снаряжение;</li>\r\n<li>душ;</li>\r\n<li>страховка.</li>\r\n</ul>',1,3),(43,16,'Для 2-х человек',135,'с человека, 2 человека',0,'<span style=\"font-size:18px;\"><strong>Включено:</strong></span>\r\n<ul>\r\n	<li>катер, топливо, портовые налоги;</li>\r\n	<li>брифинг;</li>\r\n	<li>снаряжение для плавания: трубка, маска, ласты;</li>\r\n	<li>оборудование для троллинга;</li>\r\n	<li>оборудование для коралловой рыбалки;</li>\r\n        <li>Трансфер из отеля и обратно*.</li>\r\n</ul>\r\n<span style=\"font-size:18px;\"><strong>​В стоимость поездки не входит:</strong></span>\r\n<ul>\r\n<li>приготовление улова;</li>\r\n<li>напитки на борту катера.</li>\r\n</ul>\r\n<span style=\"font-size:18px;\"><strong>​Возьмите с собой:</strong></span>\r\n<ul>\r\n<li>солнцезащитный крем;</li>\r\n<li>футболку для защиты от солнца;</li>\r\n<li>головной убор;</li>\r\n<li>солнечные очки;</li>\r\n<li>полотенце;</li>\r\n<li>отличное настроение!</li>\r\n</ul>',1,5),(44,16,'Для 3-х человек',110,'с человека, 3 человека',0,'<span style=\"font-size:18px;\"><strong>Включено:</strong></span>\r\n<ul>\r\n	<li>катер, топливо, портовые налоги;</li>\r\n	<li>брифинг;</li>\r\n	<li>снаряжение для плавания: трубка, маска, ласты;</li>\r\n	<li>оборудование для троллинга;</li>\r\n	<li>оборудование для коралловой рыбалки;</li>\r\n        <li>Трансфер из отеля и обратно*.</li>\r\n</ul>\r\n<span style=\"font-size:18px;\"><strong>​В стоимость поездки не входит:</strong></span>\r\n<ul>\r\n<li>приготовление улова;</li>\r\n<li>напитки на борту катера.</li>\r\n</ul>\r\n<span style=\"font-size:18px;\"><strong>​Возьмите с собой:</strong></span>\r\n<ul>\r\n<li>солнцезащитный крем;</li>\r\n<li>футболку для защиты от солнца;</li>\r\n<li>головной убор;</li>\r\n<li>солнечные очки;</li>\r\n<li>полотенце;</li>\r\n<li>отличное настроение!</li>\r\n</ul>',1,4),(45,16,'Для 4-х человек',85,'с человека, 4 человека',0,'<span style=\"font-size:18px;\"><strong>Включено:</strong></span>\r\n<ul>\r\n	<li>катер, топливо, портовые налоги;</li>\r\n	<li>брифинг;</li>\r\n	<li>снаряжение для плавания: трубка, маска, ласты;</li>\r\n	<li>оборудование для троллинга;</li>\r\n	<li>оборудование для коралловой рыбалки;</li>\r\n        <li>Трансфер из отеля и обратно*.</li>\r\n</ul>\r\n<span style=\"font-size:18px;\"><strong>​В стоимость поездки не входит:</strong></span>\r\n<ul>\r\n<li>приготовление улова;</li>\r\n<li>напитки на борту катера.</li>\r\n</ul>\r\n<span style=\"font-size:18px;\"><strong>​Возьмите с собой:</strong></span>\r\n<ul>\r\n<li>солнцезащитный крем;</li>\r\n<li>футболку для защиты от солнца;</li>\r\n<li>головной убор;</li>\r\n<li>солнечные очки;</li>\r\n<li>полотенце;</li>\r\n<li>отличное настроение!</li>\r\n</ul>',1,3),(46,16,'Для 5-ти человек',70,'с человека, 5 человек',0,'<span style=\"font-size:18px;\"><strong>Включено:</strong></span>\r\n<ul>\r\n	<li>катер, топливо, портовые налоги;</li>\r\n	<li>брифинг;</li>\r\n	<li>снаряжение для плавания: трубка, маска, ласты;</li>\r\n	<li>оборудование для троллинга;</li>\r\n	<li>оборудование для коралловой рыбалки;</li>\r\n        <li>Трансфер из отеля и обратно*.</li>\r\n</ul>\r\n<span style=\"font-size:18px;\"><strong>​В стоимость поездки не входит:</strong></span>\r\n<ul>\r\n<li>приготовление улова;</li>\r\n<li>напитки на борту катера.</li>\r\n</ul>\r\n<span style=\"font-size:18px;\"><strong>​Возьмите с собой:</strong></span>\r\n<ul>\r\n<li>солнцезащитный крем;</li>\r\n<li>футболку для защиты от солнца;</li>\r\n<li>головной убор;</li>\r\n<li>солнечные очки;</li>\r\n<li>полотенце;</li>\r\n<li>отличное настроение!</li>\r\n</ul>',1,2),(47,16,'Для 6-ти человек',60,'с человека, 6 человек',0,'<span style=\"font-size:18px;\"><strong>Включено:</strong></span>\r\n<ul>\r\n	<li>катер, топливо, портовые налоги;</li>\r\n	<li>брифинг;</li>\r\n	<li>снаряжение для плавания: трубка, маска, ласты;</li>\r\n	<li>оборудование для троллинга;</li>\r\n	<li>оборудование для коралловой рыбалки;</li>\r\n        <li>Трансфер из отеля и обратно*.</li>\r\n</ul>\r\n<span style=\"font-size:18px;\"><strong>​В стоимость поездки не входит:</strong></span>\r\n<ul>\r\n<li>приготовление улова;</li>\r\n<li>напитки на борту катера.</li>\r\n</ul>\r\n<span style=\"font-size:18px;\"><strong>​Возьмите с собой:</strong></span>\r\n<ul>\r\n<li>солнцезащитный крем;</li>\r\n<li>футболку для защиты от солнца;</li>\r\n<li>головной убор;</li>\r\n<li>солнечные очки;</li>\r\n<li>полотенце;</li>\r\n<li>отличное настроение!</li>\r\n</ul>',1,1),(48,9,'Стандарт',60,'с человека, от 4 до 5 человек',0,'<span style=\"font-size:18px;\"><strong>Включено:</strong></span>\r\n<ul>\r\n	<li>трансфер из отеля;</li>\r\n	<li>входные билет в храм Танах Лот;</li>\r\n	<li>водопад Гит Гит;</li>\r\n	<li>входной билет в храм Улан Дану;</li>\r\n	<li>заброшенный отель;</li>\r\n<li>трансфер в отель.</li>\r\n</ul>\r\n&nbsp;\r\n<hr /><br />\r\n<span style=\"font-size:18px;\"><strong>Внимание:</strong></span>\r\n\r\n<p>В стоимость билета не включено питание и сувениры</p>',1,1),(49,9,'Стандарт +',75,'с человека, от 2 до 3 человек',0,'<span style=\"font-size:18px;\"><strong>Включено:</strong></span>\r\n<ul>\r\n	<li>трансфер из отеля;</li>\r\n	<li>входные билет в храм Танах Лот;</li>\r\n	<li>водопад Гит Гит;</li>\r\n	<li>входной билет в храм Улан Дану;</li>\r\n	<li>заброшенный отель;</li>\r\n<li>трансфер в отель.</li>\r\n</ul>\r\n&nbsp;\r\n<hr /><br />\r\n<span style=\"font-size:18px;\"><strong>Внимание:</strong></span>\r\n\r\n<p>В стоимость билета не включено питание и сувениры</p>',1,2),(50,9,'Индивидуальный',190,'за группу до 5 человек',0,'<span style=\"font-size:18px;\"><strong>Включено:</strong></span>\r\n<ul>\r\n	<li>трансфер из отеля;</li>\r\n	<li>входные билет в храм Танах Лот;</li>\r\n	<li>Вводопад Гит Гит;</li>\r\n	<li>входной билет в храм Улан Дану;</li>\r\n	<li>заброшенный отель;</li>\r\n<li>трансфер в отель.</li>\r\n</ul>\r\n&nbsp;\r\n<hr /><br />\r\n<span style=\"font-size:18px;\"><strong>Внимание:</strong></span>',1,3),(51,20,'Базовая',50,'с человека, от 4 человек',0,'<span style=\"font-size:18px;\"><strong>Включено:</strong></span>\r\n<ul>\r\n	<li>русскоговорящий гид;</li>\r\n	<li>водитель;</li>\r\n	<li>авто с кондиционером;</li>\r\n	<li>все входные билеты по маршруту;</li>\r\n	<li>парковки;</li>\r\n<li>пожертвования;</li>\r\n<li>минеральная вода.</li>\r\n</ul>\r\n&nbsp;',1,NULL);

/*Table structure for table `tours_type` */

DROP TABLE IF EXISTS `tours_type`;

CREATE TABLE `tours_type` (
  `id` int(11) NOT NULL AUTO_INCREMENT,
  `title` varchar(255) NOT NULL COMMENT 'Название категории',
  PRIMARY KEY (`id`)
) ENGINE=InnoDB AUTO_INCREMENT=5 DEFAULT CHARSET=utf8;

/*Data for the table `tours_type` */

insert  into `tours_type`(`id`,`title`) values (1,'Активные отдых'),(2,'Водные туры'),(3,'Острова'),(4,'Однодневные туры');

/*Table structure for table `widget` */

DROP TABLE IF EXISTS `widget`;

CREATE TABLE `widget` (
  `id` int(11) NOT NULL AUTO_INCREMENT,
  `name` varchar(255) NOT NULL COMMENT 'Название',
  PRIMARY KEY (`id`),
  UNIQUE KEY `name` (`name`)
) ENGINE=InnoDB AUTO_INCREMENT=4 DEFAULT CHARSET=utf8;

/*Data for the table `widget` */

insert  into `widget`(`id`,`name`) values (1,'carousel'),(2,'reviews'),(3,'tours');

/*Table structure for table `widget_data` */

DROP TABLE IF EXISTS `widget_data`;

CREATE TABLE `widget_data` (
  `id` int(11) NOT NULL AUTO_INCREMENT,
  `widget_id` int(11) DEFAULT NULL COMMENT 'Индификатор',
  `data` text COMMENT 'Содержимое',
  PRIMARY KEY (`id`),
  KEY `widget_id` (`widget_id`),
  CONSTRAINT `widget_data_ibfk_1` FOREIGN KEY (`widget_id`) REFERENCES `widget` (`id`) ON DELETE CASCADE
) ENGINE=InnoDB AUTO_INCREMENT=7 DEFAULT CHARSET=utf8;

/*Data for the table `widget_data` */

insert  into `widget_data`(`id`,`widget_id`,`data`) values (1,1,'<h1 class=\"text-white\">Выбери свое Бали</h1>\n'),(2,1,'<p class=\"h6 text-white\">Мы предлагаем самые интересные Туры и Экскурсии на о.Бали</p>\n'),(3,2,'<h3>Отзывы наших клиентов</h3>\n'),(4,2,'<p>Our clients&#39; testimonials are the best proof of our high level of service</p>\n'),(5,3,'<h3>Самые популярные</h3>\n'),(6,3,'<p>Ознакомтесь с нашими Самыми Популярными Турами</p>');

/*!40101 SET SQL_MODE=@OLD_SQL_MODE */;
/*!40014 SET FOREIGN_KEY_CHECKS=@OLD_FOREIGN_KEY_CHECKS */;
/*!40014 SET UNIQUE_CHECKS=@OLD_UNIQUE_CHECKS */;
/*!40111 SET SQL_NOTES=@OLD_SQL_NOTES */;
